#2026 06 07 21:32:29.429#Z#DEBUG#45480c39-62b8-11f1-9935-eeee0a9a8a76.approval-inbox-srv#flowable-async-job-executor-thread-5048#
[PollStageAppStatusExecution] 37a43f7b-a5fe-4f9c-80a8-893c34eca6ba [2026-06-07T21:31:44.793516] Added process: "web" (STDOUT, API)#
#2026 06 07 21:32:29.429#Z#DEBUG#45480c39-62b8-11f1-9935-eeee0a9a8a76.approval-inbox-srv#flowable-async-job-executor-thread-5048#
[PollStageAppStatusExecution] 37a43f7b-a5fe-4f9c-80a8-893c34eca6ba [2026-06-07T21:31:44.800135] Created app with guid 37a43f7b-a5fe-4f9c-80a8-893c34eca6ba (STDOUT, API)#
#2026 06 07 21:32:29.429#Z#DEBUG#45480c39-62b8-11f1-9935-eeee0a9a8a76.approval-inbox-srv#flowable-async-job-executor-thread-5048#
[PollStageAppStatusExecution] 37a43f7b-a5fe-4f9c-80a8-893c34eca6ba [2026-06-07T21:31:44.910557] Updating process: "web" (STDOUT, API)#
#2026 06 07 21:32:29.429#Z#DEBUG#45480c39-62b8-11f1-9935-eeee0a9a8a76.approval-inbox-srv#flowable-async-job-executor-thread-5048#
[PollStageAppStatusExecution] 37a43f7b-a5fe-4f9c-80a8-893c34eca6ba [2026-06-07T21:31:44.992077] Scaling process: "web" (STDOUT, API)#
#2026 06 07 21:32:29.429#Z#DEBUG#45480c39-62b8-11f1-9935-eeee0a9a8a76.approval-inbox-srv#flowable-async-job-executor-thread-5048#
[PollStageAppStatusExecution] 37a43f7b-a5fe-4f9c-80a8-893c34eca6ba [2026-06-07T21:32:10.159843] Uploading app package for app with guid 37a43f7b-a5fe-4f9c-80a8-893c34eca6ba (STDOUT, API)#
#2026 06 07 21:32:29.429#Z#DEBUG#45480c39-62b8-11f1-9935-eeee0a9a8a76.approval-inbox-srv#flowable-async-job-executor-thread-5048#
[PollStageAppStatusExecution] 37a43f7b-a5fe-4f9c-80a8-893c34eca6ba [2026-06-07T21:32:10.379240] Updated app with guid 37a43f7b-a5fe-4f9c-80a8-893c34eca6ba ({"environment_variables"=>"[PRIVATE DATA HIDDEN]"}) (STDOUT, API)#
#2026 06 07 21:32:29.429#Z#DEBUG#45480c39-62b8-11f1-9935-eeee0a9a8a76.approval-inbox-srv#flowable-async-job-executor-thread-5048#
[PollStageAppStatusExecution] 37a43f7b-a5fe-4f9c-80a8-893c34eca6ba [2026-06-07T21:32:19.645769] Creating build for app with guid 37a43f7b-a5fe-4f9c-80a8-893c34eca6ba (STDOUT, API)#
#2026 06 07 21:32:29.429#Z#DEBUG#45480c39-62b8-11f1-9935-eeee0a9a8a76.approval-inbox-srv#flowable-async-job-executor-thread-5048#
[PollStageAppStatusExecution] 37a43f7b-a5fe-4f9c-80a8-893c34eca6ba [2026-06-07T21:32:19.938188] Downloading nodejs_buildpack... (STDOUT, STG)#
#2026 06 07 21:32:29.429#Z#DEBUG#45480c39-62b8-11f1-9935-eeee0a9a8a76.approval-inbox-srv#flowable-async-job-executor-thread-5048#
[PollStageAppStatusExecution] 37a43f7b-a5fe-4f9c-80a8-893c34eca6ba [2026-06-07T21:32:19.970334] Downloaded nodejs_buildpack (STDOUT, STG)#
#2026 06 07 21:32:29.429#Z#DEBUG#45480c39-62b8-11f1-9935-eeee0a9a8a76.approval-inbox-srv#flowable-async-job-executor-thread-5048#
[PollStageAppStatusExecution] 37a43f7b-a5fe-4f9c-80a8-893c34eca6ba [2026-06-07T21:32:19.970413] Cell 1ea14514-f0fe-461c-9aa9-a53bbe093b00 creating container for instance 651003d6-180e-478f-afae-22f354f2730b (STDOUT, STG)#
#2026 06 07 21:32:29.429#Z#DEBUG#45480c39-62b8-11f1-9935-eeee0a9a8a76.approval-inbox-srv#flowable-async-job-executor-thread-5048#
[PollStageAppStatusExecution] 37a43f7b-a5fe-4f9c-80a8-893c34eca6ba [2026-06-07T21:32:20.827467] Security group rules were updated (STDOUT, STG)#
#2026 06 07 21:32:29.429#Z#DEBUG#45480c39-62b8-11f1-9935-eeee0a9a8a76.approval-inbox-srv#flowable-async-job-executor-thread-5048#
[PollStageAppStatusExecution] 37a43f7b-a5fe-4f9c-80a8-893c34eca6ba [2026-06-07T21:32:20.933319] Cell 1ea14514-f0fe-461c-9aa9-a53bbe093b00 successfully created container for instance 651003d6-180e-478f-afae-22f354f2730b (STDOUT, STG)#
#2026 06 07 21:32:29.429#Z#DEBUG#45480c39-62b8-11f1-9935-eeee0a9a8a76.approval-inbox-srv#flowable-async-job-executor-thread-5048#
[PollStageAppStatusExecution] 37a43f7b-a5fe-4f9c-80a8-893c34eca6ba [2026-06-07T21:32:21.966817] Downloading app package... (STDOUT, STG)#
#2026 06 07 21:32:29.429#Z#DEBUG#45480c39-62b8-11f1-9935-eeee0a9a8a76.approval-inbox-srv#flowable-async-job-executor-thread-5048#
[PollStageAppStatusExecution] 37a43f7b-a5fe-4f9c-80a8-893c34eca6ba [2026-06-07T21:32:23.273696] Downloaded app package (13.9M) (STDOUT, STG)#
#2026 06 07 21:32:29.429#Z#DEBUG#45480c39-62b8-11f1-9935-eeee0a9a8a76.approval-inbox-srv#flowable-async-job-executor-thread-5048#
[PollStageAppStatusExecution] 37a43f7b-a5fe-4f9c-80a8-893c34eca6ba [2026-06-07T21:32:23.393529] -----> Nodejs Buildpack version 1.8.44 (STDOUT, STG)#
#2026 06 07 21:32:29.429#Z#DEBUG#45480c39-62b8-11f1-9935-eeee0a9a8a76.approval-inbox-srv#flowable-async-job-executor-thread-5048#
[PollStageAppStatusExecution] 37a43f7b-a5fe-4f9c-80a8-893c34eca6ba [2026-06-07T21:32:23.753525] -----> Bootstrapping python (STDOUT, STG)#
#2026 06 07 21:32:29.429#Z#DEBUG#45480c39-62b8-11f1-9935-eeee0a9a8a76.approval-inbox-srv#flowable-async-job-executor-thread-5048#
[PollStageAppStatusExecution] 37a43f7b-a5fe-4f9c-80a8-893c34eca6ba [2026-06-07T21:32:23.753543] -----> Installing python 3.11.14 (STDOUT, STG)#
#2026 06 07 21:32:29.429#Z#DEBUG#45480c39-62b8-11f1-9935-eeee0a9a8a76.approval-inbox-srv#flowable-async-job-executor-thread-5048#
[PollStageAppStatusExecution] 37a43f7b-a5fe-4f9c-80a8-893c34eca6ba [2026-06-07T21:32:23.753692] Copy [/tmp/buildpacks/ee597f2be8090397/dependencies/b5e0345ae0ae1932e7d56fffaa49a487/python_3.11.14_linux_x64_cflinuxfs4_66f53248.tgz] (STDOUT, STG)#
#2026 06 07 21:32:39.428#Z#DEBUG#45480c39-62b8-11f1-9935-eeee0a9a8a76.approval-inbox-srv#flowable-async-job-executor-thread-5051#
[PollStageAppStatusExecution] 37a43f7b-a5fe-4f9c-80a8-893c34eca6ba [2026-06-07T21:32:29.151851] -----> Installing binaries (STDOUT, STG)#
#2026 06 07 21:32:39.428#Z#DEBUG#45480c39-62b8-11f1-9935-eeee0a9a8a76.approval-inbox-srv#flowable-async-job-executor-thread-5051#
[PollStageAppStatusExecution] 37a43f7b-a5fe-4f9c-80a8-893c34eca6ba [2026-06-07T21:32:29.151989] engines.node (package.json): >=20 (STDOUT, STG)#
#2026 06 07 21:32:39.428#Z#DEBUG#45480c39-62b8-11f1-9935-eeee0a9a8a76.approval-inbox-srv#flowable-async-job-executor-thread-5051#
[PollStageAppStatusExecution] 37a43f7b-a5fe-4f9c-80a8-893c34eca6ba [2026-06-07T21:32:29.151999] engines.npm (package.json): unspecified (use default) (STDOUT, STG)#
#2026 06 07 21:32:39.428#Z#DEBUG#45480c39-62b8-11f1-9935-eeee0a9a8a76.approval-inbox-srv#flowable-async-job-executor-thread-5051#
[PollStageAppStatusExecution] 37a43f7b-a5fe-4f9c-80a8-893c34eca6ba [2026-06-07T21:32:29.152139] [31;1m**WARNING**[0m Dangerous semver range (>) in engines.node. See: http://docs.cloudfoundry.org/buildpacks/node/node-tips.html (STDOUT, STG)#
#2026 06 07 21:32:39.428#Z#DEBUG#45480c39-62b8-11f1-9935-eeee0a9a8a76.approval-inbox-srv#flowable-async-job-executor-thread-5051#
[PollStageAppStatusExecution] 37a43f7b-a5fe-4f9c-80a8-893c34eca6ba [2026-06-07T21:32:29.152429] -----> Installing node 24.13.0 (STDOUT, STG)#
#2026 06 07 21:32:39.428#Z#DEBUG#45480c39-62b8-11f1-9935-eeee0a9a8a76.approval-inbox-srv#flowable-async-job-executor-thread-5051#
[PollStageAppStatusExecution] 37a43f7b-a5fe-4f9c-80a8-893c34eca6ba [2026-06-07T21:32:29.152744] Copy [/tmp/buildpacks/ee597f2be8090397/dependencies/2f5692219fecc3eee6e6d507a6bfe7b9/node_24.13.0_linux_x64_cflinuxfs4_a816dee1.tgz] (STDOUT, STG)#
#2026 06 07 21:32:39.428#Z#DEBUG#45480c39-62b8-11f1-9935-eeee0a9a8a76.approval-inbox-srv#flowable-async-job-executor-thread-5051#
[PollStageAppStatusExecution] 37a43f7b-a5fe-4f9c-80a8-893c34eca6ba [2026-06-07T21:32:32.471585] Using default npm version: 11.6.2 (STDOUT, STG)#
#2026 06 07 21:32:39.428#Z#DEBUG#45480c39-62b8-11f1-9935-eeee0a9a8a76.approval-inbox-srv#flowable-async-job-executor-thread-5051#
[PollStageAppStatusExecution] 37a43f7b-a5fe-4f9c-80a8-893c34eca6ba [2026-06-07T21:32:32.471792] -----> Installing yarn 1.22.22 (STDOUT, STG)#
#2026 06 07 21:32:39.428#Z#DEBUG#45480c39-62b8-11f1-9935-eeee0a9a8a76.approval-inbox-srv#flowable-async-job-executor-thread-5051#
[PollStageAppStatusExecution] 37a43f7b-a5fe-4f9c-80a8-893c34eca6ba [2026-06-07T21:32:32.472087] Copy [/tmp/buildpacks/ee597f2be8090397/dependencies/e3a39aedd1236924d69cc2d0637a8ed2/yarn_1.22.22_linux_noarch_any-stack_4911d0a6.tgz] (STDOUT, STG)#
#2026 06 07 21:32:39.428#Z#DEBUG#45480c39-62b8-11f1-9935-eeee0a9a8a76.approval-inbox-srv#flowable-async-job-executor-thread-5051#
[PollStageAppStatusExecution] 37a43f7b-a5fe-4f9c-80a8-893c34eca6ba [2026-06-07T21:32:32.937964] Installed yarn 1.22.22 (STDOUT, STG)#
#2026 06 07 21:32:39.428#Z#DEBUG#45480c39-62b8-11f1-9935-eeee0a9a8a76.approval-inbox-srv#flowable-async-job-executor-thread-5051#
[PollStageAppStatusExecution] 37a43f7b-a5fe-4f9c-80a8-893c34eca6ba [2026-06-07T21:32:32.938035] -----> Creating runtime environment (STDOUT, STG)#
#2026 06 07 21:32:39.428#Z#DEBUG#45480c39-62b8-11f1-9935-eeee0a9a8a76.approval-inbox-srv#flowable-async-job-executor-thread-5051#
[PollStageAppStatusExecution] 37a43f7b-a5fe-4f9c-80a8-893c34eca6ba [2026-06-07T21:32:32.940381] NODE_ENV=production (STDOUT, STG)#
#2026 06 07 21:32:39.428#Z#DEBUG#45480c39-62b8-11f1-9935-eeee0a9a8a76.approval-inbox-srv#flowable-async-job-executor-thread-5051#
[PollStageAppStatusExecution] 37a43f7b-a5fe-4f9c-80a8-893c34eca6ba [2026-06-07T21:32:32.940391] NODE_HOME=/tmp/contents373342479/deps/0/node (STDOUT, STG)#
#2026 06 07 21:32:39.428#Z#DEBUG#45480c39-62b8-11f1-9935-eeee0a9a8a76.approval-inbox-srv#flowable-async-job-executor-thread-5051#
[PollStageAppStatusExecution] 37a43f7b-a5fe-4f9c-80a8-893c34eca6ba [2026-06-07T21:32:32.940418] NODE_MODULES_CACHE=true (STDOUT, STG)#
#2026 06 07 21:32:39.428#Z#DEBUG#45480c39-62b8-11f1-9935-eeee0a9a8a76.approval-inbox-srv#flowable-async-job-executor-thread-5051#
[PollStageAppStatusExecution] 37a43f7b-a5fe-4f9c-80a8-893c34eca6ba [2026-06-07T21:32:32.940475] NODE_VERBOSE=false (STDOUT, STG)#
#2026 06 07 21:32:39.428#Z#DEBUG#45480c39-62b8-11f1-9935-eeee0a9a8a76.approval-inbox-srv#flowable-async-job-executor-thread-5051#
[PollStageAppStatusExecution] 37a43f7b-a5fe-4f9c-80a8-893c34eca6ba [2026-06-07T21:32:32.940485] NPM_CONFIG_LOGLEVEL=error (STDOUT, STG)#
#2026 06 07 21:32:39.428#Z#DEBUG#45480c39-62b8-11f1-9935-eeee0a9a8a76.approval-inbox-srv#flowable-async-job-executor-thread-5051#
[PollStageAppStatusExecution] 37a43f7b-a5fe-4f9c-80a8-893c34eca6ba [2026-06-07T21:32:32.940490] NPM_CONFIG_PRODUCTION=true (STDOUT, STG)#
#2026 06 07 21:32:39.428#Z#DEBUG#45480c39-62b8-11f1-9935-eeee0a9a8a76.approval-inbox-srv#flowable-async-job-executor-thread-5051#
[PollStageAppStatusExecution] 37a43f7b-a5fe-4f9c-80a8-893c34eca6ba [2026-06-07T21:32:32.940660] -----> Building dependencies (STDOUT, STG)#
#2026 06 07 21:32:39.428#Z#DEBUG#45480c39-62b8-11f1-9935-eeee0a9a8a76.approval-inbox-srv#flowable-async-job-executor-thread-5051#
[PollStageAppStatusExecution] 37a43f7b-a5fe-4f9c-80a8-893c34eca6ba [2026-06-07T21:32:32.940670] Prebuild detected (node_modules already exists) (STDOUT, STG)#
#2026 06 07 21:32:39.428#Z#DEBUG#45480c39-62b8-11f1-9935-eeee0a9a8a76.approval-inbox-srv#flowable-async-job-executor-thread-5051#
[PollStageAppStatusExecution] 37a43f7b-a5fe-4f9c-80a8-893c34eca6ba [2026-06-07T21:32:32.940784] Rebuilding any native modules (STDOUT, STG)#
#2026 06 07 21:32:39.428#Z#DEBUG#45480c39-62b8-11f1-9935-eeee0a9a8a76.approval-inbox-srv#flowable-async-job-executor-thread-5051#
[PollStageAppStatusExecution] 37a43f7b-a5fe-4f9c-80a8-893c34eca6ba [2026-06-07T21:32:34.388419] rebuilt dependencies successfully (STDOUT, STG)#
#2026 06 07 21:32:39.428#Z#DEBUG#45480c39-62b8-11f1-9935-eeee0a9a8a76.approval-inbox-srv#flowable-async-job-executor-thread-5051#
[PollStageAppStatusExecution] 37a43f7b-a5fe-4f9c-80a8-893c34eca6ba [2026-06-07T21:32:34.476101] Installing any new modules (package.json + package-lock.json) (STDOUT, STG)#
#2026 06 07 21:32:39.428#Z#DEBUG#45480c39-62b8-11f1-9935-eeee0a9a8a76.approval-inbox-srv#flowable-async-job-executor-thread-5051#
[PollStageAppStatusExecution] 37a43f7b-a5fe-4f9c-80a8-893c34eca6ba [2026-06-07T21:32:35.854351] up to date in 1s (STDOUT, STG)#
#2026 06 07 21:32:39.428#Z#DEBUG#45480c39-62b8-11f1-9935-eeee0a9a8a76.approval-inbox-srv#flowable-async-job-executor-thread-5051#
[PollStageAppStatusExecution] 37a43f7b-a5fe-4f9c-80a8-893c34eca6ba [2026-06-07T21:32:36.934552] Contrast Security no credentials found. Will not write environment files. (STDOUT, STG)#
#2026 06 07 21:32:59.528#Z#DEBUG#45480c39-62b8-11f1-9935-eeee0a9a8a76.approval-inbox-srv#flowable-async-job-executor-thread-5059#
[PollStageAppStatusExecution] 37a43f7b-a5fe-4f9c-80a8-893c34eca6ba [2026-06-07T21:32:52.031604] Exit status 0 (STDOUT, STG)#
#2026 06 07 21:32:59.528#Z#DEBUG#45480c39-62b8-11f1-9935-eeee0a9a8a76.approval-inbox-srv#flowable-async-job-executor-thread-5059#
[PollStageAppStatusExecution] 37a43f7b-a5fe-4f9c-80a8-893c34eca6ba [2026-06-07T21:32:52.031657] Uploading droplet, build artifacts cache... (STDOUT, STG)#
#2026 06 07 21:32:59.528#Z#DEBUG#45480c39-62b8-11f1-9935-eeee0a9a8a76.approval-inbox-srv#flowable-async-job-executor-thread-5059#
[PollStageAppStatusExecution] 37a43f7b-a5fe-4f9c-80a8-893c34eca6ba [2026-06-07T21:32:52.031704] Uploading droplet... (STDOUT, STG)#
#2026 06 07 21:32:59.528#Z#DEBUG#45480c39-62b8-11f1-9935-eeee0a9a8a76.approval-inbox-srv#flowable-async-job-executor-thread-5059#
[PollStageAppStatusExecution] 37a43f7b-a5fe-4f9c-80a8-893c34eca6ba [2026-06-07T21:32:52.031844] Uploading build artifacts cache... (STDOUT, STG)#
#2026 06 07 21:32:59.528#Z#DEBUG#45480c39-62b8-11f1-9935-eeee0a9a8a76.approval-inbox-srv#flowable-async-job-executor-thread-5059#
[PollStageAppStatusExecution] 37a43f7b-a5fe-4f9c-80a8-893c34eca6ba [2026-06-07T21:32:52.073636] Uploaded build artifacts cache (217B) (STDOUT, STG)#
#2026 06 07 21:32:59.528#Z#DEBUG#45480c39-62b8-11f1-9935-eeee0a9a8a76.approval-inbox-srv#flowable-async-job-executor-thread-5059#
[PollStageAppStatusExecution] 37a43f7b-a5fe-4f9c-80a8-893c34eca6ba [2026-06-07T21:32:53.160797] Creating droplet for app with guid 37a43f7b-a5fe-4f9c-80a8-893c34eca6ba (STDOUT, API)#
#2026 06 07 21:32:59.528#Z#DEBUG#45480c39-62b8-11f1-9935-eeee0a9a8a76.approval-inbox-srv#flowable-async-job-executor-thread-5059#
[PollStageAppStatusExecution] 37a43f7b-a5fe-4f9c-80a8-893c34eca6ba [2026-06-07T21:32:54.259850] Uploaded droplet (70.4M) (STDOUT, STG)#
#2026 06 07 21:32:59.528#Z#DEBUG#45480c39-62b8-11f1-9935-eeee0a9a8a76.approval-inbox-srv#flowable-async-job-executor-thread-5059#
[PollStageAppStatusExecution] 37a43f7b-a5fe-4f9c-80a8-893c34eca6ba [2026-06-07T21:32:54.299532] Uploading complete (STDOUT, STG)#
#2026 06 07 21:32:59.528#Z#DEBUG#45480c39-62b8-11f1-9935-eeee0a9a8a76.approval-inbox-srv#flowable-async-job-executor-thread-5059#
[PollStageAppStatusExecution] 37a43f7b-a5fe-4f9c-80a8-893c34eca6ba [2026-06-07T21:32:56.000772] Cell 1ea14514-f0fe-461c-9aa9-a53bbe093b00 stopping instance 651003d6-180e-478f-afae-22f354f2730b (STDOUT, STG)#
#2026 06 07 21:32:59.528#Z#DEBUG#45480c39-62b8-11f1-9935-eeee0a9a8a76.approval-inbox-srv#flowable-async-job-executor-thread-5059#
[PollStageAppStatusExecution] 37a43f7b-a5fe-4f9c-80a8-893c34eca6ba [2026-06-07T21:32:56.000809] Cell 1ea14514-f0fe-461c-9aa9-a53bbe093b00 destroying container for instance 651003d6-180e-478f-afae-22f354f2730b (STDOUT, STG)#
#2026 06 07 21:32:59.528#Z#DEBUG#45480c39-62b8-11f1-9935-eeee0a9a8a76.approval-inbox-srv#flowable-async-job-executor-thread-5059#
[PollStageAppStatusExecution] 37a43f7b-a5fe-4f9c-80a8-893c34eca6ba [2026-06-07T21:32:56.068288] Staging complete for build 651003d6-180e-478f-afae-22f354f2730b (STDOUT, API)#
#2026 06 07 21:33:09.595#Z#DEBUG#45480c39-62b8-11f1-9935-eeee0a9a8a76.approval-inbox-srv#flowable-async-job-executor-thread-1495#
[PollStartAppStatusExecution] 37a43f7b-a5fe-4f9c-80a8-893c34eca6ba [2026-06-07T21:32:59.609097] Updated app with guid 37a43f7b-a5fe-4f9c-80a8-893c34eca6ba ({:droplet_guid=>"16893d4a-ca16-42a2-acbd-6003810bc8e6"}) (STDOUT, API)#
#2026 06 07 21:33:09.595#Z#DEBUG#45480c39-62b8-11f1-9935-eeee0a9a8a76.approval-inbox-srv#flowable-async-job-executor-thread-1495#
[PollStartAppStatusExecution] 37a43f7b-a5fe-4f9c-80a8-893c34eca6ba [2026-06-07T21:32:59.853752] Creating revision for app with guid 37a43f7b-a5fe-4f9c-80a8-893c34eca6ba (STDOUT, API)#
#2026 06 07 21:33:09.595#Z#DEBUG#45480c39-62b8-11f1-9935-eeee0a9a8a76.approval-inbox-srv#flowable-async-job-executor-thread-1495#
[PollStartAppStatusExecution] 37a43f7b-a5fe-4f9c-80a8-893c34eca6ba [2026-06-07T21:32:59.905990] Starting app with guid 37a43f7b-a5fe-4f9c-80a8-893c34eca6ba (STDOUT, API)#
#2026 06 07 21:33:09.595#Z#DEBUG#45480c39-62b8-11f1-9935-eeee0a9a8a76.approval-inbox-srv#flowable-async-job-executor-thread-1495#
[PollStartAppStatusExecution] 37a43f7b-a5fe-4f9c-80a8-893c34eca6ba [2026-06-07T21:33:00.107509] Cell 1ea14514-f0fe-461c-9aa9-a53bbe093b00 successfully destroyed container for instance 651003d6-180e-478f-afae-22f354f2730b (STDOUT, STG)#
#2026 06 07 21:33:09.595#Z#DEBUG#45480c39-62b8-11f1-9935-eeee0a9a8a76.approval-inbox-srv#flowable-async-job-executor-thread-1495#
[PollStartAppStatusExecution] 37a43f7b-a5fe-4f9c-80a8-893c34eca6ba [2026-06-07T21:33:00.191967] Cell 1ea14514-f0fe-461c-9aa9-a53bbe093b00 creating container for instance f97450b4-7dad-4b9c-4660-9d75 (STDOUT, CELL)#
#2026 06 07 21:33:09.595#Z#DEBUG#45480c39-62b8-11f1-9935-eeee0a9a8a76.approval-inbox-srv#flowable-async-job-executor-thread-1495#
[PollStartAppStatusExecution] 37a43f7b-a5fe-4f9c-80a8-893c34eca6ba [2026-06-07T21:33:01.102785] Security group rules were updated (STDOUT, CELL)#
#2026 06 07 21:33:09.595#Z#DEBUG#45480c39-62b8-11f1-9935-eeee0a9a8a76.approval-inbox-srv#flowable-async-job-executor-thread-1495#
[PollStartAppStatusExecution] 37a43f7b-a5fe-4f9c-80a8-893c34eca6ba [2026-06-07T21:33:01.208819] Cell 1ea14514-f0fe-461c-9aa9-a53bbe093b00 successfully created container for instance f97450b4-7dad-4b9c-4660-9d75 (STDOUT, CELL)#
#2026 06 07 21:33:09.595#Z#DEBUG#45480c39-62b8-11f1-9935-eeee0a9a8a76.approval-inbox-srv#flowable-async-job-executor-thread-1495#
[PollStartAppStatusExecution] 37a43f7b-a5fe-4f9c-80a8-893c34eca6ba [2026-06-07T21:33:01.762899] Downloading droplet... (STDOUT, CELL)#
#2026 06 07 21:33:09.595#Z#DEBUG#45480c39-62b8-11f1-9935-eeee0a9a8a76.approval-inbox-srv#flowable-async-job-executor-thread-1495#
[PollStartAppStatusExecution] 37a43f7b-a5fe-4f9c-80a8-893c34eca6ba [2026-06-07T21:33:07.246351] Downloaded droplet (70.4M) (STDOUT, CELL)#
#2026 06 07 21:33:09.595#Z#DEBUG#45480c39-62b8-11f1-9935-eeee0a9a8a76.approval-inbox-srv#flowable-async-job-executor-thread-1495#
[PollStartAppStatusExecution] 37a43f7b-a5fe-4f9c-80a8-893c34eca6ba [2026-06-07T21:33:07.246535] Starting health monitoring of container (STDOUT, CELL)#
#2026 06 07 21:33:09.595#Z#DEBUG#45480c39-62b8-11f1-9935-eeee0a9a8a76.approval-inbox-srv#flowable-async-job-executor-thread-1495#
[PollStartAppStatusExecution] 37a43f7b-a5fe-4f9c-80a8-893c34eca6ba [2026-06-07T21:33:07.416085] Invoking pre-start scripts. (STDOUT, APP/PROC/WEB)#
#2026 06 07 21:33:09.595#Z#DEBUG#45480c39-62b8-11f1-9935-eeee0a9a8a76.approval-inbox-srv#flowable-async-job-executor-thread-1495#
[PollStartAppStatusExecution] 37a43f7b-a5fe-4f9c-80a8-893c34eca6ba [2026-06-07T21:33:07.720779] Invoking start command. (STDOUT, APP/PROC/WEB)#
#2026 06 07 21:33:09.595#Z#DEBUG#45480c39-62b8-11f1-9935-eeee0a9a8a76.approval-inbox-srv#flowable-async-job-executor-thread-1495#
[PollStartAppStatusExecution] 37a43f7b-a5fe-4f9c-80a8-893c34eca6ba [2026-06-07T21:33:07.942302] > approval-inbox@1.0.0 start (STDOUT, APP/PROC/WEB)#
#2026 06 07 21:33:09.595#Z#DEBUG#45480c39-62b8-11f1-9935-eeee0a9a8a76.approval-inbox-srv#flowable-async-job-executor-thread-1495#
[PollStartAppStatusExecution] 37a43f7b-a5fe-4f9c-80a8-893c34eca6ba [2026-06-07T21:33:07.942326] > cds-serve (STDOUT, APP/PROC/WEB)#
#2026 06 07 21:33:09.595#Z#DEBUG#45480c39-62b8-11f1-9935-eeee0a9a8a76.approval-inbox-srv#flowable-async-job-executor-thread-1495#
[PollStartAppStatusExecution] 37a43f7b-a5fe-4f9c-80a8-893c34eca6ba [2026-06-07T21:33:08.307366] {"level":"info","logger":"cds","timestamp":"2026-06-07T21:33:08.305Z","layer":"cds","component_type":"application","container_id":"10.32.1.5","component_id":"37a43f7b-a5fe-4f9c-80a8-893c34eca6ba","component_name":"approval-inbox-srv","component_instance":0,"source_instance":0,"organization_name":"733d95cctrial","organization_id":"03e6d9f5-da3e-4e73-9964-9ceb8bc4c62a","space_name":"dev","space_id":"866e022a-f99a-4e70-b297-343c39329964","msg":"loaded model from 1 file(s):\n ","type":"log"} (STDOUT, APP/PROC/WEB)#
#2026 06 07 21:33:09.595#Z#DEBUG#45480c39-62b8-11f1-9935-eeee0a9a8a76.approval-inbox-srv#flowable-async-job-executor-thread-1495#
[PollStartAppStatusExecution] 37a43f7b-a5fe-4f9c-80a8-893c34eca6ba [2026-06-07T21:33:08.307881] srv/csn.json (STDOUT, APP/PROC/WEB)#
#2026 06 07 21:33:09.595#Z#DEBUG#45480c39-62b8-11f1-9935-eeee0a9a8a76.approval-inbox-srv#flowable-async-job-executor-thread-1495#
[PollStartAppStatusExecution] 37a43f7b-a5fe-4f9c-80a8-893c34eca6ba [2026-06-07T21:33:08.640557] {"level":"info","logger":"cds","timestamp":"2026-06-07T21:33:08.639Z","layer":"cds","component_type":"application","container_id":"10.32.1.5","component_id":"37a43f7b-a5fe-4f9c-80a8-893c34eca6ba","component_name":"approval-inbox-srv","component_instance":0,"source_instance":0,"organization_name":"733d95cctrial","organization_id":"03e6d9f5-da3e-4e73-9964-9ceb8bc4c62a","space_name":"dev","space_id":"866e022a-f99a-4e70-b297-343c39329964","msg":"connect to db > hana {\n  database_id: 'dd335352-b948-4bce-826b-662362f1f052',\n  host: 'dd335352-b948-4bce-826b-662362f1f052.hana.prod-ap21.hanacloud.ondemand.com',\n  port: '443',\n  driver: 'com.sap.db.jdbc.Driver',\n  url: 'jdbc:sap://dd335352-b948-4bce-826b-662362f1f052.hana.prod-ap21.hanacloud.ondemand.com:443?encrypt=true&validateCertificate=true&currentschema=09FF326E4850441B99A3FBA8B6307C42',\n  schema: '09FF326E4850441B99A3FBA8B6307C42',\n  certificate: '...',\n  hdi_user: '09FF326E4850441B99A3FBA8B6307C42_7Y9TU8JP4EL9H9FR15WR5GH8R_DT',\n  hdi_password: '...',\n  user: '09FF326E4850441B99A3FBA8B6307C42_7Y9TU8JP4EL9H9FR15WR5GH8R_RT',\n  password: '...'\n}","type":"log"} (STDOUT, APP/PROC/WEB)#
#2026 06 07 21:33:09.595#Z#DEBUG#45480c39-62b8-11f1-9935-eeee0a9a8a76.approval-inbox-srv#flowable-async-job-executor-thread-1495#
[PollStartAppStatusExecution] 37a43f7b-a5fe-4f9c-80a8-893c34eca6ba [2026-06-07T21:33:08.681043] {"level":"info","logger":"cds","timestamp":"2026-06-07T21:33:08.680Z","layer":"cds","component_type":"application","container_id":"10.32.1.5","component_id":"37a43f7b-a5fe-4f9c-80a8-893c34eca6ba","component_name":"approval-inbox-srv","component_instance":0,"source_instance":0,"organization_name":"733d95cctrial","organization_id":"03e6d9f5-da3e-4e73-9964-9ceb8bc4c62a","space_name":"dev","space_id":"866e022a-f99a-4e70-b297-343c39329964","msg":"using auth strategy { kind: 'jwt' }","type":"log"} (STDOUT, APP/PROC/WEB)#
#2026 06 07 21:33:09.595#Z#DEBUG#45480c39-62b8-11f1-9935-eeee0a9a8a76.approval-inbox-srv#flowable-async-job-executor-thread-1495#
[PollStartAppStatusExecution] 37a43f7b-a5fe-4f9c-80a8-893c34eca6ba [2026-06-07T21:33:08.683208] node:internal/modules/cjs/loader:1421 (STDERR, APP/PROC/WEB)#
#2026 06 07 21:33:09.595#Z#DEBUG#45480c39-62b8-11f1-9935-eeee0a9a8a76.approval-inbox-srv#flowable-async-job-executor-thread-1495#
[PollStartAppStatusExecution] 37a43f7b-a5fe-4f9c-80a8-893c34eca6ba [2026-06-07T21:33:08.683222] const err = new Error(message); (STDERR, APP/PROC/WEB)#
#2026 06 07 21:33:09.595#Z#DEBUG#45480c39-62b8-11f1-9935-eeee0a9a8a76.approval-inbox-srv#flowable-async-job-executor-thread-1495#
[PollStartAppStatusExecution] 37a43f7b-a5fe-4f9c-80a8-893c34eca6ba [2026-06-07T21:33:08.683229] ^ (STDERR, APP/PROC/WEB)#
#2026 06 07 21:33:09.595#Z#DEBUG#45480c39-62b8-11f1-9935-eeee0a9a8a76.approval-inbox-srv#flowable-async-job-executor-thread-1495#
[PollStartAppStatusExecution] 37a43f7b-a5fe-4f9c-80a8-893c34eca6ba [2026-06-07T21:33:08.683234] Error: Cannot find '@sap/xssec'. Make sure to install it with 'npm i @sap/xssec' (STDERR, APP/PROC/WEB)#
#2026 06 07 21:33:09.595#Z#DEBUG#45480c39-62b8-11f1-9935-eeee0a9a8a76.approval-inbox-srv#flowable-async-job-executor-thread-1495#
[PollStartAppStatusExecution] 37a43f7b-a5fe-4f9c-80a8-893c34eca6ba [2026-06-07T21:33:08.683238] Cannot find module '@sap/xssec' (STDERR, APP/PROC/WEB)#
#2026 06 07 21:33:09.595#Z#DEBUG#45480c39-62b8-11f1-9935-eeee0a9a8a76.approval-inbox-srv#flowable-async-job-executor-thread-1495#
[PollStartAppStatusExecution] 37a43f7b-a5fe-4f9c-80a8-893c34eca6ba [2026-06-07T21:33:08.683241] Require stack: (STDERR, APP/PROC/WEB)#
#2026 06 07 21:33:09.595#Z#DEBUG#45480c39-62b8-11f1-9935-eeee0a9a8a76.approval-inbox-srv#flowable-async-job-executor-thread-1495#
[PollStartAppStatusExecution] 37a43f7b-a5fe-4f9c-80a8-893c34eca6ba [2026-06-07T21:33:08.683247] - /home/vcap/app/node_modules/@sap/cds/lib/srv/middlewares/auth/xssec.js (STDERR, APP/PROC/WEB)#
#2026 06 07 21:33:09.595#Z#DEBUG#45480c39-62b8-11f1-9935-eeee0a9a8a76.approval-inbox-srv#flowable-async-job-executor-thread-1495#
[PollStartAppStatusExecution] 37a43f7b-a5fe-4f9c-80a8-893c34eca6ba [2026-06-07T21:33:08.683251] - /home/vcap/app/node_modules/@sap/cds/lib/srv/middlewares/auth/jwt-auth.js (STDERR, APP/PROC/WEB)#
#2026 06 07 21:33:09.595#Z#DEBUG#45480c39-62b8-11f1-9935-eeee0a9a8a76.approval-inbox-srv#flowable-async-job-executor-thread-1495#
[PollStartAppStatusExecution] 37a43f7b-a5fe-4f9c-80a8-893c34eca6ba [2026-06-07T21:33:08.683255] - /home/vcap/app/node_modules/@sap/cds/lib/srv/middlewares/auth/index.js (STDERR, APP/PROC/WEB)#
#2026 06 07 21:33:09.595#Z#DEBUG#45480c39-62b8-11f1-9935-eeee0a9a8a76.approval-inbox-srv#flowable-async-job-executor-thread-1495#
[PollStartAppStatusExecution] 37a43f7b-a5fe-4f9c-80a8-893c34eca6ba [2026-06-07T21:33:08.683259] - /home/vcap/app/node_modules/@sap/cds/lib/srv/middlewares/index.js (STDERR, APP/PROC/WEB)#
#2026 06 07 21:33:09.595#Z#DEBUG#45480c39-62b8-11f1-9935-eeee0a9a8a76.approval-inbox-srv#flowable-async-job-executor-thread-1495#
[PollStartAppStatusExecution] 37a43f7b-a5fe-4f9c-80a8-893c34eca6ba [2026-06-07T21:33:08.683263] - /home/vcap/app/node_modules/@sap/cds/lib/index.js (STDERR, APP/PROC/WEB)#
#2026 06 07 21:33:09.595#Z#DEBUG#45480c39-62b8-11f1-9935-eeee0a9a8a76.approval-inbox-srv#flowable-async-job-executor-thread-1495#
[PollStartAppStatusExecution] 37a43f7b-a5fe-4f9c-80a8-893c34eca6ba [2026-06-07T21:33:08.683267] - /home/vcap/app/node_modules/@sap/cds/bin/serve.js (STDERR, APP/PROC/WEB)#
#2026 06 07 21:33:09.595#Z#DEBUG#45480c39-62b8-11f1-9935-eeee0a9a8a76.approval-inbox-srv#flowable-async-job-executor-thread-1495#
[PollStartAppStatusExecution] 37a43f7b-a5fe-4f9c-80a8-893c34eca6ba [2026-06-07T21:33:08.683271] at Module._resolveFilename (node:internal/modules/cjs/loader:1421:15) (STDERR, APP/PROC/WEB)#
#2026 06 07 21:33:09.595#Z#DEBUG#45480c39-62b8-11f1-9935-eeee0a9a8a76.approval-inbox-srv#flowable-async-job-executor-thread-1495#
[PollStartAppStatusExecution] 37a43f7b-a5fe-4f9c-80a8-893c34eca6ba [2026-06-07T21:33:08.683275] at defaultResolveImpl (node:internal/modules/cjs/loader:1059:19) (STDERR, APP/PROC/WEB)#
#2026 06 07 21:33:09.595#Z#DEBUG#45480c39-62b8-11f1-9935-eeee0a9a8a76.approval-inbox-srv#flowable-async-job-executor-thread-1495#
[PollStartAppStatusExecution] 37a43f7b-a5fe-4f9c-80a8-893c34eca6ba [2026-06-07T21:33:08.683279] at resolveForCJSWithHooks (node:internal/modules/cjs/loader:1064:22) (STDERR, APP/PROC/WEB)#
#2026 06 07 21:33:09.595#Z#DEBUG#45480c39-62b8-11f1-9935-eeee0a9a8a76.approval-inbox-srv#flowable-async-job-executor-thread-1495#
[PollStartAppStatusExecution] 37a43f7b-a5fe-4f9c-80a8-893c34eca6ba [2026-06-07T21:33:08.683283] at Module._load (node:internal/modules/cjs/loader:1227:37) (STDERR, APP/PROC/WEB)#
#2026 06 07 21:33:09.595#Z#DEBUG#45480c39-62b8-11f1-9935-eeee0a9a8a76.approval-inbox-srv#flowable-async-job-executor-thread-1495#
[PollStartAppStatusExecution] 37a43f7b-a5fe-4f9c-80a8-893c34eca6ba [2026-06-07T21:33:08.683288] at TracingChannel.traceSync (node:diagnostics_channel:328:14) (STDERR, APP/PROC/WEB)#
#2026 06 07 21:33:09.595#Z#DEBUG#45480c39-62b8-11f1-9935-eeee0a9a8a76.approval-inbox-srv#flowable-async-job-executor-thread-1495#
[PollStartAppStatusExecution] 37a43f7b-a5fe-4f9c-80a8-893c34eca6ba [2026-06-07T21:33:08.683292] at wrapModuleLoad (node:internal/modules/cjs/loader:245:24) (STDERR, APP/PROC/WEB)#
#2026 06 07 21:33:09.595#Z#DEBUG#45480c39-62b8-11f1-9935-eeee0a9a8a76.approval-inbox-srv#flowable-async-job-executor-thread-1495#
[PollStartAppStatusExecution] 37a43f7b-a5fe-4f9c-80a8-893c34eca6ba [2026-06-07T21:33:08.683296] at Module.require (node:internal/modules/cjs/loader:1504:12) (STDERR, APP/PROC/WEB)#
#2026 06 07 21:33:09.595#Z#DEBUG#45480c39-62b8-11f1-9935-eeee0a9a8a76.approval-inbox-srv#flowable-async-job-executor-thread-1495#
[PollStartAppStatusExecution] 37a43f7b-a5fe-4f9c-80a8-893c34eca6ba [2026-06-07T21:33:08.683300] at require (node:internal/modules/helpers:152:16) (STDERR, APP/PROC/WEB)#
#2026 06 07 21:33:09.595#Z#DEBUG#45480c39-62b8-11f1-9935-eeee0a9a8a76.approval-inbox-srv#flowable-async-job-executor-thread-1495#
[PollStartAppStatusExecution] 37a43f7b-a5fe-4f9c-80a8-893c34eca6ba [2026-06-07T21:33:08.683304] at Object.<anonymous> (/home/vcap/app/node_modules/@sap/cds/lib/srv/middlewares/auth/xssec.js:2:17) (STDERR, APP/PROC/WEB)#
#2026 06 07 21:33:09.595#Z#DEBUG#45480c39-62b8-11f1-9935-eeee0a9a8a76.approval-inbox-srv#flowable-async-job-executor-thread-1495#
[PollStartAppStatusExecution] 37a43f7b-a5fe-4f9c-80a8-893c34eca6ba [2026-06-07T21:33:08.683310] at Module._compile (node:internal/modules/cjs/loader:1761:14) { (STDERR, APP/PROC/WEB)#
#2026 06 07 21:33:09.595#Z#DEBUG#45480c39-62b8-11f1-9935-eeee0a9a8a76.approval-inbox-srv#flowable-async-job-executor-thread-1495#
[PollStartAppStatusExecution] 37a43f7b-a5fe-4f9c-80a8-893c34eca6ba [2026-06-07T21:33:08.683314] code: 'MODULE_NOT_FOUND', (STDERR, APP/PROC/WEB)#
#2026 06 07 21:33:09.595#Z#DEBUG#45480c39-62b8-11f1-9935-eeee0a9a8a76.approval-inbox-srv#flowable-async-job-executor-thread-1495#
[PollStartAppStatusExecution] 37a43f7b-a5fe-4f9c-80a8-893c34eca6ba [2026-06-07T21:33:08.683318] requireStack: [ (STDERR, APP/PROC/WEB)#
#2026 06 07 21:33:09.595#Z#DEBUG#45480c39-62b8-11f1-9935-eeee0a9a8a76.approval-inbox-srv#flowable-async-job-executor-thread-1495#
[PollStartAppStatusExecution] 37a43f7b-a5fe-4f9c-80a8-893c34eca6ba [2026-06-07T21:33:08.683323] '/home/vcap/app/node_modules/@sap/cds/lib/srv/middlewares/auth/xssec.js', (STDERR, APP/PROC/WEB)#
#2026 06 07 21:33:09.595#Z#DEBUG#45480c39-62b8-11f1-9935-eeee0a9a8a76.approval-inbox-srv#flowable-async-job-executor-thread-1495#
[PollStartAppStatusExecution] 37a43f7b-a5fe-4f9c-80a8-893c34eca6ba [2026-06-07T21:33:08.683329] '/home/vcap/app/node_modules/@sap/cds/lib/srv/middlewares/auth/jwt-auth.js', (STDERR, APP/PROC/WEB)#
#2026 06 07 21:33:09.595#Z#DEBUG#45480c39-62b8-11f1-9935-eeee0a9a8a76.approval-inbox-srv#flowable-async-job-executor-thread-1495#
[PollStartAppStatusExecution] 37a43f7b-a5fe-4f9c-80a8-893c34eca6ba [2026-06-07T21:33:08.683347] '/home/vcap/app/node_modules/@sap/cds/lib/srv/middlewares/auth/index.js', (STDERR, APP/PROC/WEB)#
#2026 06 07 21:33:09.595#Z#DEBUG#45480c39-62b8-11f1-9935-eeee0a9a8a76.approval-inbox-srv#flowable-async-job-executor-thread-1495#
[PollStartAppStatusExecution] 37a43f7b-a5fe-4f9c-80a8-893c34eca6ba [2026-06-07T21:33:08.683351] '/home/vcap/app/node_modules/@sap/cds/lib/srv/middlewares/index.js', (STDERR, APP/PROC/WEB)#
#2026 06 07 21:33:09.595#Z#DEBUG#45480c39-62b8-11f1-9935-eeee0a9a8a76.approval-inbox-srv#flowable-async-job-executor-thread-1495#
[PollStartAppStatusExecution] 37a43f7b-a5fe-4f9c-80a8-893c34eca6ba [2026-06-07T21:33:08.683355] '/home/vcap/app/node_modules/@sap/cds/lib/index.js', (STDERR, APP/PROC/WEB)#
#2026 06 07 21:33:09.595#Z#DEBUG#45480c39-62b8-11f1-9935-eeee0a9a8a76.approval-inbox-srv#flowable-async-job-executor-thread-1495#
[PollStartAppStatusExecution] 37a43f7b-a5fe-4f9c-80a8-893c34eca6ba [2026-06-07T21:33:08.683360] '/home/vcap/app/node_modules/@sap/cds/bin/serve.js' (STDERR, APP/PROC/WEB)#
#2026 06 07 21:33:09.595#Z#DEBUG#45480c39-62b8-11f1-9935-eeee0a9a8a76.approval-inbox-srv#flowable-async-job-executor-thread-1495#
[PollStartAppStatusExecution] 37a43f7b-a5fe-4f9c-80a8-893c34eca6ba [2026-06-07T21:33:08.683364] ] (STDERR, APP/PROC/WEB)#
#2026 06 07 21:33:09.595#Z#DEBUG#45480c39-62b8-11f1-9935-eeee0a9a8a76.approval-inbox-srv#flowable-async-job-executor-thread-1495#
[PollStartAppStatusExecution] 37a43f7b-a5fe-4f9c-80a8-893c34eca6ba [2026-06-07T21:33:08.683367] } (STDERR, APP/PROC/WEB)#
#2026 06 07 21:33:09.595#Z#DEBUG#45480c39-62b8-11f1-9935-eeee0a9a8a76.approval-inbox-srv#flowable-async-job-executor-thread-1495#
[PollStartAppStatusExecution] 37a43f7b-a5fe-4f9c-80a8-893c34eca6ba [2026-06-07T21:33:08.683430] Node.js v24.13.0 (STDERR, APP/PROC/WEB)#
#2026 06 07 21:33:09.595#Z#DEBUG#45480c39-62b8-11f1-9935-eeee0a9a8a76.approval-inbox-srv#flowable-async-job-executor-thread-1495#
[PollStartAppStatusExecution] 37a43f7b-a5fe-4f9c-80a8-893c34eca6ba [2026-06-07T21:33:08.738088] Exit status 1 (STDOUT, APP/PROC/WEB)#
#2026 06 07 21:33:19.558#Z#DEBUG#45480c39-62b8-11f1-9935-eeee0a9a8a76.approval-inbox-srv#flowable-async-job-executor-thread-5069#
[PollStartAppStatusExecution] 37a43f7b-a5fe-4f9c-80a8-893c34eca6ba [2026-06-07T21:33:16.072404] Cell 1ea14514-f0fe-461c-9aa9-a53bbe093b00 stopping instance f97450b4-7dad-4b9c-4660-9d75 (STDOUT, CELL)#
#2026 06 07 21:33:19.558#Z#DEBUG#45480c39-62b8-11f1-9935-eeee0a9a8a76.approval-inbox-srv#flowable-async-job-executor-thread-5069#
[PollStartAppStatusExecution] 37a43f7b-a5fe-4f9c-80a8-893c34eca6ba [2026-06-07T21:33:16.072445] Cell 1ea14514-f0fe-461c-9aa9-a53bbe093b00 destroying container for instance f97450b4-7dad-4b9c-4660-9d75 (STDOUT, CELL)#
#2026 06 07 21:33:19.558#Z#DEBUG#45480c39-62b8-11f1-9935-eeee0a9a8a76.approval-inbox-srv#flowable-async-job-executor-thread-5069#
[PollStartAppStatusExecution] 37a43f7b-a5fe-4f9c-80a8-893c34eca6ba [2026-06-07T21:33:16.074380] Process has crashed with type: "web" (STDOUT, API)#
#2026 06 07 21:33:19.558#Z#DEBUG#45480c39-62b8-11f1-9935-eeee0a9a8a76.approval-inbox-srv#flowable-async-job-executor-thread-5069#
[PollStartAppStatusExecution] 37a43f7b-a5fe-4f9c-80a8-893c34eca6ba [2026-06-07T21:33:16.094183] App instance exited with guid 37a43f7b-a5fe-4f9c-80a8-893c34eca6ba payload: {"instance"=>"f97450b4-7dad-4b9c-4660-9d75", "index"=>0, "cell_id"=>"1ea14514-f0fe-461c-9aa9-a53bbe093b00", "reason"=>"CRASHED", "exit_description"=>"APP/PROC/WEB: Exited with status 1", "crash_count"=>1, "crash_timestamp"=>1780867996023262903, "version"=>"c8e65557-2527-4ba1-8212-f44e66396ff1"} (STDOUT, API)#
#2026 06 07 21:33:19.558#Z#DEBUG#45480c39-62b8-11f1-9935-eeee0a9a8a76.approval-inbox-srv#flowable-async-job-executor-thread-5069#
[PollStartAppStatusExecution] 37a43f7b-a5fe-4f9c-80a8-893c34eca6ba [2026-06-07T21:33:16.142787] Cell 4401fcd0-006d-4ceb-9b51-aa22a1b186cf creating container for instance 2fd0aba0-3663-45bd-55b5-e432 (STDOUT, CELL)#
#2026 06 07 21:33:19.558#Z#DEBUG#45480c39-62b8-11f1-9935-eeee0a9a8a76.approval-inbox-srv#flowable-async-job-executor-thread-5069#
[PollStartAppStatusExecution] 37a43f7b-a5fe-4f9c-80a8-893c34eca6ba [2026-06-07T21:33:16.258330] Exit status 137 (STDOUT, PROXY)#
#2026 06 07 21:33:19.558#Z#DEBUG#45480c39-62b8-11f1-9935-eeee0a9a8a76.approval-inbox-srv#flowable-async-job-executor-thread-5069#
[PollStartAppStatusExecution] 37a43f7b-a5fe-4f9c-80a8-893c34eca6ba [2026-06-07T21:33:16.962623] Security group rules were updated (STDOUT, CELL)#
#2026 06 07 21:33:19.558#Z#DEBUG#45480c39-62b8-11f1-9935-eeee0a9a8a76.approval-inbox-srv#flowable-async-job-executor-thread-5069#
[PollStartAppStatusExecution] 37a43f7b-a5fe-4f9c-80a8-893c34eca6ba [2026-06-07T21:33:17.055438] Cell 4401fcd0-006d-4ceb-9b51-aa22a1b186cf successfully created container for instance 2fd0aba0-3663-45bd-55b5-e432 (STDOUT, CELL)#
#2026 06 07 21:33:19.558#Z#DEBUG#45480c39-62b8-11f1-9935-eeee0a9a8a76.approval-inbox-srv#flowable-async-job-executor-thread-5069#
[PollStartAppStatusExecution] 37a43f7b-a5fe-4f9c-80a8-893c34eca6ba [2026-06-07T21:33:18.573672] Downloading droplet... (STDOUT, CELL)#
#2026 06 07 21:33:29.600#Z#DEBUG#45480c39-62b8-11f1-9935-eeee0a9a8a76.approval-inbox-srv#flowable-async-job-executor-thread-5075#
[PollStartAppStatusExecution] 37a43f7b-a5fe-4f9c-80a8-893c34eca6ba [2026-06-07T21:33:19.107160] Cell 1ea14514-f0fe-461c-9aa9-a53bbe093b00 successfully destroyed container for instance f97450b4-7dad-4b9c-4660-9d75 (STDOUT, CELL)#
#2026 06 07 21:33:29.600#Z#DEBUG#45480c39-62b8-11f1-9935-eeee0a9a8a76.approval-inbox-srv#flowable-async-job-executor-thread-5075#
[PollStartAppStatusExecution] 37a43f7b-a5fe-4f9c-80a8-893c34eca6ba [2026-06-07T21:33:23.659869] Downloaded droplet (70.4M) (STDOUT, CELL)#
#2026 06 07 21:33:29.600#Z#DEBUG#45480c39-62b8-11f1-9935-eeee0a9a8a76.approval-inbox-srv#flowable-async-job-executor-thread-5075#
[PollStartAppStatusExecution] 37a43f7b-a5fe-4f9c-80a8-893c34eca6ba [2026-06-07T21:33:23.660] Starting health monitoring of container (STDOUT, CELL)#
#2026 06 07 21:33:29.600#Z#DEBUG#45480c39-62b8-11f1-9935-eeee0a9a8a76.approval-inbox-srv#flowable-async-job-executor-thread-5075#
[PollStartAppStatusExecution] 37a43f7b-a5fe-4f9c-80a8-893c34eca6ba [2026-06-07T21:33:23.789045] Invoking pre-start scripts. (STDOUT, APP/PROC/WEB)#
#2026 06 07 21:33:29.600#Z#DEBUG#45480c39-62b8-11f1-9935-eeee0a9a8a76.approval-inbox-srv#flowable-async-job-executor-thread-5075#
[PollStartAppStatusExecution] 37a43f7b-a5fe-4f9c-80a8-893c34eca6ba [2026-06-07T21:33:24.027156] Invoking start command. (STDOUT, APP/PROC/WEB)#
#2026 06 07 21:33:29.600#Z#DEBUG#45480c39-62b8-11f1-9935-eeee0a9a8a76.approval-inbox-srv#flowable-async-job-executor-thread-5075#
[PollStartAppStatusExecution] 37a43f7b-a5fe-4f9c-80a8-893c34eca6ba [2026-06-07T21:33:24.217760] > approval-inbox@1.0.0 start (STDOUT, APP/PROC/WEB)#
#2026 06 07 21:33:29.600#Z#DEBUG#45480c39-62b8-11f1-9935-eeee0a9a8a76.approval-inbox-srv#flowable-async-job-executor-thread-5075#
[PollStartAppStatusExecution] 37a43f7b-a5fe-4f9c-80a8-893c34eca6ba [2026-06-07T21:33:24.217778] > cds-serve (STDOUT, APP/PROC/WEB)#
#2026 06 07 21:33:29.600#Z#DEBUG#45480c39-62b8-11f1-9935-eeee0a9a8a76.approval-inbox-srv#flowable-async-job-executor-thread-5075#
[PollStartAppStatusExecution] 37a43f7b-a5fe-4f9c-80a8-893c34eca6ba [2026-06-07T21:33:24.572226] {"level":"info","logger":"cds","timestamp":"2026-06-07T21:33:24.570Z","layer":"cds","component_type":"application","container_id":"10.32.3.5","component_id":"37a43f7b-a5fe-4f9c-80a8-893c34eca6ba","component_name":"approval-inbox-srv","component_instance":0,"source_instance":0,"organization_name":"733d95cctrial","organization_id":"03e6d9f5-da3e-4e73-9964-9ceb8bc4c62a","space_name":"dev","space_id":"866e022a-f99a-4e70-b297-343c39329964","msg":"loaded model from 1 file(s):\n ","type":"log"} (STDOUT, APP/PROC/WEB)#
#2026 06 07 21:33:29.600#Z#DEBUG#45480c39-62b8-11f1-9935-eeee0a9a8a76.approval-inbox-srv#flowable-async-job-executor-thread-5075#
[PollStartAppStatusExecution] 37a43f7b-a5fe-4f9c-80a8-893c34eca6ba [2026-06-07T21:33:24.572784] srv/csn.json (STDOUT, APP/PROC/WEB)#
#2026 06 07 21:33:29.600#Z#DEBUG#45480c39-62b8-11f1-9935-eeee0a9a8a76.approval-inbox-srv#flowable-async-job-executor-thread-5075#
[PollStartAppStatusExecution] 37a43f7b-a5fe-4f9c-80a8-893c34eca6ba [2026-06-07T21:33:24.881167] {"level":"info","logger":"cds","timestamp":"2026-06-07T21:33:24.880Z","layer":"cds","component_type":"application","container_id":"10.32.3.5","component_id":"37a43f7b-a5fe-4f9c-80a8-893c34eca6ba","component_name":"approval-inbox-srv","component_instance":0,"source_instance":0,"organization_name":"733d95cctrial","organization_id":"03e6d9f5-da3e-4e73-9964-9ceb8bc4c62a","space_name":"dev","space_id":"866e022a-f99a-4e70-b297-343c39329964","msg":"connect to db > hana {\n  database_id: 'dd335352-b948-4bce-826b-662362f1f052',\n  host: 'dd335352-b948-4bce-826b-662362f1f052.hana.prod-ap21.hanacloud.ondemand.com',\n  port: '443',\n  driver: 'com.sap.db.jdbc.Driver',\n  url: 'jdbc:sap://dd335352-b948-4bce-826b-662362f1f052.hana.prod-ap21.hanacloud.ondemand.com:443?encrypt=true&validateCertificate=true&currentschema=09FF326E4850441B99A3FBA8B6307C42',\n  schema: '09FF326E4850441B99A3FBA8B6307C42',\n  certificate: '...',\n  hdi_user: '09FF326E4850441B99A3FBA8B6307C42_7Y9TU8JP4EL9H9FR15WR5GH8R_DT',\n  hdi_password: '...',\n  user: '09FF326E4850441B99A3FBA8B6307C42_7Y9TU8JP4EL9H9FR15WR5GH8R_RT',\n  password: '...'\n}","type":"log"} (STDOUT, APP/PROC/WEB)#
#2026 06 07 21:33:29.600#Z#DEBUG#45480c39-62b8-11f1-9935-eeee0a9a8a76.approval-inbox-srv#flowable-async-job-executor-thread-5075#
[PollStartAppStatusExecution] 37a43f7b-a5fe-4f9c-80a8-893c34eca6ba [2026-06-07T21:33:24.919447] {"level":"info","logger":"cds","timestamp":"2026-06-07T21:33:24.919Z","layer":"cds","component_type":"application","container_id":"10.32.3.5","component_id":"37a43f7b-a5fe-4f9c-80a8-893c34eca6ba","component_name":"approval-inbox-srv","component_instance":0,"source_instance":0,"organization_name":"733d95cctrial","organization_id":"03e6d9f5-da3e-4e73-9964-9ceb8bc4c62a","space_name":"dev","space_id":"866e022a-f99a-4e70-b297-343c39329964","msg":"using auth strategy { kind: 'jwt' }","type":"log"} (STDOUT, APP/PROC/WEB)#
#2026 06 07 21:33:29.600#Z#DEBUG#45480c39-62b8-11f1-9935-eeee0a9a8a76.approval-inbox-srv#flowable-async-job-executor-thread-5075#
[PollStartAppStatusExecution] 37a43f7b-a5fe-4f9c-80a8-893c34eca6ba [2026-06-07T21:33:24.921495] node:internal/modules/cjs/loader:1421 (STDERR, APP/PROC/WEB)#
#2026 06 07 21:33:29.600#Z#DEBUG#45480c39-62b8-11f1-9935-eeee0a9a8a76.approval-inbox-srv#flowable-async-job-executor-thread-5075#
[PollStartAppStatusExecution] 37a43f7b-a5fe-4f9c-80a8-893c34eca6ba [2026-06-07T21:33:24.921510] const err = new Error(message); (STDERR, APP/PROC/WEB)#
#2026 06 07 21:33:29.600#Z#DEBUG#45480c39-62b8-11f1-9935-eeee0a9a8a76.approval-inbox-srv#flowable-async-job-executor-thread-5075#
[PollStartAppStatusExecution] 37a43f7b-a5fe-4f9c-80a8-893c34eca6ba [2026-06-07T21:33:24.921514] ^ (STDERR, APP/PROC/WEB)#
#2026 06 07 21:33:29.600#Z#DEBUG#45480c39-62b8-11f1-9935-eeee0a9a8a76.approval-inbox-srv#flowable-async-job-executor-thread-5075#
[PollStartAppStatusExecution] 37a43f7b-a5fe-4f9c-80a8-893c34eca6ba [2026-06-07T21:33:24.921519] Error: Cannot find '@sap/xssec'. Make sure to install it with 'npm i @sap/xssec' (STDERR, APP/PROC/WEB)#
#2026 06 07 21:33:29.600#Z#DEBUG#45480c39-62b8-11f1-9935-eeee0a9a8a76.approval-inbox-srv#flowable-async-job-executor-thread-5075#
[PollStartAppStatusExecution] 37a43f7b-a5fe-4f9c-80a8-893c34eca6ba [2026-06-07T21:33:24.921522] Cannot find module '@sap/xssec' (STDERR, APP/PROC/WEB)#
#2026 06 07 21:33:29.600#Z#DEBUG#45480c39-62b8-11f1-9935-eeee0a9a8a76.approval-inbox-srv#flowable-async-job-executor-thread-5075#
[PollStartAppStatusExecution] 37a43f7b-a5fe-4f9c-80a8-893c34eca6ba [2026-06-07T21:33:24.921525] Require stack: (STDERR, APP/PROC/WEB)#
#2026 06 07 21:33:29.600#Z#DEBUG#45480c39-62b8-11f1-9935-eeee0a9a8a76.approval-inbox-srv#flowable-async-job-executor-thread-5075#
[PollStartAppStatusExecution] 37a43f7b-a5fe-4f9c-80a8-893c34eca6ba [2026-06-07T21:33:24.921528] - /home/vcap/app/node_modules/@sap/cds/lib/srv/middlewares/auth/xssec.js (STDERR, APP/PROC/WEB)#
#2026 06 07 21:33:29.600#Z#DEBUG#45480c39-62b8-11f1-9935-eeee0a9a8a76.approval-inbox-srv#flowable-async-job-executor-thread-5075#
[PollStartAppStatusExecution] 37a43f7b-a5fe-4f9c-80a8-893c34eca6ba [2026-06-07T21:33:24.921532] - /home/vcap/app/node_modules/@sap/cds/lib/srv/middlewares/auth/jwt-auth.js (STDERR, APP/PROC/WEB)#
#2026 06 07 21:33:29.600#Z#DEBUG#45480c39-62b8-11f1-9935-eeee0a9a8a76.approval-inbox-srv#flowable-async-job-executor-thread-5075#
[PollStartAppStatusExecution] 37a43f7b-a5fe-4f9c-80a8-893c34eca6ba [2026-06-07T21:33:24.921535] - /home/vcap/app/node_modules/@sap/cds/lib/srv/middlewares/auth/index.js (STDERR, APP/PROC/WEB)#
#2026 06 07 21:33:29.600#Z#DEBUG#45480c39-62b8-11f1-9935-eeee0a9a8a76.approval-inbox-srv#flowable-async-job-executor-thread-5075#
[PollStartAppStatusExecution] 37a43f7b-a5fe-4f9c-80a8-893c34eca6ba [2026-06-07T21:33:24.921540] - /home/vcap/app/node_modules/@sap/cds/lib/srv/middlewares/index.js (STDERR, APP/PROC/WEB)#
#2026 06 07 21:33:29.600#Z#DEBUG#45480c39-62b8-11f1-9935-eeee0a9a8a76.approval-inbox-srv#flowable-async-job-executor-thread-5075#
[PollStartAppStatusExecution] 37a43f7b-a5fe-4f9c-80a8-893c34eca6ba [2026-06-07T21:33:24.921543] - /home/vcap/app/node_modules/@sap/cds/lib/index.js (STDERR, APP/PROC/WEB)#
#2026 06 07 21:33:29.600#Z#DEBUG#45480c39-62b8-11f1-9935-eeee0a9a8a76.approval-inbox-srv#flowable-async-job-executor-thread-5075#
[PollStartAppStatusExecution] 37a43f7b-a5fe-4f9c-80a8-893c34eca6ba [2026-06-07T21:33:24.921547] - /home/vcap/app/node_modules/@sap/cds/bin/serve.js (STDERR, APP/PROC/WEB)#
#2026 06 07 21:33:29.600#Z#DEBUG#45480c39-62b8-11f1-9935-eeee0a9a8a76.approval-inbox-srv#flowable-async-job-executor-thread-5075#
[PollStartAppStatusExecution] 37a43f7b-a5fe-4f9c-80a8-893c34eca6ba [2026-06-07T21:33:24.921550] at Module._resolveFilename (node:internal/modules/cjs/loader:1421:15) (STDERR, APP/PROC/WEB)#
#2026 06 07 21:33:29.600#Z#DEBUG#45480c39-62b8-11f1-9935-eeee0a9a8a76.approval-inbox-srv#flowable-async-job-executor-thread-5075#
[PollStartAppStatusExecution] 37a43f7b-a5fe-4f9c-80a8-893c34eca6ba [2026-06-07T21:33:24.921553] at defaultResolveImpl (node:internal/modules/cjs/loader:1059:19) (STDERR, APP/PROC/WEB)#
#2026 06 07 21:33:29.600#Z#DEBUG#45480c39-62b8-11f1-9935-eeee0a9a8a76.approval-inbox-srv#flowable-async-job-executor-thread-5075#
[PollStartAppStatusExecution] 37a43f7b-a5fe-4f9c-80a8-893c34eca6ba [2026-06-07T21:33:24.921556] at resolveForCJSWithHooks (node:internal/modules/cjs/loader:1064:22) (STDERR, APP/PROC/WEB)#
#2026 06 07 21:33:29.600#Z#DEBUG#45480c39-62b8-11f1-9935-eeee0a9a8a76.approval-inbox-srv#flowable-async-job-executor-thread-5075#
[PollStartAppStatusExecution] 37a43f7b-a5fe-4f9c-80a8-893c34eca6ba [2026-06-07T21:33:24.921559] at Module._load (node:internal/modules/cjs/loader:1227:37) (STDERR, APP/PROC/WEB)#
#2026 06 07 21:33:29.600#Z#DEBUG#45480c39-62b8-11f1-9935-eeee0a9a8a76.approval-inbox-srv#flowable-async-job-executor-thread-5075#
[PollStartAppStatusExecution] 37a43f7b-a5fe-4f9c-80a8-893c34eca6ba [2026-06-07T21:33:24.921561] at TracingChannel.traceSync (node:diagnostics_channel:328:14) (STDERR, APP/PROC/WEB)#
#2026 06 07 21:33:29.600#Z#DEBUG#45480c39-62b8-11f1-9935-eeee0a9a8a76.approval-inbox-srv#flowable-async-job-executor-thread-5075#
[PollStartAppStatusExecution] 37a43f7b-a5fe-4f9c-80a8-893c34eca6ba [2026-06-07T21:33:24.921564] at wrapModuleLoad (node:internal/modules/cjs/loader:245:24) (STDERR, APP/PROC/WEB)#
#2026 06 07 21:33:29.600#Z#DEBUG#45480c39-62b8-11f1-9935-eeee0a9a8a76.approval-inbox-srv#flowable-async-job-executor-thread-5075#
[PollStartAppStatusExecution] 37a43f7b-a5fe-4f9c-80a8-893c34eca6ba [2026-06-07T21:33:24.921567] at Module.require (node:internal/modules/cjs/loader:1504:12) (STDERR, APP/PROC/WEB)#
#2026 06 07 21:33:29.600#Z#DEBUG#45480c39-62b8-11f1-9935-eeee0a9a8a76.approval-inbox-srv#flowable-async-job-executor-thread-5075#
[PollStartAppStatusExecution] 37a43f7b-a5fe-4f9c-80a8-893c34eca6ba [2026-06-07T21:33:24.921570] at require (node:internal/modules/helpers:152:16) (STDERR, APP/PROC/WEB)#
#2026 06 07 21:33:29.600#Z#DEBUG#45480c39-62b8-11f1-9935-eeee0a9a8a76.approval-inbox-srv#flowable-async-job-executor-thread-5075#
[PollStartAppStatusExecution] 37a43f7b-a5fe-4f9c-80a8-893c34eca6ba [2026-06-07T21:33:24.921574] at Object.<anonymous> (/home/vcap/app/node_modules/@sap/cds/lib/srv/middlewares/auth/xssec.js:2:17) (STDERR, APP/PROC/WEB)#
#2026 06 07 21:33:29.600#Z#DEBUG#45480c39-62b8-11f1-9935-eeee0a9a8a76.approval-inbox-srv#flowable-async-job-executor-thread-5075#
[PollStartAppStatusExecution] 37a43f7b-a5fe-4f9c-80a8-893c34eca6ba [2026-06-07T21:33:24.921578] at Module._compile (node:internal/modules/cjs/loader:1761:14) { (STDERR, APP/PROC/WEB)#
#2026 06 07 21:33:29.600#Z#DEBUG#45480c39-62b8-11f1-9935-eeee0a9a8a76.approval-inbox-srv#flowable-async-job-executor-thread-5075#
[PollStartAppStatusExecution] 37a43f7b-a5fe-4f9c-80a8-893c34eca6ba [2026-06-07T21:33:24.921581] code: 'MODULE_NOT_FOUND', (STDERR, APP/PROC/WEB)#
#2026 06 07 21:33:29.600#Z#DEBUG#45480c39-62b8-11f1-9935-eeee0a9a8a76.approval-inbox-srv#flowable-async-job-executor-thread-5075#
[PollStartAppStatusExecution] 37a43f7b-a5fe-4f9c-80a8-893c34eca6ba [2026-06-07T21:33:24.921584] requireStack: [ (STDERR, APP/PROC/WEB)#
#2026 06 07 21:33:29.600#Z#DEBUG#45480c39-62b8-11f1-9935-eeee0a9a8a76.approval-inbox-srv#flowable-async-job-executor-thread-5075#
[PollStartAppStatusExecution] 37a43f7b-a5fe-4f9c-80a8-893c34eca6ba [2026-06-07T21:33:24.921587] '/home/vcap/app/node_modules/@sap/cds/lib/srv/middlewares/auth/xssec.js', (STDERR, APP/PROC/WEB)#
#2026 06 07 21:33:29.600#Z#DEBUG#45480c39-62b8-11f1-9935-eeee0a9a8a76.approval-inbox-srv#flowable-async-job-executor-thread-5075#
[PollStartAppStatusExecution] 37a43f7b-a5fe-4f9c-80a8-893c34eca6ba [2026-06-07T21:33:24.921589] '/home/vcap/app/node_modules/@sap/cds/lib/srv/middlewares/auth/jwt-auth.js', (STDERR, APP/PROC/WEB)#
#2026 06 07 21:33:29.600#Z#DEBUG#45480c39-62b8-11f1-9935-eeee0a9a8a76.approval-inbox-srv#flowable-async-job-executor-thread-5075#
[PollStartAppStatusExecution] 37a43f7b-a5fe-4f9c-80a8-893c34eca6ba [2026-06-07T21:33:24.921592] '/home/vcap/app/node_modules/@sap/cds/lib/srv/middlewares/auth/index.js', (STDERR, APP/PROC/WEB)#
#2026 06 07 21:33:29.600#Z#DEBUG#45480c39-62b8-11f1-9935-eeee0a9a8a76.approval-inbox-srv#flowable-async-job-executor-thread-5075#
[PollStartAppStatusExecution] 37a43f7b-a5fe-4f9c-80a8-893c34eca6ba [2026-06-07T21:33:24.921595] '/home/vcap/app/node_modules/@sap/cds/lib/srv/middlewares/index.js', (STDERR, APP/PROC/WEB)#
#2026 06 07 21:33:29.600#Z#DEBUG#45480c39-62b8-11f1-9935-eeee0a9a8a76.approval-inbox-srv#flowable-async-job-executor-thread-5075#
[PollStartAppStatusExecution] 37a43f7b-a5fe-4f9c-80a8-893c34eca6ba [2026-06-07T21:33:24.921597] '/home/vcap/app/node_modules/@sap/cds/lib/index.js', (STDERR, APP/PROC/WEB)#
#2026 06 07 21:33:29.600#Z#DEBUG#45480c39-62b8-11f1-9935-eeee0a9a8a76.approval-inbox-srv#flowable-async-job-executor-thread-5075#
[PollStartAppStatusExecution] 37a43f7b-a5fe-4f9c-80a8-893c34eca6ba [2026-06-07T21:33:24.921600] '/home/vcap/app/node_modules/@sap/cds/bin/serve.js' (STDERR, APP/PROC/WEB)#
#2026 06 07 21:33:29.600#Z#DEBUG#45480c39-62b8-11f1-9935-eeee0a9a8a76.approval-inbox-srv#flowable-async-job-executor-thread-5075#
[PollStartAppStatusExecution] 37a43f7b-a5fe-4f9c-80a8-893c34eca6ba [2026-06-07T21:33:24.921604] ] (STDERR, APP/PROC/WEB)#
#2026 06 07 21:33:29.600#Z#DEBUG#45480c39-62b8-11f1-9935-eeee0a9a8a76.approval-inbox-srv#flowable-async-job-executor-thread-5075#
[PollStartAppStatusExecution] 37a43f7b-a5fe-4f9c-80a8-893c34eca6ba [2026-06-07T21:33:24.921608] } (STDERR, APP/PROC/WEB)#
#2026 06 07 21:33:29.600#Z#DEBUG#45480c39-62b8-11f1-9935-eeee0a9a8a76.approval-inbox-srv#flowable-async-job-executor-thread-5075#
[PollStartAppStatusExecution] 37a43f7b-a5fe-4f9c-80a8-893c34eca6ba [2026-06-07T21:33:24.921611] Node.js v24.13.0 (STDERR, APP/PROC/WEB)#
#2026 06 07 21:33:29.600#Z#DEBUG#45480c39-62b8-11f1-9935-eeee0a9a8a76.approval-inbox-srv#flowable-async-job-executor-thread-5075#
[PollStartAppStatusExecution] 37a43f7b-a5fe-4f9c-80a8-893c34eca6ba [2026-06-07T21:33:24.963558] Exit status 1 (STDOUT, APP/PROC/WEB)#
#2026 06 07 21:33:39.582#Z#DEBUG#45480c39-62b8-11f1-9935-eeee0a9a8a76.approval-inbox-srv#flowable-async-job-executor-thread-5079#
[PollStartAppStatusExecution] 37a43f7b-a5fe-4f9c-80a8-893c34eca6ba [2026-06-07T21:33:31.367016] Cell 4401fcd0-006d-4ceb-9b51-aa22a1b186cf stopping instance 2fd0aba0-3663-45bd-55b5-e432 (STDOUT, CELL)#
#2026 06 07 21:33:39.582#Z#DEBUG#45480c39-62b8-11f1-9935-eeee0a9a8a76.approval-inbox-srv#flowable-async-job-executor-thread-5079#
[PollStartAppStatusExecution] 37a43f7b-a5fe-4f9c-80a8-893c34eca6ba [2026-06-07T21:33:31.367056] Cell 4401fcd0-006d-4ceb-9b51-aa22a1b186cf destroying container for instance 2fd0aba0-3663-45bd-55b5-e432 (STDOUT, CELL)#
#2026 06 07 21:33:39.582#Z#DEBUG#45480c39-62b8-11f1-9935-eeee0a9a8a76.approval-inbox-srv#flowable-async-job-executor-thread-5079#
[PollStartAppStatusExecution] 37a43f7b-a5fe-4f9c-80a8-893c34eca6ba [2026-06-07T21:33:31.376496] Process has crashed with type: "web" (STDOUT, API)#
#2026 06 07 21:33:39.582#Z#DEBUG#45480c39-62b8-11f1-9935-eeee0a9a8a76.approval-inbox-srv#flowable-async-job-executor-thread-5079#
[PollStartAppStatusExecution] 37a43f7b-a5fe-4f9c-80a8-893c34eca6ba [2026-06-07T21:33:31.400474] App instance exited with guid 37a43f7b-a5fe-4f9c-80a8-893c34eca6ba payload: {"instance"=>"2fd0aba0-3663-45bd-55b5-e432", "index"=>0, "cell_id"=>"4401fcd0-006d-4ceb-9b51-aa22a1b186cf", "reason"=>"CRASHED", "exit_description"=>"APP/PROC/WEB: Exited with status 1", "crash_count"=>2, "crash_timestamp"=>1780868011321316318, "version"=>"c8e65557-2527-4ba1-8212-f44e66396ff1"} (STDOUT, API)#
#2026 06 07 21:33:39.582#Z#DEBUG#45480c39-62b8-11f1-9935-eeee0a9a8a76.approval-inbox-srv#flowable-async-job-executor-thread-5079#
[PollStartAppStatusExecution] 37a43f7b-a5fe-4f9c-80a8-893c34eca6ba [2026-06-07T21:33:31.433173] Cell 1ea14514-f0fe-461c-9aa9-a53bbe093b00 creating container for instance 1fb35f67-8040-4e82-57ab-e3a0 (STDOUT, CELL)#
#2026 06 07 21:33:39.582#Z#DEBUG#45480c39-62b8-11f1-9935-eeee0a9a8a76.approval-inbox-srv#flowable-async-job-executor-thread-5079#
[PollStartAppStatusExecution] 37a43f7b-a5fe-4f9c-80a8-893c34eca6ba [2026-06-07T21:33:31.520182] Exit status 137 (STDOUT, PROXY)#
#2026 06 07 21:33:39.582#Z#DEBUG#45480c39-62b8-11f1-9935-eeee0a9a8a76.approval-inbox-srv#flowable-async-job-executor-thread-5079#
[PollStartAppStatusExecution] 37a43f7b-a5fe-4f9c-80a8-893c34eca6ba [2026-06-07T21:33:32.247506] Security group rules were updated (STDOUT, CELL)#
#2026 06 07 21:33:39.582#Z#DEBUG#45480c39-62b8-11f1-9935-eeee0a9a8a76.approval-inbox-srv#flowable-async-job-executor-thread-5079#
[PollStartAppStatusExecution] 37a43f7b-a5fe-4f9c-80a8-893c34eca6ba [2026-06-07T21:33:32.376777] Cell 1ea14514-f0fe-461c-9aa9-a53bbe093b00 successfully created container for instance 1fb35f67-8040-4e82-57ab-e3a0 (STDOUT, CELL)#
#2026 06 07 21:33:39.582#Z#DEBUG#45480c39-62b8-11f1-9935-eeee0a9a8a76.approval-inbox-srv#flowable-async-job-executor-thread-5079#
[PollStartAppStatusExecution] 37a43f7b-a5fe-4f9c-80a8-893c34eca6ba [2026-06-07T21:33:33.282259] Downloading droplet... (STDOUT, CELL)#
#2026 06 07 21:33:39.582#Z#DEBUG#45480c39-62b8-11f1-9935-eeee0a9a8a76.approval-inbox-srv#flowable-async-job-executor-thread-5079#
[PollStartAppStatusExecution] 37a43f7b-a5fe-4f9c-80a8-893c34eca6ba [2026-06-07T21:33:34.196903] Cell 4401fcd0-006d-4ceb-9b51-aa22a1b186cf successfully destroyed container for instance 2fd0aba0-3663-45bd-55b5-e432 (STDOUT, CELL)#
#2026 06 07 21:33:39.582#Z#DEBUG#45480c39-62b8-11f1-9935-eeee0a9a8a76.approval-inbox-srv#flowable-async-job-executor-thread-5079#
[PollStartAppStatusExecution] 37a43f7b-a5fe-4f9c-80a8-893c34eca6ba [2026-06-07T21:33:35.830360] Downloaded droplet (STDOUT, CELL)#
#2026 06 07 21:33:39.582#Z#DEBUG#45480c39-62b8-11f1-9935-eeee0a9a8a76.approval-inbox-srv#flowable-async-job-executor-thread-5079#
[PollStartAppStatusExecution] 37a43f7b-a5fe-4f9c-80a8-893c34eca6ba [2026-06-07T21:33:35.830726] Starting health monitoring of container (STDOUT, CELL)#
#2026 06 07 21:33:39.582#Z#DEBUG#45480c39-62b8-11f1-9935-eeee0a9a8a76.approval-inbox-srv#flowable-async-job-executor-thread-5079#
[PollStartAppStatusExecution] 37a43f7b-a5fe-4f9c-80a8-893c34eca6ba [2026-06-07T21:33:36.038398] Invoking pre-start scripts. (STDOUT, APP/PROC/WEB)#
#2026 06 07 21:33:39.582#Z#DEBUG#45480c39-62b8-11f1-9935-eeee0a9a8a76.approval-inbox-srv#flowable-async-job-executor-thread-5079#
[PollStartAppStatusExecution] 37a43f7b-a5fe-4f9c-80a8-893c34eca6ba [2026-06-07T21:33:36.350201] Invoking start command. (STDOUT, APP/PROC/WEB)#
#2026 06 07 21:33:39.582#Z#DEBUG#45480c39-62b8-11f1-9935-eeee0a9a8a76.approval-inbox-srv#flowable-async-job-executor-thread-5079#
[PollStartAppStatusExecution] 37a43f7b-a5fe-4f9c-80a8-893c34eca6ba [2026-06-07T21:33:36.587354] > approval-inbox@1.0.0 start (STDOUT, APP/PROC/WEB)#
#2026 06 07 21:33:39.582#Z#DEBUG#45480c39-62b8-11f1-9935-eeee0a9a8a76.approval-inbox-srv#flowable-async-job-executor-thread-5079#
[PollStartAppStatusExecution] 37a43f7b-a5fe-4f9c-80a8-893c34eca6ba [2026-06-07T21:33:36.587380] > cds-serve (STDOUT, APP/PROC/WEB)#
#2026 06 07 21:33:39.582#Z#DEBUG#45480c39-62b8-11f1-9935-eeee0a9a8a76.approval-inbox-srv#flowable-async-job-executor-thread-5079#
[PollStartAppStatusExecution] 37a43f7b-a5fe-4f9c-80a8-893c34eca6ba [2026-06-07T21:33:36.963974] {"level":"info","logger":"cds","timestamp":"2026-06-07T21:33:36.962Z","layer":"cds","component_type":"application","container_id":"10.32.1.5","component_id":"37a43f7b-a5fe-4f9c-80a8-893c34eca6ba","component_name":"approval-inbox-srv","component_instance":0,"source_instance":0,"organization_name":"733d95cctrial","organization_id":"03e6d9f5-da3e-4e73-9964-9ceb8bc4c62a","space_name":"dev","space_id":"866e022a-f99a-4e70-b297-343c39329964","msg":"loaded model from 1 file(s):\n ","type":"log"} (STDOUT, APP/PROC/WEB)#
#2026 06 07 21:33:39.582#Z#DEBUG#45480c39-62b8-11f1-9935-eeee0a9a8a76.approval-inbox-srv#flowable-async-job-executor-thread-5079#
[PollStartAppStatusExecution] 37a43f7b-a5fe-4f9c-80a8-893c34eca6ba [2026-06-07T21:33:36.964480] srv/csn.json (STDOUT, APP/PROC/WEB)#
#2026 06 07 21:33:39.582#Z#DEBUG#45480c39-62b8-11f1-9935-eeee0a9a8a76.approval-inbox-srv#flowable-async-job-executor-thread-5079#
[PollStartAppStatusExecution] 37a43f7b-a5fe-4f9c-80a8-893c34eca6ba [2026-06-07T21:33:37.305243] {"level":"info","logger":"cds","timestamp":"2026-06-07T21:33:37.304Z","layer":"cds","component_type":"application","container_id":"10.32.1.5","component_id":"37a43f7b-a5fe-4f9c-80a8-893c34eca6ba","component_name":"approval-inbox-srv","component_instance":0,"source_instance":0,"organization_name":"733d95cctrial","organization_id":"03e6d9f5-da3e-4e73-9964-9ceb8bc4c62a","space_name":"dev","space_id":"866e022a-f99a-4e70-b297-343c39329964","msg":"connect to db > hana {\n  database_id: 'dd335352-b948-4bce-826b-662362f1f052',\n  host: 'dd335352-b948-4bce-826b-662362f1f052.hana.prod-ap21.hanacloud.ondemand.com',\n  port: '443',\n  driver: 'com.sap.db.jdbc.Driver',\n  url: 'jdbc:sap://dd335352-b948-4bce-826b-662362f1f052.hana.prod-ap21.hanacloud.ondemand.com:443?encrypt=true&validateCertificate=true&currentschema=09FF326E4850441B99A3FBA8B6307C42',\n  schema: '09FF326E4850441B99A3FBA8B6307C42',\n  certificate: '...',\n  hdi_user: '09FF326E4850441B99A3FBA8B6307C42_7Y9TU8JP4EL9H9FR15WR5GH8R_DT',\n  hdi_password: '...',\n  user: '09FF326E4850441B99A3FBA8B6307C42_7Y9TU8JP4EL9H9FR15WR5GH8R_RT',\n  password: '...'\n}","type":"log"} (STDOUT, APP/PROC/WEB)#
#2026 06 07 21:33:39.582#Z#DEBUG#45480c39-62b8-11f1-9935-eeee0a9a8a76.approval-inbox-srv#flowable-async-job-executor-thread-5079#
[PollStartAppStatusExecution] 37a43f7b-a5fe-4f9c-80a8-893c34eca6ba [2026-06-07T21:33:37.347330] {"level":"info","logger":"cds","timestamp":"2026-06-07T21:33:37.346Z","layer":"cds","component_type":"application","container_id":"10.32.1.5","component_id":"37a43f7b-a5fe-4f9c-80a8-893c34eca6ba","component_name":"approval-inbox-srv","component_instance":0,"source_instance":0,"organization_name":"733d95cctrial","organization_id":"03e6d9f5-da3e-4e73-9964-9ceb8bc4c62a","space_name":"dev","space_id":"866e022a-f99a-4e70-b297-343c39329964","msg":"using auth strategy { kind: 'jwt' }","type":"log"} (STDOUT, APP/PROC/WEB)#
#2026 06 07 21:33:39.582#Z#DEBUG#45480c39-62b8-11f1-9935-eeee0a9a8a76.approval-inbox-srv#flowable-async-job-executor-thread-5079#
[PollStartAppStatusExecution] 37a43f7b-a5fe-4f9c-80a8-893c34eca6ba [2026-06-07T21:33:37.349608] node:internal/modules/cjs/loader:1421 (STDERR, APP/PROC/WEB)#
#2026 06 07 21:33:39.582#Z#DEBUG#45480c39-62b8-11f1-9935-eeee0a9a8a76.approval-inbox-srv#flowable-async-job-executor-thread-5079#
[PollStartAppStatusExecution] 37a43f7b-a5fe-4f9c-80a8-893c34eca6ba [2026-06-07T21:33:37.349619] const err = new Error(message); (STDERR, APP/PROC/WEB)#
#2026 06 07 21:33:39.582#Z#DEBUG#45480c39-62b8-11f1-9935-eeee0a9a8a76.approval-inbox-srv#flowable-async-job-executor-thread-5079#
[PollStartAppStatusExecution] 37a43f7b-a5fe-4f9c-80a8-893c34eca6ba [2026-06-07T21:33:37.349623] ^ (STDERR, APP/PROC/WEB)#
#2026 06 07 21:33:39.582#Z#DEBUG#45480c39-62b8-11f1-9935-eeee0a9a8a76.approval-inbox-srv#flowable-async-job-executor-thread-5079#
[PollStartAppStatusExecution] 37a43f7b-a5fe-4f9c-80a8-893c34eca6ba [2026-06-07T21:33:37.349627] Error: Cannot find '@sap/xssec'. Make sure to install it with 'npm i @sap/xssec' (STDERR, APP/PROC/WEB)#
#2026 06 07 21:33:39.582#Z#DEBUG#45480c39-62b8-11f1-9935-eeee0a9a8a76.approval-inbox-srv#flowable-async-job-executor-thread-5079#
[PollStartAppStatusExecution] 37a43f7b-a5fe-4f9c-80a8-893c34eca6ba [2026-06-07T21:33:37.349631] Cannot find module '@sap/xssec' (STDERR, APP/PROC/WEB)#
#2026 06 07 21:33:39.582#Z#DEBUG#45480c39-62b8-11f1-9935-eeee0a9a8a76.approval-inbox-srv#flowable-async-job-executor-thread-5079#
[PollStartAppStatusExecution] 37a43f7b-a5fe-4f9c-80a8-893c34eca6ba [2026-06-07T21:33:37.349638] Require stack: (STDERR, APP/PROC/WEB)#
#2026 06 07 21:33:39.582#Z#DEBUG#45480c39-62b8-11f1-9935-eeee0a9a8a76.approval-inbox-srv#flowable-async-job-executor-thread-5079#
[PollStartAppStatusExecution] 37a43f7b-a5fe-4f9c-80a8-893c34eca6ba [2026-06-07T21:33:37.349641] - /home/vcap/app/node_modules/@sap/cds/lib/srv/middlewares/auth/xssec.js (STDERR, APP/PROC/WEB)#
#2026 06 07 21:33:39.582#Z#DEBUG#45480c39-62b8-11f1-9935-eeee0a9a8a76.approval-inbox-srv#flowable-async-job-executor-thread-5079#
[PollStartAppStatusExecution] 37a43f7b-a5fe-4f9c-80a8-893c34eca6ba [2026-06-07T21:33:37.349645] - /home/vcap/app/node_modules/@sap/cds/lib/srv/middlewares/auth/jwt-auth.js (STDERR, APP/PROC/WEB)#
#2026 06 07 21:33:39.582#Z#DEBUG#45480c39-62b8-11f1-9935-eeee0a9a8a76.approval-inbox-srv#flowable-async-job-executor-thread-5079#
[PollStartAppStatusExecution] 37a43f7b-a5fe-4f9c-80a8-893c34eca6ba [2026-06-07T21:33:37.349648] - /home/vcap/app/node_modules/@sap/cds/lib/srv/middlewares/auth/index.js (STDERR, APP/PROC/WEB)#
#2026 06 07 21:33:39.582#Z#DEBUG#45480c39-62b8-11f1-9935-eeee0a9a8a76.approval-inbox-srv#flowable-async-job-executor-thread-5079#
[PollStartAppStatusExecution] 37a43f7b-a5fe-4f9c-80a8-893c34eca6ba [2026-06-07T21:33:37.349652] - /home/vcap/app/node_modules/@sap/cds/lib/srv/middlewares/index.js (STDERR, APP/PROC/WEB)#
#2026 06 07 21:33:39.582#Z#DEBUG#45480c39-62b8-11f1-9935-eeee0a9a8a76.approval-inbox-srv#flowable-async-job-executor-thread-5079#
[PollStartAppStatusExecution] 37a43f7b-a5fe-4f9c-80a8-893c34eca6ba [2026-06-07T21:33:37.349655] - /home/vcap/app/node_modules/@sap/cds/lib/index.js (STDERR, APP/PROC/WEB)#
#2026 06 07 21:33:39.582#Z#DEBUG#45480c39-62b8-11f1-9935-eeee0a9a8a76.approval-inbox-srv#flowable-async-job-executor-thread-5079#
[PollStartAppStatusExecution] 37a43f7b-a5fe-4f9c-80a8-893c34eca6ba [2026-06-07T21:33:37.349658] - /home/vcap/app/node_modules/@sap/cds/bin/serve.js (STDERR, APP/PROC/WEB)#
#2026 06 07 21:33:39.582#Z#DEBUG#45480c39-62b8-11f1-9935-eeee0a9a8a76.approval-inbox-srv#flowable-async-job-executor-thread-5079#
[PollStartAppStatusExecution] 37a43f7b-a5fe-4f9c-80a8-893c34eca6ba [2026-06-07T21:33:37.349663] at Module._resolveFilename (node:internal/modules/cjs/loader:1421:15) (STDERR, APP/PROC/WEB)#
#2026 06 07 21:33:39.582#Z#DEBUG#45480c39-62b8-11f1-9935-eeee0a9a8a76.approval-inbox-srv#flowable-async-job-executor-thread-5079#
[PollStartAppStatusExecution] 37a43f7b-a5fe-4f9c-80a8-893c34eca6ba [2026-06-07T21:33:37.349666] at defaultResolveImpl (node:internal/modules/cjs/loader:1059:19) (STDERR, APP/PROC/WEB)#
#2026 06 07 21:33:39.582#Z#DEBUG#45480c39-62b8-11f1-9935-eeee0a9a8a76.approval-inbox-srv#flowable-async-job-executor-thread-5079#
[PollStartAppStatusExecution] 37a43f7b-a5fe-4f9c-80a8-893c34eca6ba [2026-06-07T21:33:37.349669] at resolveForCJSWithHooks (node:internal/modules/cjs/loader:1064:22) (STDERR, APP/PROC/WEB)#
#2026 06 07 21:33:39.582#Z#DEBUG#45480c39-62b8-11f1-9935-eeee0a9a8a76.approval-inbox-srv#flowable-async-job-executor-thread-5079#
[PollStartAppStatusExecution] 37a43f7b-a5fe-4f9c-80a8-893c34eca6ba [2026-06-07T21:33:37.349673] at Module._load (node:internal/modules/cjs/loader:1227:37) (STDERR, APP/PROC/WEB)#
#2026 06 07 21:33:39.582#Z#DEBUG#45480c39-62b8-11f1-9935-eeee0a9a8a76.approval-inbox-srv#flowable-async-job-executor-thread-5079#
[PollStartAppStatusExecution] 37a43f7b-a5fe-4f9c-80a8-893c34eca6ba [2026-06-07T21:33:37.349678] at TracingChannel.traceSync (node:diagnostics_channel:328:14) (STDERR, APP/PROC/WEB)#
#2026 06 07 21:33:39.582#Z#DEBUG#45480c39-62b8-11f1-9935-eeee0a9a8a76.approval-inbox-srv#flowable-async-job-executor-thread-5079#
[PollStartAppStatusExecution] 37a43f7b-a5fe-4f9c-80a8-893c34eca6ba [2026-06-07T21:33:37.349683] at wrapModuleLoad (node:internal/modules/cjs/loader:245:24) (STDERR, APP/PROC/WEB)#
#2026 06 07 21:33:39.582#Z#DEBUG#45480c39-62b8-11f1-9935-eeee0a9a8a76.approval-inbox-srv#flowable-async-job-executor-thread-5079#
[PollStartAppStatusExecution] 37a43f7b-a5fe-4f9c-80a8-893c34eca6ba [2026-06-07T21:33:37.349686] at Module.require (node:internal/modules/cjs/loader:1504:12) (STDERR, APP/PROC/WEB)#
#2026 06 07 21:33:39.582#Z#DEBUG#45480c39-62b8-11f1-9935-eeee0a9a8a76.approval-inbox-srv#flowable-async-job-executor-thread-5079#
[PollStartAppStatusExecution] 37a43f7b-a5fe-4f9c-80a8-893c34eca6ba [2026-06-07T21:33:37.349689] at require (node:internal/modules/helpers:152:16) (STDERR, APP/PROC/WEB)#
#2026 06 07 21:33:39.582#Z#DEBUG#45480c39-62b8-11f1-9935-eeee0a9a8a76.approval-inbox-srv#flowable-async-job-executor-thread-5079#
[PollStartAppStatusExecution] 37a43f7b-a5fe-4f9c-80a8-893c34eca6ba [2026-06-07T21:33:37.349693] at Object.<anonymous> (/home/vcap/app/node_modules/@sap/cds/lib/srv/middlewares/auth/xssec.js:2:17) (STDERR, APP/PROC/WEB)#
#2026 06 07 21:33:39.582#Z#DEBUG#45480c39-62b8-11f1-9935-eeee0a9a8a76.approval-inbox-srv#flowable-async-job-executor-thread-5079#
[PollStartAppStatusExecution] 37a43f7b-a5fe-4f9c-80a8-893c34eca6ba [2026-06-07T21:33:37.349696] at Module._compile (node:internal/modules/cjs/loader:1761:14) { (STDERR, APP/PROC/WEB)#
#2026 06 07 21:33:39.582#Z#DEBUG#45480c39-62b8-11f1-9935-eeee0a9a8a76.approval-inbox-srv#flowable-async-job-executor-thread-5079#
[PollStartAppStatusExecution] 37a43f7b-a5fe-4f9c-80a8-893c34eca6ba [2026-06-07T21:33:37.349699] code: 'MODULE_NOT_FOUND', (STDERR, APP/PROC/WEB)#
#2026 06 07 21:33:39.582#Z#DEBUG#45480c39-62b8-11f1-9935-eeee0a9a8a76.approval-inbox-srv#flowable-async-job-executor-thread-5079#
[PollStartAppStatusExecution] 37a43f7b-a5fe-4f9c-80a8-893c34eca6ba [2026-06-07T21:33:37.349702] requireStack: [ (STDERR, APP/PROC/WEB)#
#2026 06 07 21:33:39.582#Z#DEBUG#45480c39-62b8-11f1-9935-eeee0a9a8a76.approval-inbox-srv#flowable-async-job-executor-thread-5079#
[PollStartAppStatusExecution] 37a43f7b-a5fe-4f9c-80a8-893c34eca6ba [2026-06-07T21:33:37.349705] '/home/vcap/app/node_modules/@sap/cds/lib/srv/middlewares/auth/xssec.js', (STDERR, APP/PROC/WEB)#
#2026 06 07 21:33:39.582#Z#DEBUG#45480c39-62b8-11f1-9935-eeee0a9a8a76.approval-inbox-srv#flowable-async-job-executor-thread-5079#
[PollStartAppStatusExecution] 37a43f7b-a5fe-4f9c-80a8-893c34eca6ba [2026-06-07T21:33:37.349709] '/home/vcap/app/node_modules/@sap/cds/lib/srv/middlewares/auth/jwt-auth.js', (STDERR, APP/PROC/WEB)#
#2026 06 07 21:33:39.582#Z#DEBUG#45480c39-62b8-11f1-9935-eeee0a9a8a76.approval-inbox-srv#flowable-async-job-executor-thread-5079#
[PollStartAppStatusExecution] 37a43f7b-a5fe-4f9c-80a8-893c34eca6ba [2026-06-07T21:33:37.349712] '/home/vcap/app/node_modules/@sap/cds/lib/srv/middlewares/auth/index.js', (STDERR, APP/PROC/WEB)#
#2026 06 07 21:33:39.582#Z#DEBUG#45480c39-62b8-11f1-9935-eeee0a9a8a76.approval-inbox-srv#flowable-async-job-executor-thread-5079#
[PollStartAppStatusExecution] 37a43f7b-a5fe-4f9c-80a8-893c34eca6ba [2026-06-07T21:33:37.349717] '/home/vcap/app/node_modules/@sap/cds/lib/srv/middlewares/index.js', (STDERR, APP/PROC/WEB)#
#2026 06 07 21:33:39.582#Z#DEBUG#45480c39-62b8-11f1-9935-eeee0a9a8a76.approval-inbox-srv#flowable-async-job-executor-thread-5079#
[PollStartAppStatusExecution] 37a43f7b-a5fe-4f9c-80a8-893c34eca6ba [2026-06-07T21:33:37.349721] '/home/vcap/app/node_modules/@sap/cds/lib/index.js', (STDERR, APP/PROC/WEB)#
#2026 06 07 21:33:39.582#Z#DEBUG#45480c39-62b8-11f1-9935-eeee0a9a8a76.approval-inbox-srv#flowable-async-job-executor-thread-5079#
[PollStartAppStatusExecution] 37a43f7b-a5fe-4f9c-80a8-893c34eca6ba [2026-06-07T21:33:37.349724] '/home/vcap/app/node_modules/@sap/cds/bin/serve.js' (STDERR, APP/PROC/WEB)#
#2026 06 07 21:33:39.582#Z#DEBUG#45480c39-62b8-11f1-9935-eeee0a9a8a76.approval-inbox-srv#flowable-async-job-executor-thread-5079#
[PollStartAppStatusExecution] 37a43f7b-a5fe-4f9c-80a8-893c34eca6ba [2026-06-07T21:33:37.349727] ] (STDERR, APP/PROC/WEB)#
#2026 06 07 21:33:39.582#Z#DEBUG#45480c39-62b8-11f1-9935-eeee0a9a8a76.approval-inbox-srv#flowable-async-job-executor-thread-5079#
[PollStartAppStatusExecution] 37a43f7b-a5fe-4f9c-80a8-893c34eca6ba [2026-06-07T21:33:37.349731] } (STDERR, APP/PROC/WEB)#
#2026 06 07 21:33:39.582#Z#DEBUG#45480c39-62b8-11f1-9935-eeee0a9a8a76.approval-inbox-srv#flowable-async-job-executor-thread-5079#
[PollStartAppStatusExecution] 37a43f7b-a5fe-4f9c-80a8-893c34eca6ba [2026-06-07T21:33:37.349736] Node.js v24.13.0 (STDERR, APP/PROC/WEB)#
#2026 06 07 21:33:39.582#Z#DEBUG#45480c39-62b8-11f1-9935-eeee0a9a8a76.approval-inbox-srv#flowable-async-job-executor-thread-5079#
[PollStartAppStatusExecution] 37a43f7b-a5fe-4f9c-80a8-893c34eca6ba [2026-06-07T21:33:37.402171] Exit status 1 (STDOUT, APP/PROC/WEB)#
#2026 06 07 21:33:49.622#Z#DEBUG#45480c39-62b8-11f1-9935-eeee0a9a8a76.approval-inbox-srv#flowable-async-job-executor-thread-1502#
[PollStartAppStatusExecution] 37a43f7b-a5fe-4f9c-80a8-893c34eca6ba [2026-06-07T21:33:43.574] Cell 1ea14514-f0fe-461c-9aa9-a53bbe093b00 stopping instance 1fb35f67-8040-4e82-57ab-e3a0 (STDOUT, CELL)#
#2026 06 07 21:33:49.622#Z#DEBUG#45480c39-62b8-11f1-9935-eeee0a9a8a76.approval-inbox-srv#flowable-async-job-executor-thread-1502#
[PollStartAppStatusExecution] 37a43f7b-a5fe-4f9c-80a8-893c34eca6ba [2026-06-07T21:33:43.574028] Cell 1ea14514-f0fe-461c-9aa9-a53bbe093b00 destroying container for instance 1fb35f67-8040-4e82-57ab-e3a0 (STDOUT, CELL)#
#2026 06 07 21:33:49.622#Z#DEBUG#45480c39-62b8-11f1-9935-eeee0a9a8a76.approval-inbox-srv#flowable-async-job-executor-thread-1502#
[PollStartAppStatusExecution] 37a43f7b-a5fe-4f9c-80a8-893c34eca6ba [2026-06-07T21:33:43.597723] Process has crashed with type: "web" (STDOUT, API)#
#2026 06 07 21:33:49.622#Z#DEBUG#45480c39-62b8-11f1-9935-eeee0a9a8a76.approval-inbox-srv#flowable-async-job-executor-thread-1502#
[PollStartAppStatusExecution] 37a43f7b-a5fe-4f9c-80a8-893c34eca6ba [2026-06-07T21:33:43.623015] App instance exited with guid 37a43f7b-a5fe-4f9c-80a8-893c34eca6ba payload: {"instance"=>"1fb35f67-8040-4e82-57ab-e3a0", "index"=>0, "cell_id"=>"1ea14514-f0fe-461c-9aa9-a53bbe093b00", "reason"=>"CRASHED", "exit_description"=>"APP/PROC/WEB: Exited with status 1", "crash_count"=>3, "crash_timestamp"=>1780868023546643948, "version"=>"c8e65557-2527-4ba1-8212-f44e66396ff1"} (STDOUT, API)#
#2026 06 07 21:33:49.622#Z#DEBUG#45480c39-62b8-11f1-9935-eeee0a9a8a76.approval-inbox-srv#flowable-async-job-executor-thread-1502#
[PollStartAppStatusExecution] 37a43f7b-a5fe-4f9c-80a8-893c34eca6ba [2026-06-07T21:33:43.780563] Exit status 137 (STDOUT, PROXY)#
#2026 06 07 21:33:49.622#Z#DEBUG#45480c39-62b8-11f1-9935-eeee0a9a8a76.approval-inbox-srv#flowable-async-job-executor-thread-1502#
[PollStartAppStatusExecution] 37a43f7b-a5fe-4f9c-80a8-893c34eca6ba [2026-06-07T21:33:46.643258] Cell 1ea14514-f0fe-461c-9aa9-a53bbe093b00 successfully destroyed container for instance 1fb35f67-8040-4e82-57ab-e3a0 (STDOUT, CELL)#
#2026 06 07 21:33:59.660#Z#DEBUG#45480c39-62b8-11f1-9935-eeee0a9a8a76.approval-inbox-srv#flowable-async-job-executor-thread-5083#
[PollStartAppStatusExecution] 37a43f7b-a5fe-4f9c-80a8-893c34eca6ba [2026-06-07T21:33:43.574] Cell 1ea14514-f0fe-461c-9aa9-a53bbe093b00 stopping instance 1fb35f67-8040-4e82-57ab-e3a0 (STDOUT, CELL)#
#2026 06 07 21:33:59.660#Z#DEBUG#45480c39-62b8-11f1-9935-eeee0a9a8a76.approval-inbox-srv#flowable-async-job-executor-thread-5083#
[PollStartAppStatusExecution] 37a43f7b-a5fe-4f9c-80a8-893c34eca6ba [2026-06-07T21:33:43.574028] Cell 1ea14514-f0fe-461c-9aa9-a53bbe093b00 destroying container for instance 1fb35f67-8040-4e82-57ab-e3a0 (STDOUT, CELL)#
#2026 06 07 21:33:59.660#Z#DEBUG#45480c39-62b8-11f1-9935-eeee0a9a8a76.approval-inbox-srv#flowable-async-job-executor-thread-5083#
[PollStartAppStatusExecution] 37a43f7b-a5fe-4f9c-80a8-893c34eca6ba [2026-06-07T21:33:43.597723] Process has crashed with type: "web" (STDOUT, API)#
#2026 06 07 21:33:59.660#Z#DEBUG#45480c39-62b8-11f1-9935-eeee0a9a8a76.approval-inbox-srv#flowable-async-job-executor-thread-5083#
[PollStartAppStatusExecution] 37a43f7b-a5fe-4f9c-80a8-893c34eca6ba [2026-06-07T21:33:43.623015] App instance exited with guid 37a43f7b-a5fe-4f9c-80a8-893c34eca6ba payload: {"instance"=>"1fb35f67-8040-4e82-57ab-e3a0", "index"=>0, "cell_id"=>"1ea14514-f0fe-461c-9aa9-a53bbe093b00", "reason"=>"CRASHED", "exit_description"=>"APP/PROC/WEB: Exited with status 1", "crash_count"=>3, "crash_timestamp"=>1780868023546643948, "version"=>"c8e65557-2527-4ba1-8212-f44e66396ff1"} (STDOUT, API)#
#2026 06 07 21:33:59.660#Z#DEBUG#45480c39-62b8-11f1-9935-eeee0a9a8a76.approval-inbox-srv#flowable-async-job-executor-thread-5083#
[PollStartAppStatusExecution] 37a43f7b-a5fe-4f9c-80a8-893c34eca6ba [2026-06-07T21:33:43.780563] Exit status 137 (STDOUT, PROXY)#
#2026 06 07 21:33:59.660#Z#DEBUG#45480c39-62b8-11f1-9935-eeee0a9a8a76.approval-inbox-srv#flowable-async-job-executor-thread-5083#
[PollStartAppStatusExecution] 37a43f7b-a5fe-4f9c-80a8-893c34eca6ba [2026-06-07T21:33:46.643258] Cell 1ea14514-f0fe-461c-9aa9-a53bbe093b00 successfully destroyed container for instance 1fb35f67-8040-4e82-57ab-e3a0 (STDOUT, CELL)#
#2026 06 07 21:33:59.660#Z#DEBUG#45480c39-62b8-11f1-9935-eeee0a9a8a76.approval-inbox-srv#flowable-async-job-executor-thread-5083#
[PollStartAppStatusExecution] 37a43f7b-a5fe-4f9c-80a8-893c34eca6ba [2026-06-07T21:33:52.380306] Stopping app with guid 37a43f7b-a5fe-4f9c-80a8-893c34eca6ba (STDOUT, API)#
#2026 06 07 21:33:59.660#Z#DEBUG#45480c39-62b8-11f1-9935-eeee0a9a8a76.approval-inbox-srv#flowable-async-job-executor-thread-5083#
[PollStartAppStatusExecution] 37a43f7b-a5fe-4f9c-80a8-893c34eca6ba [2026-06-07T21:33:52.600385] Starting app with guid 37a43f7b-a5fe-4f9c-80a8-893c34eca6ba (STDOUT, API)#
#2026 06 07 21:33:59.660#Z#DEBUG#45480c39-62b8-11f1-9935-eeee0a9a8a76.approval-inbox-srv#flowable-async-job-executor-thread-5083#
[PollStartAppStatusExecution] 37a43f7b-a5fe-4f9c-80a8-893c34eca6ba [2026-06-07T21:33:52.840391] Cell 54b50d35-322b-4617-baa3-c13476b47cb5 creating container for instance 0e5cebfc-daa5-4d73-482a-53da (STDOUT, CELL)#
#2026 06 07 21:33:59.660#Z#DEBUG#45480c39-62b8-11f1-9935-eeee0a9a8a76.approval-inbox-srv#flowable-async-job-executor-thread-5083#
[PollStartAppStatusExecution] 37a43f7b-a5fe-4f9c-80a8-893c34eca6ba [2026-06-07T21:33:53.610081] Security group rules were updated (STDOUT, CELL)#
#2026 06 07 21:33:59.660#Z#DEBUG#45480c39-62b8-11f1-9935-eeee0a9a8a76.approval-inbox-srv#flowable-async-job-executor-thread-5083#
[PollStartAppStatusExecution] 37a43f7b-a5fe-4f9c-80a8-893c34eca6ba [2026-06-07T21:33:53.732880] Cell 54b50d35-322b-4617-baa3-c13476b47cb5 successfully created container for instance 0e5cebfc-daa5-4d73-482a-53da (STDOUT, CELL)#
#2026 06 07 21:33:59.660#Z#DEBUG#45480c39-62b8-11f1-9935-eeee0a9a8a76.approval-inbox-srv#flowable-async-job-executor-thread-5083#
[PollStartAppStatusExecution] 37a43f7b-a5fe-4f9c-80a8-893c34eca6ba [2026-06-07T21:33:54.378146] Downloading droplet... (STDOUT, CELL)#
#2026 06 07 21:34:09.658#Z#DEBUG#45480c39-62b8-11f1-9935-eeee0a9a8a76.approval-inbox-srv#flowable-async-job-executor-thread-5087#
[PollStartAppStatusExecution] 37a43f7b-a5fe-4f9c-80a8-893c34eca6ba [2026-06-07T21:34:01.126158] Downloaded droplet (70.4M) (STDOUT, CELL)#
#2026 06 07 21:34:09.658#Z#DEBUG#45480c39-62b8-11f1-9935-eeee0a9a8a76.approval-inbox-srv#flowable-async-job-executor-thread-5087#
[PollStartAppStatusExecution] 37a43f7b-a5fe-4f9c-80a8-893c34eca6ba [2026-06-07T21:34:01.126669] Starting health monitoring of container (STDOUT, CELL)#
#2026 06 07 21:34:09.658#Z#DEBUG#45480c39-62b8-11f1-9935-eeee0a9a8a76.approval-inbox-srv#flowable-async-job-executor-thread-5087#
[PollStartAppStatusExecution] 37a43f7b-a5fe-4f9c-80a8-893c34eca6ba [2026-06-07T21:34:01.336118] Invoking pre-start scripts. (STDOUT, APP/PROC/WEB)#
#2026 06 07 21:34:09.658#Z#DEBUG#45480c39-62b8-11f1-9935-eeee0a9a8a76.approval-inbox-srv#flowable-async-job-executor-thread-5087#
[PollStartAppStatusExecution] 37a43f7b-a5fe-4f9c-80a8-893c34eca6ba [2026-06-07T21:34:01.619223] Invoking start command. (STDOUT, APP/PROC/WEB)#
#2026 06 07 21:34:09.658#Z#DEBUG#45480c39-62b8-11f1-9935-eeee0a9a8a76.approval-inbox-srv#flowable-async-job-executor-thread-5087#
[PollStartAppStatusExecution] 37a43f7b-a5fe-4f9c-80a8-893c34eca6ba [2026-06-07T21:34:01.835519] > approval-inbox@1.0.0 start (STDOUT, APP/PROC/WEB)#
#2026 06 07 21:34:09.658#Z#DEBUG#45480c39-62b8-11f1-9935-eeee0a9a8a76.approval-inbox-srv#flowable-async-job-executor-thread-5087#
[PollStartAppStatusExecution] 37a43f7b-a5fe-4f9c-80a8-893c34eca6ba [2026-06-07T21:34:01.835548] > cds-serve (STDOUT, APP/PROC/WEB)#
#2026 06 07 21:34:09.658#Z#DEBUG#45480c39-62b8-11f1-9935-eeee0a9a8a76.approval-inbox-srv#flowable-async-job-executor-thread-5087#
[PollStartAppStatusExecution] 37a43f7b-a5fe-4f9c-80a8-893c34eca6ba [2026-06-07T21:34:02.222420] {"level":"info","logger":"cds","timestamp":"2026-06-07T21:34:02.220Z","layer":"cds","component_type":"application","container_id":"10.32.1.6","component_id":"37a43f7b-a5fe-4f9c-80a8-893c34eca6ba","component_name":"approval-inbox-srv","component_instance":0,"source_instance":0,"organization_name":"733d95cctrial","organization_id":"03e6d9f5-da3e-4e73-9964-9ceb8bc4c62a","space_name":"dev","space_id":"866e022a-f99a-4e70-b297-343c39329964","msg":"loaded model from 1 file(s):\n ","type":"log"} (STDOUT, APP/PROC/WEB)#
#2026 06 07 21:34:09.658#Z#DEBUG#45480c39-62b8-11f1-9935-eeee0a9a8a76.approval-inbox-srv#flowable-async-job-executor-thread-5087#
[PollStartAppStatusExecution] 37a43f7b-a5fe-4f9c-80a8-893c34eca6ba [2026-06-07T21:34:02.222890] srv/csn.json (STDOUT, APP/PROC/WEB)#
#2026 06 07 21:34:09.658#Z#DEBUG#45480c39-62b8-11f1-9935-eeee0a9a8a76.approval-inbox-srv#flowable-async-job-executor-thread-5087#
[PollStartAppStatusExecution] 37a43f7b-a5fe-4f9c-80a8-893c34eca6ba [2026-06-07T21:34:02.490731] {"level":"info","logger":"cds","timestamp":"2026-06-07T21:34:02.489Z","layer":"cds","component_type":"application","container_id":"10.32.1.6","component_id":"37a43f7b-a5fe-4f9c-80a8-893c34eca6ba","component_name":"approval-inbox-srv","component_instance":0,"source_instance":0,"organization_name":"733d95cctrial","organization_id":"03e6d9f5-da3e-4e73-9964-9ceb8bc4c62a","space_name":"dev","space_id":"866e022a-f99a-4e70-b297-343c39329964","msg":"connect to db > hana {\n  database_id: 'dd335352-b948-4bce-826b-662362f1f052',\n  host: 'dd335352-b948-4bce-826b-662362f1f052.hana.prod-ap21.hanacloud.ondemand.com',\n  port: '443',\n  driver: 'com.sap.db.jdbc.Driver',\n  url: 'jdbc:sap://dd335352-b948-4bce-826b-662362f1f052.hana.prod-ap21.hanacloud.ondemand.com:443?encrypt=true&validateCertificate=true&currentschema=09FF326E4850441B99A3FBA8B6307C42',\n  schema: '09FF326E4850441B99A3FBA8B6307C42',\n  certificate: '...',\n  hdi_user: '09FF326E4850441B99A3FBA8B6307C42_7Y9TU8JP4EL9H9FR15WR5GH8R_DT',\n  hdi_password: '...',\n  user: '09FF326E4850441B99A3FBA8B6307C42_7Y9TU8JP4EL9H9FR15WR5GH8R_RT',\n  password: '...'\n}","type":"log"} (STDOUT, APP/PROC/WEB)#
#2026 06 07 21:34:09.658#Z#DEBUG#45480c39-62b8-11f1-9935-eeee0a9a8a76.approval-inbox-srv#flowable-async-job-executor-thread-5087#
[PollStartAppStatusExecution] 37a43f7b-a5fe-4f9c-80a8-893c34eca6ba [2026-06-07T21:34:02.526062] {"level":"info","logger":"cds","timestamp":"2026-06-07T21:34:02.525Z","layer":"cds","component_type":"application","container_id":"10.32.1.6","component_id":"37a43f7b-a5fe-4f9c-80a8-893c34eca6ba","component_name":"approval-inbox-srv","component_instance":0,"source_instance":0,"organization_name":"733d95cctrial","organization_id":"03e6d9f5-da3e-4e73-9964-9ceb8bc4c62a","space_name":"dev","space_id":"866e022a-f99a-4e70-b297-343c39329964","msg":"using auth strategy { kind: 'jwt' }","type":"log"} (STDOUT, APP/PROC/WEB)#
#2026 06 07 21:34:09.658#Z#DEBUG#45480c39-62b8-11f1-9935-eeee0a9a8a76.approval-inbox-srv#flowable-async-job-executor-thread-5087#
[PollStartAppStatusExecution] 37a43f7b-a5fe-4f9c-80a8-893c34eca6ba [2026-06-07T21:34:02.529295] node:internal/modules/cjs/loader:1421 (STDERR, APP/PROC/WEB)#
#2026 06 07 21:34:09.658#Z#DEBUG#45480c39-62b8-11f1-9935-eeee0a9a8a76.approval-inbox-srv#flowable-async-job-executor-thread-5087#
[PollStartAppStatusExecution] 37a43f7b-a5fe-4f9c-80a8-893c34eca6ba [2026-06-07T21:34:02.529320] const err = new Error(message); (STDERR, APP/PROC/WEB)#
#2026 06 07 21:34:09.658#Z#DEBUG#45480c39-62b8-11f1-9935-eeee0a9a8a76.approval-inbox-srv#flowable-async-job-executor-thread-5087#
[PollStartAppStatusExecution] 37a43f7b-a5fe-4f9c-80a8-893c34eca6ba [2026-06-07T21:34:02.529325] ^ (STDERR, APP/PROC/WEB)#
#2026 06 07 21:34:09.658#Z#DEBUG#45480c39-62b8-11f1-9935-eeee0a9a8a76.approval-inbox-srv#flowable-async-job-executor-thread-5087#
[PollStartAppStatusExecution] 37a43f7b-a5fe-4f9c-80a8-893c34eca6ba [2026-06-07T21:34:02.529330] Error: Cannot find '@sap/xssec'. Make sure to install it with 'npm i @sap/xssec' (STDERR, APP/PROC/WEB)#
#2026 06 07 21:34:09.658#Z#DEBUG#45480c39-62b8-11f1-9935-eeee0a9a8a76.approval-inbox-srv#flowable-async-job-executor-thread-5087#
[PollStartAppStatusExecution] 37a43f7b-a5fe-4f9c-80a8-893c34eca6ba [2026-06-07T21:34:02.529336] Cannot find module '@sap/xssec' (STDERR, APP/PROC/WEB)#
#2026 06 07 21:34:09.658#Z#DEBUG#45480c39-62b8-11f1-9935-eeee0a9a8a76.approval-inbox-srv#flowable-async-job-executor-thread-5087#
[PollStartAppStatusExecution] 37a43f7b-a5fe-4f9c-80a8-893c34eca6ba [2026-06-07T21:34:02.529339] Require stack: (STDERR, APP/PROC/WEB)#
#2026 06 07 21:34:09.658#Z#DEBUG#45480c39-62b8-11f1-9935-eeee0a9a8a76.approval-inbox-srv#flowable-async-job-executor-thread-5087#
[PollStartAppStatusExecution] 37a43f7b-a5fe-4f9c-80a8-893c34eca6ba [2026-06-07T21:34:02.529343] - /home/vcap/app/node_modules/@sap/cds/lib/srv/middlewares/auth/xssec.js (STDERR, APP/PROC/WEB)#
#2026 06 07 21:34:09.658#Z#DEBUG#45480c39-62b8-11f1-9935-eeee0a9a8a76.approval-inbox-srv#flowable-async-job-executor-thread-5087#
[PollStartAppStatusExecution] 37a43f7b-a5fe-4f9c-80a8-893c34eca6ba [2026-06-07T21:34:02.529348] - /home/vcap/app/node_modules/@sap/cds/lib/srv/middlewares/auth/jwt-auth.js (STDERR, APP/PROC/WEB)#
#2026 06 07 21:34:09.658#Z#DEBUG#45480c39-62b8-11f1-9935-eeee0a9a8a76.approval-inbox-srv#flowable-async-job-executor-thread-5087#
[PollStartAppStatusExecution] 37a43f7b-a5fe-4f9c-80a8-893c34eca6ba [2026-06-07T21:34:02.529351] - /home/vcap/app/node_modules/@sap/cds/lib/srv/middlewares/auth/index.js (STDERR, APP/PROC/WEB)#
#2026 06 07 21:34:09.658#Z#DEBUG#45480c39-62b8-11f1-9935-eeee0a9a8a76.approval-inbox-srv#flowable-async-job-executor-thread-5087#
[PollStartAppStatusExecution] 37a43f7b-a5fe-4f9c-80a8-893c34eca6ba [2026-06-07T21:34:02.529355] - /home/vcap/app/node_modules/@sap/cds/lib/srv/middlewares/index.js (STDERR, APP/PROC/WEB)#
#2026 06 07 21:34:09.658#Z#DEBUG#45480c39-62b8-11f1-9935-eeee0a9a8a76.approval-inbox-srv#flowable-async-job-executor-thread-5087#
[PollStartAppStatusExecution] 37a43f7b-a5fe-4f9c-80a8-893c34eca6ba [2026-06-07T21:34:02.529360] - /home/vcap/app/node_modules/@sap/cds/lib/index.js (STDERR, APP/PROC/WEB)#
#2026 06 07 21:34:09.658#Z#DEBUG#45480c39-62b8-11f1-9935-eeee0a9a8a76.approval-inbox-srv#flowable-async-job-executor-thread-5087#
[PollStartAppStatusExecution] 37a43f7b-a5fe-4f9c-80a8-893c34eca6ba [2026-06-07T21:34:02.529363] - /home/vcap/app/node_modules/@sap/cds/bin/serve.js (STDERR, APP/PROC/WEB)#
#2026 06 07 21:34:09.658#Z#DEBUG#45480c39-62b8-11f1-9935-eeee0a9a8a76.approval-inbox-srv#flowable-async-job-executor-thread-5087#
[PollStartAppStatusExecution] 37a43f7b-a5fe-4f9c-80a8-893c34eca6ba [2026-06-07T21:34:02.529367] at Module._resolveFilename (node:internal/modules/cjs/loader:1421:15) (STDERR, APP/PROC/WEB)#
#2026 06 07 21:34:09.658#Z#DEBUG#45480c39-62b8-11f1-9935-eeee0a9a8a76.approval-inbox-srv#flowable-async-job-executor-thread-5087#
[PollStartAppStatusExecution] 37a43f7b-a5fe-4f9c-80a8-893c34eca6ba [2026-06-07T21:34:02.529372] at defaultResolveImpl (node:internal/modules/cjs/loader:1059:19) (STDERR, APP/PROC/WEB)#
#2026 06 07 21:34:09.658#Z#DEBUG#45480c39-62b8-11f1-9935-eeee0a9a8a76.approval-inbox-srv#flowable-async-job-executor-thread-5087#
[PollStartAppStatusExecution] 37a43f7b-a5fe-4f9c-80a8-893c34eca6ba [2026-06-07T21:34:02.529376] at resolveForCJSWithHooks (node:internal/modules/cjs/loader:1064:22) (STDERR, APP/PROC/WEB)#
#2026 06 07 21:34:09.658#Z#DEBUG#45480c39-62b8-11f1-9935-eeee0a9a8a76.approval-inbox-srv#flowable-async-job-executor-thread-5087#
[PollStartAppStatusExecution] 37a43f7b-a5fe-4f9c-80a8-893c34eca6ba [2026-06-07T21:34:02.529381] at Module._load (node:internal/modules/cjs/loader:1227:37) (STDERR, APP/PROC/WEB)#
#2026 06 07 21:34:09.658#Z#DEBUG#45480c39-62b8-11f1-9935-eeee0a9a8a76.approval-inbox-srv#flowable-async-job-executor-thread-5087#
[PollStartAppStatusExecution] 37a43f7b-a5fe-4f9c-80a8-893c34eca6ba [2026-06-07T21:34:02.529384] at TracingChannel.traceSync (node:diagnostics_channel:328:14) (STDERR, APP/PROC/WEB)#
#2026 06 07 21:34:09.658#Z#DEBUG#45480c39-62b8-11f1-9935-eeee0a9a8a76.approval-inbox-srv#flowable-async-job-executor-thread-5087#
[PollStartAppStatusExecution] 37a43f7b-a5fe-4f9c-80a8-893c34eca6ba [2026-06-07T21:34:02.529389] at wrapModuleLoad (node:internal/modules/cjs/loader:245:24) (STDERR, APP/PROC/WEB)#
#2026 06 07 21:34:09.658#Z#DEBUG#45480c39-62b8-11f1-9935-eeee0a9a8a76.approval-inbox-srv#flowable-async-job-executor-thread-5087#
[PollStartAppStatusExecution] 37a43f7b-a5fe-4f9c-80a8-893c34eca6ba [2026-06-07T21:34:02.529392] at Module.require (node:internal/modules/cjs/loader:1504:12) (STDERR, APP/PROC/WEB)#
#2026 06 07 21:34:09.658#Z#DEBUG#45480c39-62b8-11f1-9935-eeee0a9a8a76.approval-inbox-srv#flowable-async-job-executor-thread-5087#
[PollStartAppStatusExecution] 37a43f7b-a5fe-4f9c-80a8-893c34eca6ba [2026-06-07T21:34:02.529395] at require (node:internal/modules/helpers:152:16) (STDERR, APP/PROC/WEB)#
#2026 06 07 21:34:09.658#Z#DEBUG#45480c39-62b8-11f1-9935-eeee0a9a8a76.approval-inbox-srv#flowable-async-job-executor-thread-5087#
[PollStartAppStatusExecution] 37a43f7b-a5fe-4f9c-80a8-893c34eca6ba [2026-06-07T21:34:02.529401] at Object.<anonymous> (/home/vcap/app/node_modules/@sap/cds/lib/srv/middlewares/auth/xssec.js:2:17) (STDERR, APP/PROC/WEB)#
#2026 06 07 21:34:09.658#Z#DEBUG#45480c39-62b8-11f1-9935-eeee0a9a8a76.approval-inbox-srv#flowable-async-job-executor-thread-5087#
[PollStartAppStatusExecution] 37a43f7b-a5fe-4f9c-80a8-893c34eca6ba [2026-06-07T21:34:02.529405] at Module._compile (node:internal/modules/cjs/loader:1761:14) { (STDERR, APP/PROC/WEB)#
#2026 06 07 21:34:09.658#Z#DEBUG#45480c39-62b8-11f1-9935-eeee0a9a8a76.approval-inbox-srv#flowable-async-job-executor-thread-5087#
[PollStartAppStatusExecution] 37a43f7b-a5fe-4f9c-80a8-893c34eca6ba [2026-06-07T21:34:02.529408] code: 'MODULE_NOT_FOUND', (STDERR, APP/PROC/WEB)#
#2026 06 07 21:34:09.658#Z#DEBUG#45480c39-62b8-11f1-9935-eeee0a9a8a76.approval-inbox-srv#flowable-async-job-executor-thread-5087#
[PollStartAppStatusExecution] 37a43f7b-a5fe-4f9c-80a8-893c34eca6ba [2026-06-07T21:34:02.529414] requireStack: [ (STDERR, APP/PROC/WEB)#
#2026 06 07 21:34:09.658#Z#DEBUG#45480c39-62b8-11f1-9935-eeee0a9a8a76.approval-inbox-srv#flowable-async-job-executor-thread-5087#
[PollStartAppStatusExecution] 37a43f7b-a5fe-4f9c-80a8-893c34eca6ba [2026-06-07T21:34:02.529417] '/home/vcap/app/node_modules/@sap/cds/lib/srv/middlewares/auth/xssec.js', (STDERR, APP/PROC/WEB)#
#2026 06 07 21:34:09.658#Z#DEBUG#45480c39-62b8-11f1-9935-eeee0a9a8a76.approval-inbox-srv#flowable-async-job-executor-thread-5087#
[PollStartAppStatusExecution] 37a43f7b-a5fe-4f9c-80a8-893c34eca6ba [2026-06-07T21:34:02.529421] '/home/vcap/app/node_modules/@sap/cds/lib/srv/middlewares/auth/jwt-auth.js', (STDERR, APP/PROC/WEB)#
#2026 06 07 21:34:09.658#Z#DEBUG#45480c39-62b8-11f1-9935-eeee0a9a8a76.approval-inbox-srv#flowable-async-job-executor-thread-5087#
[PollStartAppStatusExecution] 37a43f7b-a5fe-4f9c-80a8-893c34eca6ba [2026-06-07T21:34:02.529428] '/home/vcap/app/node_modules/@sap/cds/lib/srv/middlewares/auth/index.js', (STDERR, APP/PROC/WEB)#
#2026 06 07 21:34:09.658#Z#DEBUG#45480c39-62b8-11f1-9935-eeee0a9a8a76.approval-inbox-srv#flowable-async-job-executor-thread-5087#
[PollStartAppStatusExecution] 37a43f7b-a5fe-4f9c-80a8-893c34eca6ba [2026-06-07T21:34:02.529431] '/home/vcap/app/node_modules/@sap/cds/lib/srv/middlewares/index.js', (STDERR, APP/PROC/WEB)#
#2026 06 07 21:34:09.658#Z#DEBUG#45480c39-62b8-11f1-9935-eeee0a9a8a76.approval-inbox-srv#flowable-async-job-executor-thread-5087#
[PollStartAppStatusExecution] 37a43f7b-a5fe-4f9c-80a8-893c34eca6ba [2026-06-07T21:34:02.529436] '/home/vcap/app/node_modules/@sap/cds/lib/index.js', (STDERR, APP/PROC/WEB)#
#2026 06 07 21:34:09.658#Z#DEBUG#45480c39-62b8-11f1-9935-eeee0a9a8a76.approval-inbox-srv#flowable-async-job-executor-thread-5087#
[PollStartAppStatusExecution] 37a43f7b-a5fe-4f9c-80a8-893c34eca6ba [2026-06-07T21:34:02.529440] '/home/vcap/app/node_modules/@sap/cds/bin/serve.js' (STDERR, APP/PROC/WEB)#
#2026 06 07 21:34:09.658#Z#DEBUG#45480c39-62b8-11f1-9935-eeee0a9a8a76.approval-inbox-srv#flowable-async-job-executor-thread-5087#
[PollStartAppStatusExecution] 37a43f7b-a5fe-4f9c-80a8-893c34eca6ba [2026-06-07T21:34:02.529444] ] (STDERR, APP/PROC/WEB)#
#2026 06 07 21:34:09.658#Z#DEBUG#45480c39-62b8-11f1-9935-eeee0a9a8a76.approval-inbox-srv#flowable-async-job-executor-thread-5087#
[PollStartAppStatusExecution] 37a43f7b-a5fe-4f9c-80a8-893c34eca6ba [2026-06-07T21:34:02.529447] } (STDERR, APP/PROC/WEB)#
#2026 06 07 21:34:09.658#Z#DEBUG#45480c39-62b8-11f1-9935-eeee0a9a8a76.approval-inbox-srv#flowable-async-job-executor-thread-5087#
[PollStartAppStatusExecution] 37a43f7b-a5fe-4f9c-80a8-893c34eca6ba [2026-06-07T21:34:02.529453] Node.js v24.13.0 (STDERR, APP/PROC/WEB)#
#2026 06 07 21:34:09.658#Z#DEBUG#45480c39-62b8-11f1-9935-eeee0a9a8a76.approval-inbox-srv#flowable-async-job-executor-thread-5087#
[PollStartAppStatusExecution] 37a43f7b-a5fe-4f9c-80a8-893c34eca6ba [2026-06-07T21:34:02.584332] Exit status 1 (STDOUT, APP/PROC/WEB)#
#2026 06 07 21:34:19.737#Z#DEBUG#45480c39-62b8-11f1-9935-eeee0a9a8a76.approval-inbox-srv#flowable-async-job-executor-thread-5094#
[PollStartAppStatusExecution] 37a43f7b-a5fe-4f9c-80a8-893c34eca6ba [2026-06-07T21:34:10.022724] Cell 54b50d35-322b-4617-baa3-c13476b47cb5 stopping instance 0e5cebfc-daa5-4d73-482a-53da (STDOUT, CELL)#
#2026 06 07 21:34:19.737#Z#DEBUG#45480c39-62b8-11f1-9935-eeee0a9a8a76.approval-inbox-srv#flowable-async-job-executor-thread-5094#
[PollStartAppStatusExecution] 37a43f7b-a5fe-4f9c-80a8-893c34eca6ba [2026-06-07T21:34:10.022782] Cell 54b50d35-322b-4617-baa3-c13476b47cb5 destroying container for instance 0e5cebfc-daa5-4d73-482a-53da (STDOUT, CELL)#
#2026 06 07 21:34:19.737#Z#DEBUG#45480c39-62b8-11f1-9935-eeee0a9a8a76.approval-inbox-srv#flowable-async-job-executor-thread-5094#
[PollStartAppStatusExecution] 37a43f7b-a5fe-4f9c-80a8-893c34eca6ba [2026-06-07T21:34:10.032287] Process has crashed with type: "web" (STDOUT, API)#
#2026 06 07 21:34:19.737#Z#DEBUG#45480c39-62b8-11f1-9935-eeee0a9a8a76.approval-inbox-srv#flowable-async-job-executor-thread-5094#
[PollStartAppStatusExecution] 37a43f7b-a5fe-4f9c-80a8-893c34eca6ba [2026-06-07T21:34:10.054876] App instance exited with guid 37a43f7b-a5fe-4f9c-80a8-893c34eca6ba payload: {"instance"=>"0e5cebfc-daa5-4d73-482a-53da", "index"=>0, "cell_id"=>"54b50d35-322b-4617-baa3-c13476b47cb5", "reason"=>"CRASHED", "exit_description"=>"APP/PROC/WEB: Exited with status 1", "crash_count"=>1, "crash_timestamp"=>1780868049978190245, "version"=>"91a67766-4f6c-4e81-bfb7-be981b3b6ffb"} (STDOUT, API)#
#2026 06 07 21:34:19.737#Z#DEBUG#45480c39-62b8-11f1-9935-eeee0a9a8a76.approval-inbox-srv#flowable-async-job-executor-thread-5094#
[PollStartAppStatusExecution] 37a43f7b-a5fe-4f9c-80a8-893c34eca6ba [2026-06-07T21:34:10.097101] Cell 3697da87-6170-41a4-acb7-9186f1527dfa creating container for instance 9786880c-1bc0-487d-62c9-4025 (STDOUT, CELL)#
#2026 06 07 21:34:19.737#Z#DEBUG#45480c39-62b8-11f1-9935-eeee0a9a8a76.approval-inbox-srv#flowable-async-job-executor-thread-5094#
[PollStartAppStatusExecution] 37a43f7b-a5fe-4f9c-80a8-893c34eca6ba [2026-06-07T21:34:10.188850] Exit status 137 (STDOUT, PROXY)#
#2026 06 07 21:34:19.737#Z#DEBUG#45480c39-62b8-11f1-9935-eeee0a9a8a76.approval-inbox-srv#flowable-async-job-executor-thread-5094#
[PollStartAppStatusExecution] 37a43f7b-a5fe-4f9c-80a8-893c34eca6ba [2026-06-07T21:34:10.861217] Security group rules were updated (STDOUT, CELL)#
#2026 06 07 21:34:19.737#Z#DEBUG#45480c39-62b8-11f1-9935-eeee0a9a8a76.approval-inbox-srv#flowable-async-job-executor-thread-5094#
[PollStartAppStatusExecution] 37a43f7b-a5fe-4f9c-80a8-893c34eca6ba [2026-06-07T21:34:10.980455] Cell 3697da87-6170-41a4-acb7-9186f1527dfa successfully created container for instance 9786880c-1bc0-487d-62c9-4025 (STDOUT, CELL)#
#2026 06 07 21:34:19.737#Z#DEBUG#45480c39-62b8-11f1-9935-eeee0a9a8a76.approval-inbox-srv#flowable-async-job-executor-thread-5094#
[PollStartAppStatusExecution] 37a43f7b-a5fe-4f9c-80a8-893c34eca6ba [2026-06-07T21:34:11.748471] Downloading droplet... (STDOUT, CELL)#
#2026 06 07 21:34:19.737#Z#DEBUG#45480c39-62b8-11f1-9935-eeee0a9a8a76.approval-inbox-srv#flowable-async-job-executor-thread-5094#
[PollStartAppStatusExecution] 37a43f7b-a5fe-4f9c-80a8-893c34eca6ba [2026-06-07T21:34:13.165295] Cell 54b50d35-322b-4617-baa3-c13476b47cb5 successfully destroyed container for instance 0e5cebfc-daa5-4d73-482a-53da (STDOUT, CELL)#
#2026 06 07 21:34:19.737#Z#DEBUG#45480c39-62b8-11f1-9935-eeee0a9a8a76.approval-inbox-srv#flowable-async-job-executor-thread-5094#
[PollStartAppStatusExecution] 37a43f7b-a5fe-4f9c-80a8-893c34eca6ba [2026-06-07T21:34:17.066874] Downloaded droplet (70.4M) (STDOUT, CELL)#
#2026 06 07 21:34:19.737#Z#DEBUG#45480c39-62b8-11f1-9935-eeee0a9a8a76.approval-inbox-srv#flowable-async-job-executor-thread-5094#
[PollStartAppStatusExecution] 37a43f7b-a5fe-4f9c-80a8-893c34eca6ba [2026-06-07T21:34:17.067] Starting health monitoring of container (STDOUT, CELL)#
#2026 06 07 21:34:19.737#Z#DEBUG#45480c39-62b8-11f1-9935-eeee0a9a8a76.approval-inbox-srv#flowable-async-job-executor-thread-5094#
[PollStartAppStatusExecution] 37a43f7b-a5fe-4f9c-80a8-893c34eca6ba [2026-06-07T21:34:17.221905] Invoking pre-start scripts. (STDOUT, APP/PROC/WEB)#
#2026 06 07 21:34:19.737#Z#DEBUG#45480c39-62b8-11f1-9935-eeee0a9a8a76.approval-inbox-srv#flowable-async-job-executor-thread-5094#
[PollStartAppStatusExecution] 37a43f7b-a5fe-4f9c-80a8-893c34eca6ba [2026-06-07T21:34:17.476558] Invoking start command. (STDOUT, APP/PROC/WEB)#
#2026 06 07 21:34:19.737#Z#DEBUG#45480c39-62b8-11f1-9935-eeee0a9a8a76.approval-inbox-srv#flowable-async-job-executor-thread-5094#
[PollStartAppStatusExecution] 37a43f7b-a5fe-4f9c-80a8-893c34eca6ba [2026-06-07T21:34:17.670050] > approval-inbox@1.0.0 start (STDOUT, APP/PROC/WEB)#
#2026 06 07 21:34:19.737#Z#DEBUG#45480c39-62b8-11f1-9935-eeee0a9a8a76.approval-inbox-srv#flowable-async-job-executor-thread-5094#
[PollStartAppStatusExecution] 37a43f7b-a5fe-4f9c-80a8-893c34eca6ba [2026-06-07T21:34:17.670068] > cds-serve (STDOUT, APP/PROC/WEB)#
#2026 06 07 21:34:19.737#Z#DEBUG#45480c39-62b8-11f1-9935-eeee0a9a8a76.approval-inbox-srv#flowable-async-job-executor-thread-5094#
[PollStartAppStatusExecution] 37a43f7b-a5fe-4f9c-80a8-893c34eca6ba [2026-06-07T21:34:17.983407] {"level":"info","logger":"cds","timestamp":"2026-06-07T21:34:17.982Z","layer":"cds","component_type":"application","container_id":"10.32.2.7","component_id":"37a43f7b-a5fe-4f9c-80a8-893c34eca6ba","component_name":"approval-inbox-srv","component_instance":0,"source_instance":0,"organization_name":"733d95cctrial","organization_id":"03e6d9f5-da3e-4e73-9964-9ceb8bc4c62a","space_name":"dev","space_id":"866e022a-f99a-4e70-b297-343c39329964","msg":"loaded model from 1 file(s):\n ","type":"log"} (STDOUT, APP/PROC/WEB)#
#2026 06 07 21:34:19.737#Z#DEBUG#45480c39-62b8-11f1-9935-eeee0a9a8a76.approval-inbox-srv#flowable-async-job-executor-thread-5094#
[PollStartAppStatusExecution] 37a43f7b-a5fe-4f9c-80a8-893c34eca6ba [2026-06-07T21:34:17.983884] srv/csn.json (STDOUT, APP/PROC/WEB)#
#2026 06 07 21:34:19.737#Z#DEBUG#45480c39-62b8-11f1-9935-eeee0a9a8a76.approval-inbox-srv#flowable-async-job-executor-thread-5094#
[PollStartAppStatusExecution] 37a43f7b-a5fe-4f9c-80a8-893c34eca6ba [2026-06-07T21:34:18.272463] {"level":"info","logger":"cds","timestamp":"2026-06-07T21:34:18.271Z","layer":"cds","component_type":"application","container_id":"10.32.2.7","component_id":"37a43f7b-a5fe-4f9c-80a8-893c34eca6ba","component_name":"approval-inbox-srv","component_instance":0,"source_instance":0,"organization_name":"733d95cctrial","organization_id":"03e6d9f5-da3e-4e73-9964-9ceb8bc4c62a","space_name":"dev","space_id":"866e022a-f99a-4e70-b297-343c39329964","msg":"connect to db > hana {\n  database_id: 'dd335352-b948-4bce-826b-662362f1f052',\n  host: 'dd335352-b948-4bce-826b-662362f1f052.hana.prod-ap21.hanacloud.ondemand.com',\n  port: '443',\n  driver: 'com.sap.db.jdbc.Driver',\n  url: 'jdbc:sap://dd335352-b948-4bce-826b-662362f1f052.hana.prod-ap21.hanacloud.ondemand.com:443?encrypt=true&validateCertificate=true&currentschema=09FF326E4850441B99A3FBA8B6307C42',\n  schema: '09FF326E4850441B99A3FBA8B6307C42',\n  certificate: '...',\n  hdi_user: '09FF326E4850441B99A3FBA8B6307C42_7Y9TU8JP4EL9H9FR15WR5GH8R_DT',\n  hdi_password: '...',\n  user: '09FF326E4850441B99A3FBA8B6307C42_7Y9TU8JP4EL9H9FR15WR5GH8R_RT',\n  password: '...'\n}","type":"log"} (STDOUT, APP/PROC/WEB)#
#2026 06 07 21:34:19.737#Z#DEBUG#45480c39-62b8-11f1-9935-eeee0a9a8a76.approval-inbox-srv#flowable-async-job-executor-thread-5094#
[PollStartAppStatusExecution] 37a43f7b-a5fe-4f9c-80a8-893c34eca6ba [2026-06-07T21:34:18.308126] {"level":"info","logger":"cds","timestamp":"2026-06-07T21:34:18.307Z","layer":"cds","component_type":"application","container_id":"10.32.2.7","component_id":"37a43f7b-a5fe-4f9c-80a8-893c34eca6ba","component_name":"approval-inbox-srv","component_instance":0,"source_instance":0,"organization_name":"733d95cctrial","organization_id":"03e6d9f5-da3e-4e73-9964-9ceb8bc4c62a","space_name":"dev","space_id":"866e022a-f99a-4e70-b297-343c39329964","msg":"using auth strategy { kind: 'jwt' }","type":"log"} (STDOUT, APP/PROC/WEB)#
#2026 06 07 21:34:19.737#Z#DEBUG#45480c39-62b8-11f1-9935-eeee0a9a8a76.approval-inbox-srv#flowable-async-job-executor-thread-5094#
[PollStartAppStatusExecution] 37a43f7b-a5fe-4f9c-80a8-893c34eca6ba [2026-06-07T21:34:18.309935] node:internal/modules/cjs/loader:1421 (STDERR, APP/PROC/WEB)#
#2026 06 07 21:34:19.737#Z#DEBUG#45480c39-62b8-11f1-9935-eeee0a9a8a76.approval-inbox-srv#flowable-async-job-executor-thread-5094#
[PollStartAppStatusExecution] 37a43f7b-a5fe-4f9c-80a8-893c34eca6ba [2026-06-07T21:34:18.309950] const err = new Error(message); (STDERR, APP/PROC/WEB)#
#2026 06 07 21:34:19.737#Z#DEBUG#45480c39-62b8-11f1-9935-eeee0a9a8a76.approval-inbox-srv#flowable-async-job-executor-thread-5094#
[PollStartAppStatusExecution] 37a43f7b-a5fe-4f9c-80a8-893c34eca6ba [2026-06-07T21:34:18.309954] ^ (STDERR, APP/PROC/WEB)#
#2026 06 07 21:34:19.737#Z#DEBUG#45480c39-62b8-11f1-9935-eeee0a9a8a76.approval-inbox-srv#flowable-async-job-executor-thread-5094#
[PollStartAppStatusExecution] 37a43f7b-a5fe-4f9c-80a8-893c34eca6ba [2026-06-07T21:34:18.309959] Error: Cannot find '@sap/xssec'. Make sure to install it with 'npm i @sap/xssec' (STDERR, APP/PROC/WEB)#
#2026 06 07 21:34:19.737#Z#DEBUG#45480c39-62b8-11f1-9935-eeee0a9a8a76.approval-inbox-srv#flowable-async-job-executor-thread-5094#
[PollStartAppStatusExecution] 37a43f7b-a5fe-4f9c-80a8-893c34eca6ba [2026-06-07T21:34:18.309962] Cannot find module '@sap/xssec' (STDERR, APP/PROC/WEB)#
#2026 06 07 21:34:19.737#Z#DEBUG#45480c39-62b8-11f1-9935-eeee0a9a8a76.approval-inbox-srv#flowable-async-job-executor-thread-5094#
[PollStartAppStatusExecution] 37a43f7b-a5fe-4f9c-80a8-893c34eca6ba [2026-06-07T21:34:18.309966] Require stack: (STDERR, APP/PROC/WEB)#
#2026 06 07 21:34:19.737#Z#DEBUG#45480c39-62b8-11f1-9935-eeee0a9a8a76.approval-inbox-srv#flowable-async-job-executor-thread-5094#
[PollStartAppStatusExecution] 37a43f7b-a5fe-4f9c-80a8-893c34eca6ba [2026-06-07T21:34:18.309969] - /home/vcap/app/node_modules/@sap/cds/lib/srv/middlewares/auth/xssec.js (STDERR, APP/PROC/WEB)#
#2026 06 07 21:34:19.737#Z#DEBUG#45480c39-62b8-11f1-9935-eeee0a9a8a76.approval-inbox-srv#flowable-async-job-executor-thread-5094#
[PollStartAppStatusExecution] 37a43f7b-a5fe-4f9c-80a8-893c34eca6ba [2026-06-07T21:34:18.309972] - /home/vcap/app/node_modules/@sap/cds/lib/srv/middlewares/auth/jwt-auth.js (STDERR, APP/PROC/WEB)#
#2026 06 07 21:34:19.737#Z#DEBUG#45480c39-62b8-11f1-9935-eeee0a9a8a76.approval-inbox-srv#flowable-async-job-executor-thread-5094#
[PollStartAppStatusExecution] 37a43f7b-a5fe-4f9c-80a8-893c34eca6ba [2026-06-07T21:34:18.309977] - /home/vcap/app/node_modules/@sap/cds/lib/srv/middlewares/auth/index.js (STDERR, APP/PROC/WEB)#
#2026 06 07 21:34:19.737#Z#DEBUG#45480c39-62b8-11f1-9935-eeee0a9a8a76.approval-inbox-srv#flowable-async-job-executor-thread-5094#
[PollStartAppStatusExecution] 37a43f7b-a5fe-4f9c-80a8-893c34eca6ba [2026-06-07T21:34:18.309980] - /home/vcap/app/node_modules/@sap/cds/lib/srv/middlewares/index.js (STDERR, APP/PROC/WEB)#
#2026 06 07 21:34:19.737#Z#DEBUG#45480c39-62b8-11f1-9935-eeee0a9a8a76.approval-inbox-srv#flowable-async-job-executor-thread-5094#
[PollStartAppStatusExecution] 37a43f7b-a5fe-4f9c-80a8-893c34eca6ba [2026-06-07T21:34:18.309984] - /home/vcap/app/node_modules/@sap/cds/lib/index.js (STDERR, APP/PROC/WEB)#
#2026 06 07 21:34:19.737#Z#DEBUG#45480c39-62b8-11f1-9935-eeee0a9a8a76.approval-inbox-srv#flowable-async-job-executor-thread-5094#
[PollStartAppStatusExecution] 37a43f7b-a5fe-4f9c-80a8-893c34eca6ba [2026-06-07T21:34:18.309986] - /home/vcap/app/node_modules/@sap/cds/bin/serve.js (STDERR, APP/PROC/WEB)#
#2026 06 07 21:34:19.737#Z#DEBUG#45480c39-62b8-11f1-9935-eeee0a9a8a76.approval-inbox-srv#flowable-async-job-executor-thread-5094#
[PollStartAppStatusExecution] 37a43f7b-a5fe-4f9c-80a8-893c34eca6ba [2026-06-07T21:34:18.309989] at Module._resolveFilename (node:internal/modules/cjs/loader:1421:15) (STDERR, APP/PROC/WEB)#
#2026 06 07 21:34:19.737#Z#DEBUG#45480c39-62b8-11f1-9935-eeee0a9a8a76.approval-inbox-srv#flowable-async-job-executor-thread-5094#
[PollStartAppStatusExecution] 37a43f7b-a5fe-4f9c-80a8-893c34eca6ba [2026-06-07T21:34:18.309994] at defaultResolveImpl (node:internal/modules/cjs/loader:1059:19) (STDERR, APP/PROC/WEB)#
#2026 06 07 21:34:19.737#Z#DEBUG#45480c39-62b8-11f1-9935-eeee0a9a8a76.approval-inbox-srv#flowable-async-job-executor-thread-5094#
[PollStartAppStatusExecution] 37a43f7b-a5fe-4f9c-80a8-893c34eca6ba [2026-06-07T21:34:18.309997] at resolveForCJSWithHooks (node:internal/modules/cjs/loader:1064:22) (STDERR, APP/PROC/WEB)#
#2026 06 07 21:34:19.737#Z#DEBUG#45480c39-62b8-11f1-9935-eeee0a9a8a76.approval-inbox-srv#flowable-async-job-executor-thread-5094#
[PollStartAppStatusExecution] 37a43f7b-a5fe-4f9c-80a8-893c34eca6ba [2026-06-07T21:34:18.310001] at Module._load (node:internal/modules/cjs/loader:1227:37) (STDERR, APP/PROC/WEB)#
#2026 06 07 21:34:19.737#Z#DEBUG#45480c39-62b8-11f1-9935-eeee0a9a8a76.approval-inbox-srv#flowable-async-job-executor-thread-5094#
[PollStartAppStatusExecution] 37a43f7b-a5fe-4f9c-80a8-893c34eca6ba [2026-06-07T21:34:18.310005] at TracingChannel.traceSync (node:diagnostics_channel:328:14) (STDERR, APP/PROC/WEB)#
#2026 06 07 21:34:19.737#Z#DEBUG#45480c39-62b8-11f1-9935-eeee0a9a8a76.approval-inbox-srv#flowable-async-job-executor-thread-5094#
[PollStartAppStatusExecution] 37a43f7b-a5fe-4f9c-80a8-893c34eca6ba [2026-06-07T21:34:18.310008] at wrapModuleLoad (node:internal/modules/cjs/loader:245:24) (STDERR, APP/PROC/WEB)#
#2026 06 07 21:34:19.737#Z#DEBUG#45480c39-62b8-11f1-9935-eeee0a9a8a76.approval-inbox-srv#flowable-async-job-executor-thread-5094#
[PollStartAppStatusExecution] 37a43f7b-a5fe-4f9c-80a8-893c34eca6ba [2026-06-07T21:34:18.310011] at Module.require (node:internal/modules/cjs/loader:1504:12) (STDERR, APP/PROC/WEB)#
#2026 06 07 21:34:19.737#Z#DEBUG#45480c39-62b8-11f1-9935-eeee0a9a8a76.approval-inbox-srv#flowable-async-job-executor-thread-5094#
[PollStartAppStatusExecution] 37a43f7b-a5fe-4f9c-80a8-893c34eca6ba [2026-06-07T21:34:18.310014] at require (node:internal/modules/helpers:152:16) (STDERR, APP/PROC/WEB)#
#2026 06 07 21:34:19.737#Z#DEBUG#45480c39-62b8-11f1-9935-eeee0a9a8a76.approval-inbox-srv#flowable-async-job-executor-thread-5094#
[PollStartAppStatusExecution] 37a43f7b-a5fe-4f9c-80a8-893c34eca6ba [2026-06-07T21:34:18.310017] at Object.<anonymous> (/home/vcap/app/node_modules/@sap/cds/lib/srv/middlewares/auth/xssec.js:2:17) (STDERR, APP/PROC/WEB)#
#2026 06 07 21:34:19.737#Z#DEBUG#45480c39-62b8-11f1-9935-eeee0a9a8a76.approval-inbox-srv#flowable-async-job-executor-thread-5094#
[PollStartAppStatusExecution] 37a43f7b-a5fe-4f9c-80a8-893c34eca6ba [2026-06-07T21:34:18.310020] at Module._compile (node:internal/modules/cjs/loader:1761:14) { (STDERR, APP/PROC/WEB)#
#2026 06 07 21:34:19.737#Z#DEBUG#45480c39-62b8-11f1-9935-eeee0a9a8a76.approval-inbox-srv#flowable-async-job-executor-thread-5094#
[PollStartAppStatusExecution] 37a43f7b-a5fe-4f9c-80a8-893c34eca6ba [2026-06-07T21:34:18.310027] code: 'MODULE_NOT_FOUND', (STDERR, APP/PROC/WEB)#
#2026 06 07 21:34:19.737#Z#DEBUG#45480c39-62b8-11f1-9935-eeee0a9a8a76.approval-inbox-srv#flowable-async-job-executor-thread-5094#
[PollStartAppStatusExecution] 37a43f7b-a5fe-4f9c-80a8-893c34eca6ba [2026-06-07T21:34:18.310030] requireStack: [ (STDERR, APP/PROC/WEB)#
#2026 06 07 21:34:19.737#Z#DEBUG#45480c39-62b8-11f1-9935-eeee0a9a8a76.approval-inbox-srv#flowable-async-job-executor-thread-5094#
[PollStartAppStatusExecution] 37a43f7b-a5fe-4f9c-80a8-893c34eca6ba [2026-06-07T21:34:18.310033] '/home/vcap/app/node_modules/@sap/cds/lib/srv/middlewares/auth/xssec.js', (STDERR, APP/PROC/WEB)#
#2026 06 07 21:34:19.737#Z#DEBUG#45480c39-62b8-11f1-9935-eeee0a9a8a76.approval-inbox-srv#flowable-async-job-executor-thread-5094#
[PollStartAppStatusExecution] 37a43f7b-a5fe-4f9c-80a8-893c34eca6ba [2026-06-07T21:34:18.310036] '/home/vcap/app/node_modules/@sap/cds/lib/srv/middlewares/auth/jwt-auth.js', (STDERR, APP/PROC/WEB)#
#2026 06 07 21:34:19.737#Z#DEBUG#45480c39-62b8-11f1-9935-eeee0a9a8a76.approval-inbox-srv#flowable-async-job-executor-thread-5094#
[PollStartAppStatusExecution] 37a43f7b-a5fe-4f9c-80a8-893c34eca6ba [2026-06-07T21:34:18.310039] '/home/vcap/app/node_modules/@sap/cds/lib/srv/middlewares/auth/index.js', (STDERR, APP/PROC/WEB)#
#2026 06 07 21:34:19.737#Z#DEBUG#45480c39-62b8-11f1-9935-eeee0a9a8a76.approval-inbox-srv#flowable-async-job-executor-thread-5094#
[PollStartAppStatusExecution] 37a43f7b-a5fe-4f9c-80a8-893c34eca6ba [2026-06-07T21:34:18.310042] '/home/vcap/app/node_modules/@sap/cds/lib/srv/middlewares/index.js', (STDERR, APP/PROC/WEB)#
#2026 06 07 21:34:19.737#Z#DEBUG#45480c39-62b8-11f1-9935-eeee0a9a8a76.approval-inbox-srv#flowable-async-job-executor-thread-5094#
[PollStartAppStatusExecution] 37a43f7b-a5fe-4f9c-80a8-893c34eca6ba [2026-06-07T21:34:18.310044] '/home/vcap/app/node_modules/@sap/cds/lib/index.js', (STDERR, APP/PROC/WEB)#
#2026 06 07 21:34:19.737#Z#DEBUG#45480c39-62b8-11f1-9935-eeee0a9a8a76.approval-inbox-srv#flowable-async-job-executor-thread-5094#
[PollStartAppStatusExecution] 37a43f7b-a5fe-4f9c-80a8-893c34eca6ba [2026-06-07T21:34:18.310047] '/home/vcap/app/node_modules/@sap/cds/bin/serve.js' (STDERR, APP/PROC/WEB)#
#2026 06 07 21:34:19.737#Z#DEBUG#45480c39-62b8-11f1-9935-eeee0a9a8a76.approval-inbox-srv#flowable-async-job-executor-thread-5094#
[PollStartAppStatusExecution] 37a43f7b-a5fe-4f9c-80a8-893c34eca6ba [2026-06-07T21:34:18.310050] ] (STDERR, APP/PROC/WEB)#
#2026 06 07 21:34:19.737#Z#DEBUG#45480c39-62b8-11f1-9935-eeee0a9a8a76.approval-inbox-srv#flowable-async-job-executor-thread-5094#
[PollStartAppStatusExecution] 37a43f7b-a5fe-4f9c-80a8-893c34eca6ba [2026-06-07T21:34:18.310053] } (STDERR, APP/PROC/WEB)#
#2026 06 07 21:34:19.737#Z#DEBUG#45480c39-62b8-11f1-9935-eeee0a9a8a76.approval-inbox-srv#flowable-async-job-executor-thread-5094#
[PollStartAppStatusExecution] 37a43f7b-a5fe-4f9c-80a8-893c34eca6ba [2026-06-07T21:34:18.310056] Node.js v24.13.0 (STDERR, APP/PROC/WEB)#
#2026 06 07 21:34:19.737#Z#DEBUG#45480c39-62b8-11f1-9935-eeee0a9a8a76.approval-inbox-srv#flowable-async-job-executor-thread-5094#
[PollStartAppStatusExecution] 37a43f7b-a5fe-4f9c-80a8-893c34eca6ba [2026-06-07T21:34:18.352468] Exit status 1 (STDOUT, APP/PROC/WEB)#
#2026 06 07 21:34:29.715#Z#DEBUG#45480c39-62b8-11f1-9935-eeee0a9a8a76.approval-inbox-srv#flowable-async-job-executor-thread-5096#
[PollStartAppStatusExecution] 37a43f7b-a5fe-4f9c-80a8-893c34eca6ba [2026-06-07T21:34:24.291729] Process has crashed with type: "web" (STDOUT, API)#
#2026 06 07 21:34:29.715#Z#DEBUG#45480c39-62b8-11f1-9935-eeee0a9a8a76.approval-inbox-srv#flowable-async-job-executor-thread-5096#
[PollStartAppStatusExecution] 37a43f7b-a5fe-4f9c-80a8-893c34eca6ba [2026-06-07T21:34:24.295212] Cell 3697da87-6170-41a4-acb7-9186f1527dfa stopping instance 9786880c-1bc0-487d-62c9-4025 (STDOUT, CELL)#
#2026 06 07 21:34:29.715#Z#DEBUG#45480c39-62b8-11f1-9935-eeee0a9a8a76.approval-inbox-srv#flowable-async-job-executor-thread-5096#
[PollStartAppStatusExecution] 37a43f7b-a5fe-4f9c-80a8-893c34eca6ba [2026-06-07T21:34:24.295263] Cell 3697da87-6170-41a4-acb7-9186f1527dfa destroying container for instance 9786880c-1bc0-487d-62c9-4025 (STDOUT, CELL)#
#2026 06 07 21:34:29.715#Z#DEBUG#45480c39-62b8-11f1-9935-eeee0a9a8a76.approval-inbox-srv#flowable-async-job-executor-thread-5096#
[PollStartAppStatusExecution] 37a43f7b-a5fe-4f9c-80a8-893c34eca6ba [2026-06-07T21:34:24.308910] App instance exited with guid 37a43f7b-a5fe-4f9c-80a8-893c34eca6ba payload: {"instance"=>"9786880c-1bc0-487d-62c9-4025", "index"=>0, "cell_id"=>"3697da87-6170-41a4-acb7-9186f1527dfa", "reason"=>"CRASHED", "exit_description"=>"APP/PROC/WEB: Exited with status 1", "crash_count"=>2, "crash_timestamp"=>1780868064243504069, "version"=>"91a67766-4f6c-4e81-bfb7-be981b3b6ffb"} (STDOUT, API)#
#2026 06 07 21:34:29.715#Z#DEBUG#45480c39-62b8-11f1-9935-eeee0a9a8a76.approval-inbox-srv#flowable-async-job-executor-thread-5096#
[PollStartAppStatusExecution] 37a43f7b-a5fe-4f9c-80a8-893c34eca6ba [2026-06-07T21:34:24.358056] Cell 54b50d35-322b-4617-baa3-c13476b47cb5 creating container for instance 7a8a1c37-918b-4f20-4d6b-07ab (STDOUT, CELL)#
#2026 06 07 21:34:29.715#Z#DEBUG#45480c39-62b8-11f1-9935-eeee0a9a8a76.approval-inbox-srv#flowable-async-job-executor-thread-5096#
[PollStartAppStatusExecution] 37a43f7b-a5fe-4f9c-80a8-893c34eca6ba [2026-06-07T21:34:24.436701] Exit status 137 (STDOUT, PROXY)#
#2026 06 07 21:34:29.715#Z#DEBUG#45480c39-62b8-11f1-9935-eeee0a9a8a76.approval-inbox-srv#flowable-async-job-executor-thread-5096#
[PollStartAppStatusExecution] 37a43f7b-a5fe-4f9c-80a8-893c34eca6ba [2026-06-07T21:34:25.372677] Security group rules were updated (STDOUT, CELL)#
#2026 06 07 21:34:29.715#Z#DEBUG#45480c39-62b8-11f1-9935-eeee0a9a8a76.approval-inbox-srv#flowable-async-job-executor-thread-5096#
[PollStartAppStatusExecution] 37a43f7b-a5fe-4f9c-80a8-893c34eca6ba [2026-06-07T21:34:25.484954] Cell 54b50d35-322b-4617-baa3-c13476b47cb5 successfully created container for instance 7a8a1c37-918b-4f20-4d6b-07ab (STDOUT, CELL)#
#2026 06 07 21:34:29.715#Z#DEBUG#45480c39-62b8-11f1-9935-eeee0a9a8a76.approval-inbox-srv#flowable-async-job-executor-thread-5096#
[PollStartAppStatusExecution] 37a43f7b-a5fe-4f9c-80a8-893c34eca6ba [2026-06-07T21:34:26.397239] Downloading droplet... (STDOUT, CELL)#
#2026 06 07 21:34:29.715#Z#DEBUG#45480c39-62b8-11f1-9935-eeee0a9a8a76.approval-inbox-srv#flowable-async-job-executor-thread-5096#
[PollStartAppStatusExecution] 37a43f7b-a5fe-4f9c-80a8-893c34eca6ba [2026-06-07T21:34:27.098904] Cell 3697da87-6170-41a4-acb7-9186f1527dfa successfully destroyed container for instance 9786880c-1bc0-487d-62c9-4025 (STDOUT, CELL)#
#2026 06 07 21:34:29.715#Z#DEBUG#45480c39-62b8-11f1-9935-eeee0a9a8a76.approval-inbox-srv#flowable-async-job-executor-thread-5096#
[PollStartAppStatusExecution] 37a43f7b-a5fe-4f9c-80a8-893c34eca6ba [2026-06-07T21:34:28.770549] Downloaded droplet (STDOUT, CELL)#
#2026 06 07 21:34:29.715#Z#DEBUG#45480c39-62b8-11f1-9935-eeee0a9a8a76.approval-inbox-srv#flowable-async-job-executor-thread-5096#
[PollStartAppStatusExecution] 37a43f7b-a5fe-4f9c-80a8-893c34eca6ba [2026-06-07T21:34:28.770962] Starting health monitoring of container (STDOUT, CELL)#
#2026 06 07 21:34:29.715#Z#DEBUG#45480c39-62b8-11f1-9935-eeee0a9a8a76.approval-inbox-srv#flowable-async-job-executor-thread-5096#
[PollStartAppStatusExecution] 37a43f7b-a5fe-4f9c-80a8-893c34eca6ba [2026-06-07T21:34:28.929016] Invoking pre-start scripts. (STDOUT, APP/PROC/WEB)#
#2026 06 07 21:34:29.715#Z#DEBUG#45480c39-62b8-11f1-9935-eeee0a9a8a76.approval-inbox-srv#flowable-async-job-executor-thread-5096#
[PollStartAppStatusExecution] 37a43f7b-a5fe-4f9c-80a8-893c34eca6ba [2026-06-07T21:34:29.211988] Invoking start command. (STDOUT, APP/PROC/WEB)#
#2026 06 07 21:34:29.715#Z#DEBUG#45480c39-62b8-11f1-9935-eeee0a9a8a76.approval-inbox-srv#flowable-async-job-executor-thread-5096#
[PollStartAppStatusExecution] 37a43f7b-a5fe-4f9c-80a8-893c34eca6ba [2026-06-07T21:34:29.414752] > approval-inbox@1.0.0 start (STDOUT, APP/PROC/WEB)#
#2026 06 07 21:34:29.715#Z#DEBUG#45480c39-62b8-11f1-9935-eeee0a9a8a76.approval-inbox-srv#flowable-async-job-executor-thread-5096#
[PollStartAppStatusExecution] 37a43f7b-a5fe-4f9c-80a8-893c34eca6ba [2026-06-07T21:34:29.414766] > cds-serve (STDOUT, APP/PROC/WEB)#
#2026 06 07 21:34:39.708#Z#DEBUG#45480c39-62b8-11f1-9935-eeee0a9a8a76.approval-inbox-srv#flowable-async-job-executor-thread-5098#
[PollStartAppStatusExecution] 37a43f7b-a5fe-4f9c-80a8-893c34eca6ba [2026-06-07T21:34:29.772769] {"level":"info","logger":"cds","timestamp":"2026-06-07T21:34:29.771Z","layer":"cds","component_type":"application","container_id":"10.32.1.6","component_id":"37a43f7b-a5fe-4f9c-80a8-893c34eca6ba","component_name":"approval-inbox-srv","component_instance":0,"source_instance":0,"organization_name":"733d95cctrial","organization_id":"03e6d9f5-da3e-4e73-9964-9ceb8bc4c62a","space_name":"dev","space_id":"866e022a-f99a-4e70-b297-343c39329964","msg":"loaded model from 1 file(s):\n ","type":"log"} (STDOUT, APP/PROC/WEB)#
#2026 06 07 21:34:39.708#Z#DEBUG#45480c39-62b8-11f1-9935-eeee0a9a8a76.approval-inbox-srv#flowable-async-job-executor-thread-5098#
[PollStartAppStatusExecution] 37a43f7b-a5fe-4f9c-80a8-893c34eca6ba [2026-06-07T21:34:29.773336] srv/csn.json (STDOUT, APP/PROC/WEB)#
#2026 06 07 21:34:39.708#Z#DEBUG#45480c39-62b8-11f1-9935-eeee0a9a8a76.approval-inbox-srv#flowable-async-job-executor-thread-5098#
[PollStartAppStatusExecution] 37a43f7b-a5fe-4f9c-80a8-893c34eca6ba [2026-06-07T21:34:30.036948] {"level":"info","logger":"cds","timestamp":"2026-06-07T21:34:30.036Z","layer":"cds","component_type":"application","container_id":"10.32.1.6","component_id":"37a43f7b-a5fe-4f9c-80a8-893c34eca6ba","component_name":"approval-inbox-srv","component_instance":0,"source_instance":0,"organization_name":"733d95cctrial","organization_id":"03e6d9f5-da3e-4e73-9964-9ceb8bc4c62a","space_name":"dev","space_id":"866e022a-f99a-4e70-b297-343c39329964","msg":"connect to db > hana {\n  database_id: 'dd335352-b948-4bce-826b-662362f1f052',\n  host: 'dd335352-b948-4bce-826b-662362f1f052.hana.prod-ap21.hanacloud.ondemand.com',\n  port: '443',\n  driver: 'com.sap.db.jdbc.Driver',\n  url: 'jdbc:sap://dd335352-b948-4bce-826b-662362f1f052.hana.prod-ap21.hanacloud.ondemand.com:443?encrypt=true&validateCertificate=true&currentschema=09FF326E4850441B99A3FBA8B6307C42',\n  schema: '09FF326E4850441B99A3FBA8B6307C42',\n  certificate: '...',\n  hdi_user: '09FF326E4850441B99A3FBA8B6307C42_7Y9TU8JP4EL9H9FR15WR5GH8R_DT',\n  hdi_password: '...',\n  user: '09FF326E4850441B99A3FBA8B6307C42_7Y9TU8JP4EL9H9FR15WR5GH8R_RT',\n  password: '...'\n}","type":"log"} (STDOUT, APP/PROC/WEB)#
#2026 06 07 21:34:39.708#Z#DEBUG#45480c39-62b8-11f1-9935-eeee0a9a8a76.approval-inbox-srv#flowable-async-job-executor-thread-5098#
[PollStartAppStatusExecution] 37a43f7b-a5fe-4f9c-80a8-893c34eca6ba [2026-06-07T21:34:30.083644] {"level":"info","logger":"cds","timestamp":"2026-06-07T21:34:30.083Z","layer":"cds","component_type":"application","container_id":"10.32.1.6","component_id":"37a43f7b-a5fe-4f9c-80a8-893c34eca6ba","component_name":"approval-inbox-srv","component_instance":0,"source_instance":0,"organization_name":"733d95cctrial","organization_id":"03e6d9f5-da3e-4e73-9964-9ceb8bc4c62a","space_name":"dev","space_id":"866e022a-f99a-4e70-b297-343c39329964","msg":"using auth strategy { kind: 'jwt' }","type":"log"} (STDOUT, APP/PROC/WEB)#
#2026 06 07 21:34:39.708#Z#DEBUG#45480c39-62b8-11f1-9935-eeee0a9a8a76.approval-inbox-srv#flowable-async-job-executor-thread-5098#
[PollStartAppStatusExecution] 37a43f7b-a5fe-4f9c-80a8-893c34eca6ba [2026-06-07T21:34:30.086011] node:internal/modules/cjs/loader:1421 (STDERR, APP/PROC/WEB)#
#2026 06 07 21:34:39.708#Z#DEBUG#45480c39-62b8-11f1-9935-eeee0a9a8a76.approval-inbox-srv#flowable-async-job-executor-thread-5098#
[PollStartAppStatusExecution] 37a43f7b-a5fe-4f9c-80a8-893c34eca6ba [2026-06-07T21:34:30.086027] const err = new Error(message); (STDERR, APP/PROC/WEB)#
#2026 06 07 21:34:39.708#Z#DEBUG#45480c39-62b8-11f1-9935-eeee0a9a8a76.approval-inbox-srv#flowable-async-job-executor-thread-5098#
[PollStartAppStatusExecution] 37a43f7b-a5fe-4f9c-80a8-893c34eca6ba [2026-06-07T21:34:30.086032] ^ (STDERR, APP/PROC/WEB)#
#2026 06 07 21:34:39.708#Z#DEBUG#45480c39-62b8-11f1-9935-eeee0a9a8a76.approval-inbox-srv#flowable-async-job-executor-thread-5098#
[PollStartAppStatusExecution] 37a43f7b-a5fe-4f9c-80a8-893c34eca6ba [2026-06-07T21:34:30.086037] Error: Cannot find '@sap/xssec'. Make sure to install it with 'npm i @sap/xssec' (STDERR, APP/PROC/WEB)#
#2026 06 07 21:34:39.708#Z#DEBUG#45480c39-62b8-11f1-9935-eeee0a9a8a76.approval-inbox-srv#flowable-async-job-executor-thread-5098#
[PollStartAppStatusExecution] 37a43f7b-a5fe-4f9c-80a8-893c34eca6ba [2026-06-07T21:34:30.086041] Cannot find module '@sap/xssec' (STDERR, APP/PROC/WEB)#
#2026 06 07 21:34:39.708#Z#DEBUG#45480c39-62b8-11f1-9935-eeee0a9a8a76.approval-inbox-srv#flowable-async-job-executor-thread-5098#
[PollStartAppStatusExecution] 37a43f7b-a5fe-4f9c-80a8-893c34eca6ba [2026-06-07T21:34:30.086061] Require stack: (STDERR, APP/PROC/WEB)#
#2026 06 07 21:34:39.708#Z#DEBUG#45480c39-62b8-11f1-9935-eeee0a9a8a76.approval-inbox-srv#flowable-async-job-executor-thread-5098#
[PollStartAppStatusExecution] 37a43f7b-a5fe-4f9c-80a8-893c34eca6ba [2026-06-07T21:34:30.086065] - /home/vcap/app/node_modules/@sap/cds/lib/srv/middlewares/auth/xssec.js (STDERR, APP/PROC/WEB)#
#2026 06 07 21:34:39.708#Z#DEBUG#45480c39-62b8-11f1-9935-eeee0a9a8a76.approval-inbox-srv#flowable-async-job-executor-thread-5098#
[PollStartAppStatusExecution] 37a43f7b-a5fe-4f9c-80a8-893c34eca6ba [2026-06-07T21:34:30.086069] - /home/vcap/app/node_modules/@sap/cds/lib/srv/middlewares/auth/jwt-auth.js (STDERR, APP/PROC/WEB)#
#2026 06 07 21:34:39.708#Z#DEBUG#45480c39-62b8-11f1-9935-eeee0a9a8a76.approval-inbox-srv#flowable-async-job-executor-thread-5098#
[PollStartAppStatusExecution] 37a43f7b-a5fe-4f9c-80a8-893c34eca6ba [2026-06-07T21:34:30.086074] - /home/vcap/app/node_modules/@sap/cds/lib/srv/middlewares/auth/index.js (STDERR, APP/PROC/WEB)#
#2026 06 07 21:34:39.708#Z#DEBUG#45480c39-62b8-11f1-9935-eeee0a9a8a76.approval-inbox-srv#flowable-async-job-executor-thread-5098#
[PollStartAppStatusExecution] 37a43f7b-a5fe-4f9c-80a8-893c34eca6ba [2026-06-07T21:34:30.086082] - /home/vcap/app/node_modules/@sap/cds/lib/srv/middlewares/index.js (STDERR, APP/PROC/WEB)#
#2026 06 07 21:34:39.708#Z#DEBUG#45480c39-62b8-11f1-9935-eeee0a9a8a76.approval-inbox-srv#flowable-async-job-executor-thread-5098#
[PollStartAppStatusExecution] 37a43f7b-a5fe-4f9c-80a8-893c34eca6ba [2026-06-07T21:34:30.086086] - /home/vcap/app/node_modules/@sap/cds/lib/index.js (STDERR, APP/PROC/WEB)#
#2026 06 07 21:34:39.708#Z#DEBUG#45480c39-62b8-11f1-9935-eeee0a9a8a76.approval-inbox-srv#flowable-async-job-executor-thread-5098#
[PollStartAppStatusExecution] 37a43f7b-a5fe-4f9c-80a8-893c34eca6ba [2026-06-07T21:34:30.086090] - /home/vcap/app/node_modules/@sap/cds/bin/serve.js (STDERR, APP/PROC/WEB)#
#2026 06 07 21:34:39.708#Z#DEBUG#45480c39-62b8-11f1-9935-eeee0a9a8a76.approval-inbox-srv#flowable-async-job-executor-thread-5098#
[PollStartAppStatusExecution] 37a43f7b-a5fe-4f9c-80a8-893c34eca6ba [2026-06-07T21:34:30.086094] at Module._resolveFilename (node:internal/modules/cjs/loader:1421:15) (STDERR, APP/PROC/WEB)#
#2026 06 07 21:34:39.708#Z#DEBUG#45480c39-62b8-11f1-9935-eeee0a9a8a76.approval-inbox-srv#flowable-async-job-executor-thread-5098#
[PollStartAppStatusExecution] 37a43f7b-a5fe-4f9c-80a8-893c34eca6ba [2026-06-07T21:34:30.086099] at defaultResolveImpl (node:internal/modules/cjs/loader:1059:19) (STDERR, APP/PROC/WEB)#
#2026 06 07 21:34:39.708#Z#DEBUG#45480c39-62b8-11f1-9935-eeee0a9a8a76.approval-inbox-srv#flowable-async-job-executor-thread-5098#
[PollStartAppStatusExecution] 37a43f7b-a5fe-4f9c-80a8-893c34eca6ba [2026-06-07T21:34:30.086102] at resolveForCJSWithHooks (node:internal/modules/cjs/loader:1064:22) (STDERR, APP/PROC/WEB)#
#2026 06 07 21:34:39.708#Z#DEBUG#45480c39-62b8-11f1-9935-eeee0a9a8a76.approval-inbox-srv#flowable-async-job-executor-thread-5098#
[PollStartAppStatusExecution] 37a43f7b-a5fe-4f9c-80a8-893c34eca6ba [2026-06-07T21:34:30.086106] at Module._load (node:internal/modules/cjs/loader:1227:37) (STDERR, APP/PROC/WEB)#
#2026 06 07 21:34:39.708#Z#DEBUG#45480c39-62b8-11f1-9935-eeee0a9a8a76.approval-inbox-srv#flowable-async-job-executor-thread-5098#
[PollStartAppStatusExecution] 37a43f7b-a5fe-4f9c-80a8-893c34eca6ba [2026-06-07T21:34:30.086110] at TracingChannel.traceSync (node:diagnostics_channel:328:14) (STDERR, APP/PROC/WEB)#
#2026 06 07 21:34:39.708#Z#DEBUG#45480c39-62b8-11f1-9935-eeee0a9a8a76.approval-inbox-srv#flowable-async-job-executor-thread-5098#
[PollStartAppStatusExecution] 37a43f7b-a5fe-4f9c-80a8-893c34eca6ba [2026-06-07T21:34:30.086114] at wrapModuleLoad (node:internal/modules/cjs/loader:245:24) (STDERR, APP/PROC/WEB)#
#2026 06 07 21:34:39.708#Z#DEBUG#45480c39-62b8-11f1-9935-eeee0a9a8a76.approval-inbox-srv#flowable-async-job-executor-thread-5098#
[PollStartAppStatusExecution] 37a43f7b-a5fe-4f9c-80a8-893c34eca6ba [2026-06-07T21:34:30.086118] at Module.require (node:internal/modules/cjs/loader:1504:12) (STDERR, APP/PROC/WEB)#
#2026 06 07 21:34:39.708#Z#DEBUG#45480c39-62b8-11f1-9935-eeee0a9a8a76.approval-inbox-srv#flowable-async-job-executor-thread-5098#
[PollStartAppStatusExecution] 37a43f7b-a5fe-4f9c-80a8-893c34eca6ba [2026-06-07T21:34:30.086128] at require (node:internal/modules/helpers:152:16) (STDERR, APP/PROC/WEB)#
#2026 06 07 21:34:39.708#Z#DEBUG#45480c39-62b8-11f1-9935-eeee0a9a8a76.approval-inbox-srv#flowable-async-job-executor-thread-5098#
[PollStartAppStatusExecution] 37a43f7b-a5fe-4f9c-80a8-893c34eca6ba [2026-06-07T21:34:30.086133] at Object.<anonymous> (/home/vcap/app/node_modules/@sap/cds/lib/srv/middlewares/auth/xssec.js:2:17) (STDERR, APP/PROC/WEB)#
#2026 06 07 21:34:39.708#Z#DEBUG#45480c39-62b8-11f1-9935-eeee0a9a8a76.approval-inbox-srv#flowable-async-job-executor-thread-5098#
[PollStartAppStatusExecution] 37a43f7b-a5fe-4f9c-80a8-893c34eca6ba [2026-06-07T21:34:30.086137] at Module._compile (node:internal/modules/cjs/loader:1761:14) { (STDERR, APP/PROC/WEB)#
#2026 06 07 21:34:39.708#Z#DEBUG#45480c39-62b8-11f1-9935-eeee0a9a8a76.approval-inbox-srv#flowable-async-job-executor-thread-5098#
[PollStartAppStatusExecution] 37a43f7b-a5fe-4f9c-80a8-893c34eca6ba [2026-06-07T21:34:30.086140] code: 'MODULE_NOT_FOUND', (STDERR, APP/PROC/WEB)#
#2026 06 07 21:34:39.709#Z#DEBUG#45480c39-62b8-11f1-9935-eeee0a9a8a76.approval-inbox-srv#flowable-async-job-executor-thread-5098#
[PollStartAppStatusExecution] 37a43f7b-a5fe-4f9c-80a8-893c34eca6ba [2026-06-07T21:34:30.086145] requireStack: [ (STDERR, APP/PROC/WEB)#
#2026 06 07 21:34:39.709#Z#DEBUG#45480c39-62b8-11f1-9935-eeee0a9a8a76.approval-inbox-srv#flowable-async-job-executor-thread-5098#
[PollStartAppStatusExecution] 37a43f7b-a5fe-4f9c-80a8-893c34eca6ba [2026-06-07T21:34:30.086153] '/home/vcap/app/node_modules/@sap/cds/lib/srv/middlewares/auth/xssec.js', (STDERR, APP/PROC/WEB)#
#2026 06 07 21:34:39.709#Z#DEBUG#45480c39-62b8-11f1-9935-eeee0a9a8a76.approval-inbox-srv#flowable-async-job-executor-thread-5098#
[PollStartAppStatusExecution] 37a43f7b-a5fe-4f9c-80a8-893c34eca6ba [2026-06-07T21:34:30.086157] '/home/vcap/app/node_modules/@sap/cds/lib/srv/middlewares/auth/jwt-auth.js', (STDERR, APP/PROC/WEB)#
#2026 06 07 21:34:39.709#Z#DEBUG#45480c39-62b8-11f1-9935-eeee0a9a8a76.approval-inbox-srv#flowable-async-job-executor-thread-5098#
[PollStartAppStatusExecution] 37a43f7b-a5fe-4f9c-80a8-893c34eca6ba [2026-06-07T21:34:30.086161] '/home/vcap/app/node_modules/@sap/cds/lib/srv/middlewares/auth/index.js', (STDERR, APP/PROC/WEB)#
#2026 06 07 21:34:39.709#Z#DEBUG#45480c39-62b8-11f1-9935-eeee0a9a8a76.approval-inbox-srv#flowable-async-job-executor-thread-5098#
[PollStartAppStatusExecution] 37a43f7b-a5fe-4f9c-80a8-893c34eca6ba [2026-06-07T21:34:30.086165] '/home/vcap/app/node_modules/@sap/cds/lib/srv/middlewares/index.js', (STDERR, APP/PROC/WEB)#
#2026 06 07 21:34:39.709#Z#DEBUG#45480c39-62b8-11f1-9935-eeee0a9a8a76.approval-inbox-srv#flowable-async-job-executor-thread-5098#
[PollStartAppStatusExecution] 37a43f7b-a5fe-4f9c-80a8-893c34eca6ba [2026-06-07T21:34:30.086169] '/home/vcap/app/node_modules/@sap/cds/lib/index.js', (STDERR, APP/PROC/WEB)#
#2026 06 07 21:34:39.709#Z#DEBUG#45480c39-62b8-11f1-9935-eeee0a9a8a76.approval-inbox-srv#flowable-async-job-executor-thread-5098#
[PollStartAppStatusExecution] 37a43f7b-a5fe-4f9c-80a8-893c34eca6ba [2026-06-07T21:34:30.086173] '/home/vcap/app/node_modules/@sap/cds/bin/serve.js' (STDERR, APP/PROC/WEB)#
#2026 06 07 21:34:39.709#Z#DEBUG#45480c39-62b8-11f1-9935-eeee0a9a8a76.approval-inbox-srv#flowable-async-job-executor-thread-5098#
[PollStartAppStatusExecution] 37a43f7b-a5fe-4f9c-80a8-893c34eca6ba [2026-06-07T21:34:30.086176] ] (STDERR, APP/PROC/WEB)#
#2026 06 07 21:34:39.709#Z#DEBUG#45480c39-62b8-11f1-9935-eeee0a9a8a76.approval-inbox-srv#flowable-async-job-executor-thread-5098#
[PollStartAppStatusExecution] 37a43f7b-a5fe-4f9c-80a8-893c34eca6ba [2026-06-07T21:34:30.086180] } (STDERR, APP/PROC/WEB)#
#2026 06 07 21:34:39.709#Z#DEBUG#45480c39-62b8-11f1-9935-eeee0a9a8a76.approval-inbox-srv#flowable-async-job-executor-thread-5098#
[PollStartAppStatusExecution] 37a43f7b-a5fe-4f9c-80a8-893c34eca6ba [2026-06-07T21:34:30.086284] Node.js v24.13.0 (STDERR, APP/PROC/WEB)#
#2026 06 07 21:34:39.709#Z#DEBUG#45480c39-62b8-11f1-9935-eeee0a9a8a76.approval-inbox-srv#flowable-async-job-executor-thread-5098#
[PollStartAppStatusExecution] 37a43f7b-a5fe-4f9c-80a8-893c34eca6ba [2026-06-07T21:34:30.142494] Exit status 1 (STDOUT, APP/PROC/WEB)#
#2026 06 07 21:34:39.709#Z#DEBUG#45480c39-62b8-11f1-9935-eeee0a9a8a76.approval-inbox-srv#flowable-async-job-executor-thread-5098#
[PollStartAppStatusExecution] 37a43f7b-a5fe-4f9c-80a8-893c34eca6ba [2026-06-07T21:34:37.291037] Cell 54b50d35-322b-4617-baa3-c13476b47cb5 stopping instance 7a8a1c37-918b-4f20-4d6b-07ab (STDOUT, CELL)#
#2026 06 07 21:34:39.709#Z#DEBUG#45480c39-62b8-11f1-9935-eeee0a9a8a76.approval-inbox-srv#flowable-async-job-executor-thread-5098#
[PollStartAppStatusExecution] 37a43f7b-a5fe-4f9c-80a8-893c34eca6ba [2026-06-07T21:34:37.291091] Cell 54b50d35-322b-4617-baa3-c13476b47cb5 destroying container for instance 7a8a1c37-918b-4f20-4d6b-07ab (STDOUT, CELL)#
#2026 06 07 21:34:39.709#Z#DEBUG#45480c39-62b8-11f1-9935-eeee0a9a8a76.approval-inbox-srv#flowable-async-job-executor-thread-5098#
[PollStartAppStatusExecution] 37a43f7b-a5fe-4f9c-80a8-893c34eca6ba [2026-06-07T21:34:37.324325] Process has crashed with type: "web" (STDOUT, API)#
#2026 06 07 21:34:39.709#Z#DEBUG#45480c39-62b8-11f1-9935-eeee0a9a8a76.approval-inbox-srv#flowable-async-job-executor-thread-5098#
[PollStartAppStatusExecution] 37a43f7b-a5fe-4f9c-80a8-893c34eca6ba [2026-06-07T21:34:37.349778] App instance exited with guid 37a43f7b-a5fe-4f9c-80a8-893c34eca6ba payload: {"instance"=>"7a8a1c37-918b-4f20-4d6b-07ab", "index"=>0, "cell_id"=>"54b50d35-322b-4617-baa3-c13476b47cb5", "reason"=>"CRASHED", "exit_description"=>"APP/PROC/WEB: Exited with status 1", "crash_count"=>3, "crash_timestamp"=>1780868077273005512, "version"=>"91a67766-4f6c-4e81-bfb7-be981b3b6ffb"} (STDOUT, API)#
#2026 06 07 21:34:39.709#Z#DEBUG#45480c39-62b8-11f1-9935-eeee0a9a8a76.approval-inbox-srv#flowable-async-job-executor-thread-5098#
[PollStartAppStatusExecution] 37a43f7b-a5fe-4f9c-80a8-893c34eca6ba [2026-06-07T21:34:37.477808] Exit status 137 (STDOUT, PROXY)#
#2026 06 07 21:34:49.745#Z#DEBUG#45480c39-62b8-11f1-9935-eeee0a9a8a76.approval-inbox-srv#flowable-async-job-executor-thread-5101#
[PollStartAppStatusExecution] 37a43f7b-a5fe-4f9c-80a8-893c34eca6ba [2026-06-07T21:34:29.772769] {"level":"info","logger":"cds","timestamp":"2026-06-07T21:34:29.771Z","layer":"cds","component_type":"application","container_id":"10.32.1.6","component_id":"37a43f7b-a5fe-4f9c-80a8-893c34eca6ba","component_name":"approval-inbox-srv","component_instance":0,"source_instance":0,"organization_name":"733d95cctrial","organization_id":"03e6d9f5-da3e-4e73-9964-9ceb8bc4c62a","space_name":"dev","space_id":"866e022a-f99a-4e70-b297-343c39329964","msg":"loaded model from 1 file(s):\n ","type":"log"} (STDOUT, APP/PROC/WEB)#
#2026 06 07 21:34:49.745#Z#DEBUG#45480c39-62b8-11f1-9935-eeee0a9a8a76.approval-inbox-srv#flowable-async-job-executor-thread-5101#
[PollStartAppStatusExecution] 37a43f7b-a5fe-4f9c-80a8-893c34eca6ba [2026-06-07T21:34:29.773336] srv/csn.json (STDOUT, APP/PROC/WEB)#
#2026 06 07 21:34:49.745#Z#DEBUG#45480c39-62b8-11f1-9935-eeee0a9a8a76.approval-inbox-srv#flowable-async-job-executor-thread-5101#
[PollStartAppStatusExecution] 37a43f7b-a5fe-4f9c-80a8-893c34eca6ba [2026-06-07T21:34:30.036948] {"level":"info","logger":"cds","timestamp":"2026-06-07T21:34:30.036Z","layer":"cds","component_type":"application","container_id":"10.32.1.6","component_id":"37a43f7b-a5fe-4f9c-80a8-893c34eca6ba","component_name":"approval-inbox-srv","component_instance":0,"source_instance":0,"organization_name":"733d95cctrial","organization_id":"03e6d9f5-da3e-4e73-9964-9ceb8bc4c62a","space_name":"dev","space_id":"866e022a-f99a-4e70-b297-343c39329964","msg":"connect to db > hana {\n  database_id: 'dd335352-b948-4bce-826b-662362f1f052',\n  host: 'dd335352-b948-4bce-826b-662362f1f052.hana.prod-ap21.hanacloud.ondemand.com',\n  port: '443',\n  driver: 'com.sap.db.jdbc.Driver',\n  url: 'jdbc:sap://dd335352-b948-4bce-826b-662362f1f052.hana.prod-ap21.hanacloud.ondemand.com:443?encrypt=true&validateCertificate=true&currentschema=09FF326E4850441B99A3FBA8B6307C42',\n  schema: '09FF326E4850441B99A3FBA8B6307C42',\n  certificate: '...',\n  hdi_user: '09FF326E4850441B99A3FBA8B6307C42_7Y9TU8JP4EL9H9FR15WR5GH8R_DT',\n  hdi_password: '...',\n  user: '09FF326E4850441B99A3FBA8B6307C42_7Y9TU8JP4EL9H9FR15WR5GH8R_RT',\n  password: '...'\n}","type":"log"} (STDOUT, APP/PROC/WEB)#
#2026 06 07 21:34:49.745#Z#DEBUG#45480c39-62b8-11f1-9935-eeee0a9a8a76.approval-inbox-srv#flowable-async-job-executor-thread-5101#
[PollStartAppStatusExecution] 37a43f7b-a5fe-4f9c-80a8-893c34eca6ba [2026-06-07T21:34:30.083644] {"level":"info","logger":"cds","timestamp":"2026-06-07T21:34:30.083Z","layer":"cds","component_type":"application","container_id":"10.32.1.6","component_id":"37a43f7b-a5fe-4f9c-80a8-893c34eca6ba","component_name":"approval-inbox-srv","component_instance":0,"source_instance":0,"organization_name":"733d95cctrial","organization_id":"03e6d9f5-da3e-4e73-9964-9ceb8bc4c62a","space_name":"dev","space_id":"866e022a-f99a-4e70-b297-343c39329964","msg":"using auth strategy { kind: 'jwt' }","type":"log"} (STDOUT, APP/PROC/WEB)#
#2026 06 07 21:34:49.745#Z#DEBUG#45480c39-62b8-11f1-9935-eeee0a9a8a76.approval-inbox-srv#flowable-async-job-executor-thread-5101#
[PollStartAppStatusExecution] 37a43f7b-a5fe-4f9c-80a8-893c34eca6ba [2026-06-07T21:34:30.086011] node:internal/modules/cjs/loader:1421 (STDERR, APP/PROC/WEB)#
#2026 06 07 21:34:49.745#Z#DEBUG#45480c39-62b8-11f1-9935-eeee0a9a8a76.approval-inbox-srv#flowable-async-job-executor-thread-5101#
[PollStartAppStatusExecution] 37a43f7b-a5fe-4f9c-80a8-893c34eca6ba [2026-06-07T21:34:30.086027] const err = new Error(message); (STDERR, APP/PROC/WEB)#
#2026 06 07 21:34:49.745#Z#DEBUG#45480c39-62b8-11f1-9935-eeee0a9a8a76.approval-inbox-srv#flowable-async-job-executor-thread-5101#
[PollStartAppStatusExecution] 37a43f7b-a5fe-4f9c-80a8-893c34eca6ba [2026-06-07T21:34:30.086032] ^ (STDERR, APP/PROC/WEB)#
#2026 06 07 21:34:49.745#Z#DEBUG#45480c39-62b8-11f1-9935-eeee0a9a8a76.approval-inbox-srv#flowable-async-job-executor-thread-5101#
[PollStartAppStatusExecution] 37a43f7b-a5fe-4f9c-80a8-893c34eca6ba [2026-06-07T21:34:30.086037] Error: Cannot find '@sap/xssec'. Make sure to install it with 'npm i @sap/xssec' (STDERR, APP/PROC/WEB)#
#2026 06 07 21:34:49.745#Z#DEBUG#45480c39-62b8-11f1-9935-eeee0a9a8a76.approval-inbox-srv#flowable-async-job-executor-thread-5101#
[PollStartAppStatusExecution] 37a43f7b-a5fe-4f9c-80a8-893c34eca6ba [2026-06-07T21:34:30.086041] Cannot find module '@sap/xssec' (STDERR, APP/PROC/WEB)#
#2026 06 07 21:34:49.745#Z#DEBUG#45480c39-62b8-11f1-9935-eeee0a9a8a76.approval-inbox-srv#flowable-async-job-executor-thread-5101#
[PollStartAppStatusExecution] 37a43f7b-a5fe-4f9c-80a8-893c34eca6ba [2026-06-07T21:34:30.086061] Require stack: (STDERR, APP/PROC/WEB)#
#2026 06 07 21:34:49.745#Z#DEBUG#45480c39-62b8-11f1-9935-eeee0a9a8a76.approval-inbox-srv#flowable-async-job-executor-thread-5101#
[PollStartAppStatusExecution] 37a43f7b-a5fe-4f9c-80a8-893c34eca6ba [2026-06-07T21:34:30.086065] - /home/vcap/app/node_modules/@sap/cds/lib/srv/middlewares/auth/xssec.js (STDERR, APP/PROC/WEB)#
#2026 06 07 21:34:49.745#Z#DEBUG#45480c39-62b8-11f1-9935-eeee0a9a8a76.approval-inbox-srv#flowable-async-job-executor-thread-5101#
[PollStartAppStatusExecution] 37a43f7b-a5fe-4f9c-80a8-893c34eca6ba [2026-06-07T21:34:30.086069] - /home/vcap/app/node_modules/@sap/cds/lib/srv/middlewares/auth/jwt-auth.js (STDERR, APP/PROC/WEB)#
#2026 06 07 21:34:49.745#Z#DEBUG#45480c39-62b8-11f1-9935-eeee0a9a8a76.approval-inbox-srv#flowable-async-job-executor-thread-5101#
[PollStartAppStatusExecution] 37a43f7b-a5fe-4f9c-80a8-893c34eca6ba [2026-06-07T21:34:30.086074] - /home/vcap/app/node_modules/@sap/cds/lib/srv/middlewares/auth/index.js (STDERR, APP/PROC/WEB)#
#2026 06 07 21:34:49.745#Z#DEBUG#45480c39-62b8-11f1-9935-eeee0a9a8a76.approval-inbox-srv#flowable-async-job-executor-thread-5101#
[PollStartAppStatusExecution] 37a43f7b-a5fe-4f9c-80a8-893c34eca6ba [2026-06-07T21:34:30.086082] - /home/vcap/app/node_modules/@sap/cds/lib/srv/middlewares/index.js (STDERR, APP/PROC/WEB)#
#2026 06 07 21:34:49.745#Z#DEBUG#45480c39-62b8-11f1-9935-eeee0a9a8a76.approval-inbox-srv#flowable-async-job-executor-thread-5101#
[PollStartAppStatusExecution] 37a43f7b-a5fe-4f9c-80a8-893c34eca6ba [2026-06-07T21:34:30.086086] - /home/vcap/app/node_modules/@sap/cds/lib/index.js (STDERR, APP/PROC/WEB)#
#2026 06 07 21:34:49.745#Z#DEBUG#45480c39-62b8-11f1-9935-eeee0a9a8a76.approval-inbox-srv#flowable-async-job-executor-thread-5101#
[PollStartAppStatusExecution] 37a43f7b-a5fe-4f9c-80a8-893c34eca6ba [2026-06-07T21:34:30.086090] - /home/vcap/app/node_modules/@sap/cds/bin/serve.js (STDERR, APP/PROC/WEB)#
#2026 06 07 21:34:49.745#Z#DEBUG#45480c39-62b8-11f1-9935-eeee0a9a8a76.approval-inbox-srv#flowable-async-job-executor-thread-5101#
[PollStartAppStatusExecution] 37a43f7b-a5fe-4f9c-80a8-893c34eca6ba [2026-06-07T21:34:30.086094] at Module._resolveFilename (node:internal/modules/cjs/loader:1421:15) (STDERR, APP/PROC/WEB)#
#2026 06 07 21:34:49.745#Z#DEBUG#45480c39-62b8-11f1-9935-eeee0a9a8a76.approval-inbox-srv#flowable-async-job-executor-thread-5101#
[PollStartAppStatusExecution] 37a43f7b-a5fe-4f9c-80a8-893c34eca6ba [2026-06-07T21:34:30.086099] at defaultResolveImpl (node:internal/modules/cjs/loader:1059:19) (STDERR, APP/PROC/WEB)#
#2026 06 07 21:34:49.745#Z#DEBUG#45480c39-62b8-11f1-9935-eeee0a9a8a76.approval-inbox-srv#flowable-async-job-executor-thread-5101#
[PollStartAppStatusExecution] 37a43f7b-a5fe-4f9c-80a8-893c34eca6ba [2026-06-07T21:34:30.086102] at resolveForCJSWithHooks (node:internal/modules/cjs/loader:1064:22) (STDERR, APP/PROC/WEB)#
#2026 06 07 21:34:49.745#Z#DEBUG#45480c39-62b8-11f1-9935-eeee0a9a8a76.approval-inbox-srv#flowable-async-job-executor-thread-5101#
[PollStartAppStatusExecution] 37a43f7b-a5fe-4f9c-80a8-893c34eca6ba [2026-06-07T21:34:30.086106] at Module._load (node:internal/modules/cjs/loader:1227:37) (STDERR, APP/PROC/WEB)#
#2026 06 07 21:34:49.745#Z#DEBUG#45480c39-62b8-11f1-9935-eeee0a9a8a76.approval-inbox-srv#flowable-async-job-executor-thread-5101#
[PollStartAppStatusExecution] 37a43f7b-a5fe-4f9c-80a8-893c34eca6ba [2026-06-07T21:34:30.086110] at TracingChannel.traceSync (node:diagnostics_channel:328:14) (STDERR, APP/PROC/WEB)#
#2026 06 07 21:34:49.745#Z#DEBUG#45480c39-62b8-11f1-9935-eeee0a9a8a76.approval-inbox-srv#flowable-async-job-executor-thread-5101#
[PollStartAppStatusExecution] 37a43f7b-a5fe-4f9c-80a8-893c34eca6ba [2026-06-07T21:34:30.086114] at wrapModuleLoad (node:internal/modules/cjs/loader:245:24) (STDERR, APP/PROC/WEB)#
#2026 06 07 21:34:49.745#Z#DEBUG#45480c39-62b8-11f1-9935-eeee0a9a8a76.approval-inbox-srv#flowable-async-job-executor-thread-5101#
[PollStartAppStatusExecution] 37a43f7b-a5fe-4f9c-80a8-893c34eca6ba [2026-06-07T21:34:30.086118] at Module.require (node:internal/modules/cjs/loader:1504:12) (STDERR, APP/PROC/WEB)#
#2026 06 07 21:34:49.745#Z#DEBUG#45480c39-62b8-11f1-9935-eeee0a9a8a76.approval-inbox-srv#flowable-async-job-executor-thread-5101#
[PollStartAppStatusExecution] 37a43f7b-a5fe-4f9c-80a8-893c34eca6ba [2026-06-07T21:34:30.086128] at require (node:internal/modules/helpers:152:16) (STDERR, APP/PROC/WEB)#
#2026 06 07 21:34:49.745#Z#DEBUG#45480c39-62b8-11f1-9935-eeee0a9a8a76.approval-inbox-srv#flowable-async-job-executor-thread-5101#
[PollStartAppStatusExecution] 37a43f7b-a5fe-4f9c-80a8-893c34eca6ba [2026-06-07T21:34:30.086133] at Object.<anonymous> (/home/vcap/app/node_modules/@sap/cds/lib/srv/middlewares/auth/xssec.js:2:17) (STDERR, APP/PROC/WEB)#
#2026 06 07 21:34:49.745#Z#DEBUG#45480c39-62b8-11f1-9935-eeee0a9a8a76.approval-inbox-srv#flowable-async-job-executor-thread-5101#
[PollStartAppStatusExecution] 37a43f7b-a5fe-4f9c-80a8-893c34eca6ba [2026-06-07T21:34:30.086137] at Module._compile (node:internal/modules/cjs/loader:1761:14) { (STDERR, APP/PROC/WEB)#
#2026 06 07 21:34:49.745#Z#DEBUG#45480c39-62b8-11f1-9935-eeee0a9a8a76.approval-inbox-srv#flowable-async-job-executor-thread-5101#
[PollStartAppStatusExecution] 37a43f7b-a5fe-4f9c-80a8-893c34eca6ba [2026-06-07T21:34:30.086140] code: 'MODULE_NOT_FOUND', (STDERR, APP/PROC/WEB)#
#2026 06 07 21:34:49.745#Z#DEBUG#45480c39-62b8-11f1-9935-eeee0a9a8a76.approval-inbox-srv#flowable-async-job-executor-thread-5101#
[PollStartAppStatusExecution] 37a43f7b-a5fe-4f9c-80a8-893c34eca6ba [2026-06-07T21:34:30.086145] requireStack: [ (STDERR, APP/PROC/WEB)#
#2026 06 07 21:34:49.745#Z#DEBUG#45480c39-62b8-11f1-9935-eeee0a9a8a76.approval-inbox-srv#flowable-async-job-executor-thread-5101#
[PollStartAppStatusExecution] 37a43f7b-a5fe-4f9c-80a8-893c34eca6ba [2026-06-07T21:34:30.086153] '/home/vcap/app/node_modules/@sap/cds/lib/srv/middlewares/auth/xssec.js', (STDERR, APP/PROC/WEB)#
#2026 06 07 21:34:49.745#Z#DEBUG#45480c39-62b8-11f1-9935-eeee0a9a8a76.approval-inbox-srv#flowable-async-job-executor-thread-5101#
[PollStartAppStatusExecution] 37a43f7b-a5fe-4f9c-80a8-893c34eca6ba [2026-06-07T21:34:30.086157] '/home/vcap/app/node_modules/@sap/cds/lib/srv/middlewares/auth/jwt-auth.js', (STDERR, APP/PROC/WEB)#
#2026 06 07 21:34:49.745#Z#DEBUG#45480c39-62b8-11f1-9935-eeee0a9a8a76.approval-inbox-srv#flowable-async-job-executor-thread-5101#
[PollStartAppStatusExecution] 37a43f7b-a5fe-4f9c-80a8-893c34eca6ba [2026-06-07T21:34:30.086161] '/home/vcap/app/node_modules/@sap/cds/lib/srv/middlewares/auth/index.js', (STDERR, APP/PROC/WEB)#
#2026 06 07 21:34:49.745#Z#DEBUG#45480c39-62b8-11f1-9935-eeee0a9a8a76.approval-inbox-srv#flowable-async-job-executor-thread-5101#
[PollStartAppStatusExecution] 37a43f7b-a5fe-4f9c-80a8-893c34eca6ba [2026-06-07T21:34:30.086165] '/home/vcap/app/node_modules/@sap/cds/lib/srv/middlewares/index.js', (STDERR, APP/PROC/WEB)#
#2026 06 07 21:34:49.745#Z#DEBUG#45480c39-62b8-11f1-9935-eeee0a9a8a76.approval-inbox-srv#flowable-async-job-executor-thread-5101#
[PollStartAppStatusExecution] 37a43f7b-a5fe-4f9c-80a8-893c34eca6ba [2026-06-07T21:34:30.086169] '/home/vcap/app/node_modules/@sap/cds/lib/index.js', (STDERR, APP/PROC/WEB)#
#2026 06 07 21:34:49.745#Z#DEBUG#45480c39-62b8-11f1-9935-eeee0a9a8a76.approval-inbox-srv#flowable-async-job-executor-thread-5101#
[PollStartAppStatusExecution] 37a43f7b-a5fe-4f9c-80a8-893c34eca6ba [2026-06-07T21:34:30.086173] '/home/vcap/app/node_modules/@sap/cds/bin/serve.js' (STDERR, APP/PROC/WEB)#
#2026 06 07 21:34:49.745#Z#DEBUG#45480c39-62b8-11f1-9935-eeee0a9a8a76.approval-inbox-srv#flowable-async-job-executor-thread-5101#
[PollStartAppStatusExecution] 37a43f7b-a5fe-4f9c-80a8-893c34eca6ba [2026-06-07T21:34:30.086176] ] (STDERR, APP/PROC/WEB)#
#2026 06 07 21:34:49.745#Z#DEBUG#45480c39-62b8-11f1-9935-eeee0a9a8a76.approval-inbox-srv#flowable-async-job-executor-thread-5101#
[PollStartAppStatusExecution] 37a43f7b-a5fe-4f9c-80a8-893c34eca6ba [2026-06-07T21:34:30.086180] } (STDERR, APP/PROC/WEB)#
#2026 06 07 21:34:49.745#Z#DEBUG#45480c39-62b8-11f1-9935-eeee0a9a8a76.approval-inbox-srv#flowable-async-job-executor-thread-5101#
[PollStartAppStatusExecution] 37a43f7b-a5fe-4f9c-80a8-893c34eca6ba [2026-06-07T21:34:30.086284] Node.js v24.13.0 (STDERR, APP/PROC/WEB)#
#2026 06 07 21:34:49.745#Z#DEBUG#45480c39-62b8-11f1-9935-eeee0a9a8a76.approval-inbox-srv#flowable-async-job-executor-thread-5101#
[PollStartAppStatusExecution] 37a43f7b-a5fe-4f9c-80a8-893c34eca6ba [2026-06-07T21:34:30.142494] Exit status 1 (STDOUT, APP/PROC/WEB)#
#2026 06 07 21:34:49.745#Z#DEBUG#45480c39-62b8-11f1-9935-eeee0a9a8a76.approval-inbox-srv#flowable-async-job-executor-thread-5101#
[PollStartAppStatusExecution] 37a43f7b-a5fe-4f9c-80a8-893c34eca6ba [2026-06-07T21:34:37.291037] Cell 54b50d35-322b-4617-baa3-c13476b47cb5 stopping instance 7a8a1c37-918b-4f20-4d6b-07ab (STDOUT, CELL)#
#2026 06 07 21:34:49.745#Z#DEBUG#45480c39-62b8-11f1-9935-eeee0a9a8a76.approval-inbox-srv#flowable-async-job-executor-thread-5101#
[PollStartAppStatusExecution] 37a43f7b-a5fe-4f9c-80a8-893c34eca6ba [2026-06-07T21:34:37.291091] Cell 54b50d35-322b-4617-baa3-c13476b47cb5 destroying container for instance 7a8a1c37-918b-4f20-4d6b-07ab (STDOUT, CELL)#
#2026 06 07 21:34:49.745#Z#DEBUG#45480c39-62b8-11f1-9935-eeee0a9a8a76.approval-inbox-srv#flowable-async-job-executor-thread-5101#
[PollStartAppStatusExecution] 37a43f7b-a5fe-4f9c-80a8-893c34eca6ba [2026-06-07T21:34:37.324325] Process has crashed with type: "web" (STDOUT, API)#
#2026 06 07 21:34:49.745#Z#DEBUG#45480c39-62b8-11f1-9935-eeee0a9a8a76.approval-inbox-srv#flowable-async-job-executor-thread-5101#
[PollStartAppStatusExecution] 37a43f7b-a5fe-4f9c-80a8-893c34eca6ba [2026-06-07T21:34:37.349778] App instance exited with guid 37a43f7b-a5fe-4f9c-80a8-893c34eca6ba payload: {"instance"=>"7a8a1c37-918b-4f20-4d6b-07ab", "index"=>0, "cell_id"=>"54b50d35-322b-4617-baa3-c13476b47cb5", "reason"=>"CRASHED", "exit_description"=>"APP/PROC/WEB: Exited with status 1", "crash_count"=>3, "crash_timestamp"=>1780868077273005512, "version"=>"91a67766-4f6c-4e81-bfb7-be981b3b6ffb"} (STDOUT, API)#
#2026 06 07 21:34:49.745#Z#DEBUG#45480c39-62b8-11f1-9935-eeee0a9a8a76.approval-inbox-srv#flowable-async-job-executor-thread-5101#
[PollStartAppStatusExecution] 37a43f7b-a5fe-4f9c-80a8-893c34eca6ba [2026-06-07T21:34:37.477808] Exit status 137 (STDOUT, PROXY)#
#2026 06 07 21:34:49.745#Z#DEBUG#45480c39-62b8-11f1-9935-eeee0a9a8a76.approval-inbox-srv#flowable-async-job-executor-thread-5101#
[PollStartAppStatusExecution] 37a43f7b-a5fe-4f9c-80a8-893c34eca6ba [2026-06-07T21:34:40.301340] Cell 54b50d35-322b-4617-baa3-c13476b47cb5 successfully destroyed container for instance 7a8a1c37-918b-4f20-4d6b-07ab (STDOUT, CELL)#
#2026 06 07 21:34:49.745#Z#DEBUG#45480c39-62b8-11f1-9935-eeee0a9a8a76.approval-inbox-srv#flowable-async-job-executor-thread-5101#
[PollStartAppStatusExecution] 37a43f7b-a5fe-4f9c-80a8-893c34eca6ba [2026-06-07T21:34:41.763622] Stopping app with guid 37a43f7b-a5fe-4f9c-80a8-893c34eca6ba (STDOUT, API)#
#2026 06 07 21:34:49.745#Z#DEBUG#45480c39-62b8-11f1-9935-eeee0a9a8a76.approval-inbox-srv#flowable-async-job-executor-thread-5101#
[PollStartAppStatusExecution] 37a43f7b-a5fe-4f9c-80a8-893c34eca6ba [2026-06-07T21:34:41.992321] Starting app with guid 37a43f7b-a5fe-4f9c-80a8-893c34eca6ba (STDOUT, API)#
#2026 06 07 21:34:49.745#Z#DEBUG#45480c39-62b8-11f1-9935-eeee0a9a8a76.approval-inbox-srv#flowable-async-job-executor-thread-5101#
[PollStartAppStatusExecution] 37a43f7b-a5fe-4f9c-80a8-893c34eca6ba [2026-06-07T21:34:42.246476] Cell 54b50d35-322b-4617-baa3-c13476b47cb5 creating container for instance 34c2210d-e803-46ae-7861-c522 (STDOUT, CELL)#
#2026 06 07 21:34:49.745#Z#DEBUG#45480c39-62b8-11f1-9935-eeee0a9a8a76.approval-inbox-srv#flowable-async-job-executor-thread-5101#
[PollStartAppStatusExecution] 37a43f7b-a5fe-4f9c-80a8-893c34eca6ba [2026-06-07T21:34:43.129672] Security group rules were updated (STDOUT, CELL)#
#2026 06 07 21:34:49.745#Z#DEBUG#45480c39-62b8-11f1-9935-eeee0a9a8a76.approval-inbox-srv#flowable-async-job-executor-thread-5101#
[PollStartAppStatusExecution] 37a43f7b-a5fe-4f9c-80a8-893c34eca6ba [2026-06-07T21:34:43.252839] Cell 54b50d35-322b-4617-baa3-c13476b47cb5 successfully created container for instance 34c2210d-e803-46ae-7861-c522 (STDOUT, CELL)#
#2026 06 07 21:34:49.745#Z#DEBUG#45480c39-62b8-11f1-9935-eeee0a9a8a76.approval-inbox-srv#flowable-async-job-executor-thread-5101#
[PollStartAppStatusExecution] 37a43f7b-a5fe-4f9c-80a8-893c34eca6ba [2026-06-07T21:34:45.064819] Downloading droplet... (STDOUT, CELL)#
#2026 06 07 21:34:59.764#Z#DEBUG#45480c39-62b8-11f1-9935-eeee0a9a8a76.approval-inbox-srv#flowable-async-job-executor-thread-5103#
[PollStartAppStatusExecution] 37a43f7b-a5fe-4f9c-80a8-893c34eca6ba [2026-06-07T21:34:51.038212] Downloaded droplet (70.4M) (STDOUT, CELL)#
#2026 06 07 21:34:59.764#Z#DEBUG#45480c39-62b8-11f1-9935-eeee0a9a8a76.approval-inbox-srv#flowable-async-job-executor-thread-5103#
[PollStartAppStatusExecution] 37a43f7b-a5fe-4f9c-80a8-893c34eca6ba [2026-06-07T21:34:51.038697] Starting health monitoring of container (STDOUT, CELL)#
#2026 06 07 21:34:59.764#Z#DEBUG#45480c39-62b8-11f1-9935-eeee0a9a8a76.approval-inbox-srv#flowable-async-job-executor-thread-5103#
[PollStartAppStatusExecution] 37a43f7b-a5fe-4f9c-80a8-893c34eca6ba [2026-06-07T21:34:51.188807] Invoking pre-start scripts. (STDOUT, APP/PROC/WEB)#
#2026 06 07 21:34:59.764#Z#DEBUG#45480c39-62b8-11f1-9935-eeee0a9a8a76.approval-inbox-srv#flowable-async-job-executor-thread-5103#
[PollStartAppStatusExecution] 37a43f7b-a5fe-4f9c-80a8-893c34eca6ba [2026-06-07T21:34:51.450404] Invoking start command. (STDOUT, APP/PROC/WEB)#
#2026 06 07 21:34:59.764#Z#DEBUG#45480c39-62b8-11f1-9935-eeee0a9a8a76.approval-inbox-srv#flowable-async-job-executor-thread-5103#
[PollStartAppStatusExecution] 37a43f7b-a5fe-4f9c-80a8-893c34eca6ba [2026-06-07T21:34:51.629048] > approval-inbox@1.0.0 start (STDOUT, APP/PROC/WEB)#
#2026 06 07 21:34:59.764#Z#DEBUG#45480c39-62b8-11f1-9935-eeee0a9a8a76.approval-inbox-srv#flowable-async-job-executor-thread-5103#
[PollStartAppStatusExecution] 37a43f7b-a5fe-4f9c-80a8-893c34eca6ba [2026-06-07T21:34:51.629089] > cds-serve (STDOUT, APP/PROC/WEB)#
#2026 06 07 21:34:59.764#Z#DEBUG#45480c39-62b8-11f1-9935-eeee0a9a8a76.approval-inbox-srv#flowable-async-job-executor-thread-5103#
[PollStartAppStatusExecution] 37a43f7b-a5fe-4f9c-80a8-893c34eca6ba [2026-06-07T21:34:51.951942] {"level":"info","logger":"cds","timestamp":"2026-06-07T21:34:51.950Z","layer":"cds","component_type":"application","container_id":"10.32.1.6","component_id":"37a43f7b-a5fe-4f9c-80a8-893c34eca6ba","component_name":"approval-inbox-srv","component_instance":0,"source_instance":0,"organization_name":"733d95cctrial","organization_id":"03e6d9f5-da3e-4e73-9964-9ceb8bc4c62a","space_name":"dev","space_id":"866e022a-f99a-4e70-b297-343c39329964","msg":"loaded model from 1 file(s):\n ","type":"log"} (STDOUT, APP/PROC/WEB)#
#2026 06 07 21:34:59.764#Z#DEBUG#45480c39-62b8-11f1-9935-eeee0a9a8a76.approval-inbox-srv#flowable-async-job-executor-thread-5103#
[PollStartAppStatusExecution] 37a43f7b-a5fe-4f9c-80a8-893c34eca6ba [2026-06-07T21:34:51.952413] srv/csn.json (STDOUT, APP/PROC/WEB)#
#2026 06 07 21:34:59.764#Z#DEBUG#45480c39-62b8-11f1-9935-eeee0a9a8a76.approval-inbox-srv#flowable-async-job-executor-thread-5103#
[PollStartAppStatusExecution] 37a43f7b-a5fe-4f9c-80a8-893c34eca6ba [2026-06-07T21:34:52.203046] {"level":"info","logger":"cds","timestamp":"2026-06-07T21:34:52.202Z","layer":"cds","component_type":"application","container_id":"10.32.1.6","component_id":"37a43f7b-a5fe-4f9c-80a8-893c34eca6ba","component_name":"approval-inbox-srv","component_instance":0,"source_instance":0,"organization_name":"733d95cctrial","organization_id":"03e6d9f5-da3e-4e73-9964-9ceb8bc4c62a","space_name":"dev","space_id":"866e022a-f99a-4e70-b297-343c39329964","msg":"connect to db > hana {\n  database_id: 'dd335352-b948-4bce-826b-662362f1f052',\n  host: 'dd335352-b948-4bce-826b-662362f1f052.hana.prod-ap21.hanacloud.ondemand.com',\n  port: '443',\n  driver: 'com.sap.db.jdbc.Driver',\n  url: 'jdbc:sap://dd335352-b948-4bce-826b-662362f1f052.hana.prod-ap21.hanacloud.ondemand.com:443?encrypt=true&validateCertificate=true&currentschema=09FF326E4850441B99A3FBA8B6307C42',\n  schema: '09FF326E4850441B99A3FBA8B6307C42',\n  certificate: '...',\n  hdi_user: '09FF326E4850441B99A3FBA8B6307C42_7Y9TU8JP4EL9H9FR15WR5GH8R_DT',\n  hdi_password: '...',\n  user: '09FF326E4850441B99A3FBA8B6307C42_7Y9TU8JP4EL9H9FR15WR5GH8R_RT',\n  password: '...'\n}","type":"log"} (STDOUT, APP/PROC/WEB)#
#2026 06 07 21:34:59.764#Z#DEBUG#45480c39-62b8-11f1-9935-eeee0a9a8a76.approval-inbox-srv#flowable-async-job-executor-thread-5103#
[PollStartAppStatusExecution] 37a43f7b-a5fe-4f9c-80a8-893c34eca6ba [2026-06-07T21:34:52.237285] {"level":"info","logger":"cds","timestamp":"2026-06-07T21:34:52.236Z","layer":"cds","component_type":"application","container_id":"10.32.1.6","component_id":"37a43f7b-a5fe-4f9c-80a8-893c34eca6ba","component_name":"approval-inbox-srv","component_instance":0,"source_instance":0,"organization_name":"733d95cctrial","organization_id":"03e6d9f5-da3e-4e73-9964-9ceb8bc4c62a","space_name":"dev","space_id":"866e022a-f99a-4e70-b297-343c39329964","msg":"using auth strategy { kind: 'jwt' }","type":"log"} (STDOUT, APP/PROC/WEB)#
#2026 06 07 21:34:59.764#Z#DEBUG#45480c39-62b8-11f1-9935-eeee0a9a8a76.approval-inbox-srv#flowable-async-job-executor-thread-5103#
[PollStartAppStatusExecution] 37a43f7b-a5fe-4f9c-80a8-893c34eca6ba [2026-06-07T21:34:52.239315] node:internal/modules/cjs/loader:1421 (STDERR, APP/PROC/WEB)#
#2026 06 07 21:34:59.764#Z#DEBUG#45480c39-62b8-11f1-9935-eeee0a9a8a76.approval-inbox-srv#flowable-async-job-executor-thread-5103#
[PollStartAppStatusExecution] 37a43f7b-a5fe-4f9c-80a8-893c34eca6ba [2026-06-07T21:34:52.239330] const err = new Error(message); (STDERR, APP/PROC/WEB)#
#2026 06 07 21:34:59.764#Z#DEBUG#45480c39-62b8-11f1-9935-eeee0a9a8a76.approval-inbox-srv#flowable-async-job-executor-thread-5103#
[PollStartAppStatusExecution] 37a43f7b-a5fe-4f9c-80a8-893c34eca6ba [2026-06-07T21:34:52.239336] ^ (STDERR, APP/PROC/WEB)#
#2026 06 07 21:34:59.764#Z#DEBUG#45480c39-62b8-11f1-9935-eeee0a9a8a76.approval-inbox-srv#flowable-async-job-executor-thread-5103#
[PollStartAppStatusExecution] 37a43f7b-a5fe-4f9c-80a8-893c34eca6ba [2026-06-07T21:34:52.239341] Error: Cannot find '@sap/xssec'. Make sure to install it with 'npm i @sap/xssec' (STDERR, APP/PROC/WEB)#
#2026 06 07 21:34:59.764#Z#DEBUG#45480c39-62b8-11f1-9935-eeee0a9a8a76.approval-inbox-srv#flowable-async-job-executor-thread-5103#
[PollStartAppStatusExecution] 37a43f7b-a5fe-4f9c-80a8-893c34eca6ba [2026-06-07T21:34:52.239348] Cannot find module '@sap/xssec' (STDERR, APP/PROC/WEB)#
#2026 06 07 21:34:59.764#Z#DEBUG#45480c39-62b8-11f1-9935-eeee0a9a8a76.approval-inbox-srv#flowable-async-job-executor-thread-5103#
[PollStartAppStatusExecution] 37a43f7b-a5fe-4f9c-80a8-893c34eca6ba [2026-06-07T21:34:52.239352] Require stack: (STDERR, APP/PROC/WEB)#
#2026 06 07 21:34:59.764#Z#DEBUG#45480c39-62b8-11f1-9935-eeee0a9a8a76.approval-inbox-srv#flowable-async-job-executor-thread-5103#
[PollStartAppStatusExecution] 37a43f7b-a5fe-4f9c-80a8-893c34eca6ba [2026-06-07T21:34:52.239357] - /home/vcap/app/node_modules/@sap/cds/lib/srv/middlewares/auth/xssec.js (STDERR, APP/PROC/WEB)#
#2026 06 07 21:34:59.764#Z#DEBUG#45480c39-62b8-11f1-9935-eeee0a9a8a76.approval-inbox-srv#flowable-async-job-executor-thread-5103#
[PollStartAppStatusExecution] 37a43f7b-a5fe-4f9c-80a8-893c34eca6ba [2026-06-07T21:34:52.239362] - /home/vcap/app/node_modules/@sap/cds/lib/srv/middlewares/auth/jwt-auth.js (STDERR, APP/PROC/WEB)#
#2026 06 07 21:34:59.764#Z#DEBUG#45480c39-62b8-11f1-9935-eeee0a9a8a76.approval-inbox-srv#flowable-async-job-executor-thread-5103#
[PollStartAppStatusExecution] 37a43f7b-a5fe-4f9c-80a8-893c34eca6ba [2026-06-07T21:34:52.239367] - /home/vcap/app/node_modules/@sap/cds/lib/srv/middlewares/auth/index.js (STDERR, APP/PROC/WEB)#
#2026 06 07 21:34:59.764#Z#DEBUG#45480c39-62b8-11f1-9935-eeee0a9a8a76.approval-inbox-srv#flowable-async-job-executor-thread-5103#
[PollStartAppStatusExecution] 37a43f7b-a5fe-4f9c-80a8-893c34eca6ba [2026-06-07T21:34:52.239371] - /home/vcap/app/node_modules/@sap/cds/lib/srv/middlewares/index.js (STDERR, APP/PROC/WEB)#
#2026 06 07 21:34:59.764#Z#DEBUG#45480c39-62b8-11f1-9935-eeee0a9a8a76.approval-inbox-srv#flowable-async-job-executor-thread-5103#
[PollStartAppStatusExecution] 37a43f7b-a5fe-4f9c-80a8-893c34eca6ba [2026-06-07T21:34:52.239376] - /home/vcap/app/node_modules/@sap/cds/lib/index.js (STDERR, APP/PROC/WEB)#
#2026 06 07 21:34:59.764#Z#DEBUG#45480c39-62b8-11f1-9935-eeee0a9a8a76.approval-inbox-srv#flowable-async-job-executor-thread-5103#
[PollStartAppStatusExecution] 37a43f7b-a5fe-4f9c-80a8-893c34eca6ba [2026-06-07T21:34:52.239380] - /home/vcap/app/node_modules/@sap/cds/bin/serve.js (STDERR, APP/PROC/WEB)#
#2026 06 07 21:34:59.764#Z#DEBUG#45480c39-62b8-11f1-9935-eeee0a9a8a76.approval-inbox-srv#flowable-async-job-executor-thread-5103#
[PollStartAppStatusExecution] 37a43f7b-a5fe-4f9c-80a8-893c34eca6ba [2026-06-07T21:34:52.239385] at Module._resolveFilename (node:internal/modules/cjs/loader:1421:15) (STDERR, APP/PROC/WEB)#
#2026 06 07 21:34:59.764#Z#DEBUG#45480c39-62b8-11f1-9935-eeee0a9a8a76.approval-inbox-srv#flowable-async-job-executor-thread-5103#
[PollStartAppStatusExecution] 37a43f7b-a5fe-4f9c-80a8-893c34eca6ba [2026-06-07T21:34:52.239392] at defaultResolveImpl (node:internal/modules/cjs/loader:1059:19) (STDERR, APP/PROC/WEB)#
#2026 06 07 21:34:59.764#Z#DEBUG#45480c39-62b8-11f1-9935-eeee0a9a8a76.approval-inbox-srv#flowable-async-job-executor-thread-5103#
[PollStartAppStatusExecution] 37a43f7b-a5fe-4f9c-80a8-893c34eca6ba [2026-06-07T21:34:52.239396] at resolveForCJSWithHooks (node:internal/modules/cjs/loader:1064:22) (STDERR, APP/PROC/WEB)#
#2026 06 07 21:34:59.764#Z#DEBUG#45480c39-62b8-11f1-9935-eeee0a9a8a76.approval-inbox-srv#flowable-async-job-executor-thread-5103#
[PollStartAppStatusExecution] 37a43f7b-a5fe-4f9c-80a8-893c34eca6ba [2026-06-07T21:34:52.239404] at Module._load (node:internal/modules/cjs/loader:1227:37) (STDERR, APP/PROC/WEB)#
#2026 06 07 21:34:59.764#Z#DEBUG#45480c39-62b8-11f1-9935-eeee0a9a8a76.approval-inbox-srv#flowable-async-job-executor-thread-5103#
[PollStartAppStatusExecution] 37a43f7b-a5fe-4f9c-80a8-893c34eca6ba [2026-06-07T21:34:52.239409] at TracingChannel.traceSync (node:diagnostics_channel:328:14) (STDERR, APP/PROC/WEB)#
#2026 06 07 21:34:59.764#Z#DEBUG#45480c39-62b8-11f1-9935-eeee0a9a8a76.approval-inbox-srv#flowable-async-job-executor-thread-5103#
[PollStartAppStatusExecution] 37a43f7b-a5fe-4f9c-80a8-893c34eca6ba [2026-06-07T21:34:52.239414] at wrapModuleLoad (node:internal/modules/cjs/loader:245:24) (STDERR, APP/PROC/WEB)#
#2026 06 07 21:34:59.764#Z#DEBUG#45480c39-62b8-11f1-9935-eeee0a9a8a76.approval-inbox-srv#flowable-async-job-executor-thread-5103#
[PollStartAppStatusExecution] 37a43f7b-a5fe-4f9c-80a8-893c34eca6ba [2026-06-07T21:34:52.239420] at Module.require (node:internal/modules/cjs/loader:1504:12) (STDERR, APP/PROC/WEB)#
#2026 06 07 21:34:59.764#Z#DEBUG#45480c39-62b8-11f1-9935-eeee0a9a8a76.approval-inbox-srv#flowable-async-job-executor-thread-5103#
[PollStartAppStatusExecution] 37a43f7b-a5fe-4f9c-80a8-893c34eca6ba [2026-06-07T21:34:52.239424] at require (node:internal/modules/helpers:152:16) (STDERR, APP/PROC/WEB)#
#2026 06 07 21:34:59.764#Z#DEBUG#45480c39-62b8-11f1-9935-eeee0a9a8a76.approval-inbox-srv#flowable-async-job-executor-thread-5103#
[PollStartAppStatusExecution] 37a43f7b-a5fe-4f9c-80a8-893c34eca6ba [2026-06-07T21:34:52.239429] at Object.<anonymous> (/home/vcap/app/node_modules/@sap/cds/lib/srv/middlewares/auth/xssec.js:2:17) (STDERR, APP/PROC/WEB)#
#2026 06 07 21:34:59.764#Z#DEBUG#45480c39-62b8-11f1-9935-eeee0a9a8a76.approval-inbox-srv#flowable-async-job-executor-thread-5103#
[PollStartAppStatusExecution] 37a43f7b-a5fe-4f9c-80a8-893c34eca6ba [2026-06-07T21:34:52.239433] at Module._compile (node:internal/modules/cjs/loader:1761:14) { (STDERR, APP/PROC/WEB)#
#2026 06 07 21:34:59.764#Z#DEBUG#45480c39-62b8-11f1-9935-eeee0a9a8a76.approval-inbox-srv#flowable-async-job-executor-thread-5103#
[PollStartAppStatusExecution] 37a43f7b-a5fe-4f9c-80a8-893c34eca6ba [2026-06-07T21:34:52.239440] code: 'MODULE_NOT_FOUND', (STDERR, APP/PROC/WEB)#
#2026 06 07 21:34:59.764#Z#DEBUG#45480c39-62b8-11f1-9935-eeee0a9a8a76.approval-inbox-srv#flowable-async-job-executor-thread-5103#
[PollStartAppStatusExecution] 37a43f7b-a5fe-4f9c-80a8-893c34eca6ba [2026-06-07T21:34:52.239444] requireStack: [ (STDERR, APP/PROC/WEB)#
#2026 06 07 21:34:59.764#Z#DEBUG#45480c39-62b8-11f1-9935-eeee0a9a8a76.approval-inbox-srv#flowable-async-job-executor-thread-5103#
[PollStartAppStatusExecution] 37a43f7b-a5fe-4f9c-80a8-893c34eca6ba [2026-06-07T21:34:52.239449] '/home/vcap/app/node_modules/@sap/cds/lib/srv/middlewares/auth/xssec.js', (STDERR, APP/PROC/WEB)#
#2026 06 07 21:34:59.764#Z#DEBUG#45480c39-62b8-11f1-9935-eeee0a9a8a76.approval-inbox-srv#flowable-async-job-executor-thread-5103#
[PollStartAppStatusExecution] 37a43f7b-a5fe-4f9c-80a8-893c34eca6ba [2026-06-07T21:34:52.239453] '/home/vcap/app/node_modules/@sap/cds/lib/srv/middlewares/auth/jwt-auth.js', (STDERR, APP/PROC/WEB)#
#2026 06 07 21:34:59.764#Z#DEBUG#45480c39-62b8-11f1-9935-eeee0a9a8a76.approval-inbox-srv#flowable-async-job-executor-thread-5103#
[PollStartAppStatusExecution] 37a43f7b-a5fe-4f9c-80a8-893c34eca6ba [2026-06-07T21:34:52.239457] '/home/vcap/app/node_modules/@sap/cds/lib/srv/middlewares/auth/index.js', (STDERR, APP/PROC/WEB)#
#2026 06 07 21:34:59.764#Z#DEBUG#45480c39-62b8-11f1-9935-eeee0a9a8a76.approval-inbox-srv#flowable-async-job-executor-thread-5103#
[PollStartAppStatusExecution] 37a43f7b-a5fe-4f9c-80a8-893c34eca6ba [2026-06-07T21:34:52.239462] '/home/vcap/app/node_modules/@sap/cds/lib/srv/middlewares/index.js', (STDERR, APP/PROC/WEB)#
#2026 06 07 21:34:59.764#Z#DEBUG#45480c39-62b8-11f1-9935-eeee0a9a8a76.approval-inbox-srv#flowable-async-job-executor-thread-5103#
[PollStartAppStatusExecution] 37a43f7b-a5fe-4f9c-80a8-893c34eca6ba [2026-06-07T21:34:52.239465] '/home/vcap/app/node_modules/@sap/cds/lib/index.js', (STDERR, APP/PROC/WEB)#
#2026 06 07 21:34:59.764#Z#DEBUG#45480c39-62b8-11f1-9935-eeee0a9a8a76.approval-inbox-srv#flowable-async-job-executor-thread-5103#
[PollStartAppStatusExecution] 37a43f7b-a5fe-4f9c-80a8-893c34eca6ba [2026-06-07T21:34:52.239470] '/home/vcap/app/node_modules/@sap/cds/bin/serve.js' (STDERR, APP/PROC/WEB)#
#2026 06 07 21:34:59.764#Z#DEBUG#45480c39-62b8-11f1-9935-eeee0a9a8a76.approval-inbox-srv#flowable-async-job-executor-thread-5103#
[PollStartAppStatusExecution] 37a43f7b-a5fe-4f9c-80a8-893c34eca6ba [2026-06-07T21:34:52.239474] ] (STDERR, APP/PROC/WEB)#
#2026 06 07 21:34:59.764#Z#DEBUG#45480c39-62b8-11f1-9935-eeee0a9a8a76.approval-inbox-srv#flowable-async-job-executor-thread-5103#
[PollStartAppStatusExecution] 37a43f7b-a5fe-4f9c-80a8-893c34eca6ba [2026-06-07T21:34:52.239478] } (STDERR, APP/PROC/WEB)#
#2026 06 07 21:34:59.764#Z#DEBUG#45480c39-62b8-11f1-9935-eeee0a9a8a76.approval-inbox-srv#flowable-async-job-executor-thread-5103#
[PollStartAppStatusExecution] 37a43f7b-a5fe-4f9c-80a8-893c34eca6ba [2026-06-07T21:34:52.239482] Node.js v24.13.0 (STDERR, APP/PROC/WEB)#
#2026 06 07 21:34:59.764#Z#DEBUG#45480c39-62b8-11f1-9935-eeee0a9a8a76.approval-inbox-srv#flowable-async-job-executor-thread-5103#
[PollStartAppStatusExecution] 37a43f7b-a5fe-4f9c-80a8-893c34eca6ba [2026-06-07T21:34:52.288847] Exit status 1 (STDOUT, APP/PROC/WEB)#
#2026 06 07 21:35:09.783#Z#DEBUG#45480c39-62b8-11f1-9935-eeee0a9a8a76.approval-inbox-srv#flowable-async-job-executor-thread-5105#
[PollStartAppStatusExecution] 37a43f7b-a5fe-4f9c-80a8-893c34eca6ba [2026-06-07T21:34:59.735095] Cell 54b50d35-322b-4617-baa3-c13476b47cb5 stopping instance 34c2210d-e803-46ae-7861-c522 (STDOUT, CELL)#
#2026 06 07 21:35:09.783#Z#DEBUG#45480c39-62b8-11f1-9935-eeee0a9a8a76.approval-inbox-srv#flowable-async-job-executor-thread-5105#
[PollStartAppStatusExecution] 37a43f7b-a5fe-4f9c-80a8-893c34eca6ba [2026-06-07T21:34:59.735129] Cell 54b50d35-322b-4617-baa3-c13476b47cb5 destroying container for instance 34c2210d-e803-46ae-7861-c522 (STDOUT, CELL)#
#2026 06 07 21:35:09.783#Z#DEBUG#45480c39-62b8-11f1-9935-eeee0a9a8a76.approval-inbox-srv#flowable-async-job-executor-thread-5105#
[PollStartAppStatusExecution] 37a43f7b-a5fe-4f9c-80a8-893c34eca6ba [2026-06-07T21:34:59.741660] Process has crashed with type: "web" (STDOUT, API)#
#2026 06 07 21:35:09.783#Z#DEBUG#45480c39-62b8-11f1-9935-eeee0a9a8a76.approval-inbox-srv#flowable-async-job-executor-thread-5105#
[PollStartAppStatusExecution] 37a43f7b-a5fe-4f9c-80a8-893c34eca6ba [2026-06-07T21:34:59.757135] App instance exited with guid 37a43f7b-a5fe-4f9c-80a8-893c34eca6ba payload: {"instance"=>"34c2210d-e803-46ae-7861-c522", "index"=>0, "cell_id"=>"54b50d35-322b-4617-baa3-c13476b47cb5", "reason"=>"CRASHED", "exit_description"=>"APP/PROC/WEB: Exited with status 1", "crash_count"=>1, "crash_timestamp"=>1780868099694741259, "version"=>"d9bc0521-1ab6-4f1c-a9fc-9f05bd568abe"} (STDOUT, API)#
#2026 06 07 21:35:09.783#Z#DEBUG#45480c39-62b8-11f1-9935-eeee0a9a8a76.approval-inbox-srv#flowable-async-job-executor-thread-5105#
[PollStartAppStatusExecution] 37a43f7b-a5fe-4f9c-80a8-893c34eca6ba [2026-06-07T21:34:59.808627] Cell 3697da87-6170-41a4-acb7-9186f1527dfa creating container for instance 63b71072-375a-47d0-4a1d-8d69 (STDOUT, CELL)#
#2026 06 07 21:35:09.783#Z#DEBUG#45480c39-62b8-11f1-9935-eeee0a9a8a76.approval-inbox-srv#flowable-async-job-executor-thread-5105#
[PollStartAppStatusExecution] 37a43f7b-a5fe-4f9c-80a8-893c34eca6ba [2026-06-07T21:34:59.938075] Exit status 137 (STDOUT, PROXY)#
#2026 06 07 21:35:09.783#Z#DEBUG#45480c39-62b8-11f1-9935-eeee0a9a8a76.approval-inbox-srv#flowable-async-job-executor-thread-5105#
[PollStartAppStatusExecution] 37a43f7b-a5fe-4f9c-80a8-893c34eca6ba [2026-06-07T21:35:00.559337] Security group rules were updated (STDOUT, CELL)#
#2026 06 07 21:35:09.783#Z#DEBUG#45480c39-62b8-11f1-9935-eeee0a9a8a76.approval-inbox-srv#flowable-async-job-executor-thread-5105#
[PollStartAppStatusExecution] 37a43f7b-a5fe-4f9c-80a8-893c34eca6ba [2026-06-07T21:35:00.670999] Cell 3697da87-6170-41a4-acb7-9186f1527dfa successfully created container for instance 63b71072-375a-47d0-4a1d-8d69 (STDOUT, CELL)#
#2026 06 07 21:35:09.783#Z#DEBUG#45480c39-62b8-11f1-9935-eeee0a9a8a76.approval-inbox-srv#flowable-async-job-executor-thread-5105#
[PollStartAppStatusExecution] 37a43f7b-a5fe-4f9c-80a8-893c34eca6ba [2026-06-07T21:35:02.308029] Downloading droplet... (STDOUT, CELL)#
#2026 06 07 21:35:09.783#Z#DEBUG#45480c39-62b8-11f1-9935-eeee0a9a8a76.approval-inbox-srv#flowable-async-job-executor-thread-5105#
[PollStartAppStatusExecution] 37a43f7b-a5fe-4f9c-80a8-893c34eca6ba [2026-06-07T21:35:03.033781] Cell 54b50d35-322b-4617-baa3-c13476b47cb5 successfully destroyed container for instance 34c2210d-e803-46ae-7861-c522 (STDOUT, CELL)#
#2026 06 07 21:35:09.783#Z#DEBUG#45480c39-62b8-11f1-9935-eeee0a9a8a76.approval-inbox-srv#flowable-async-job-executor-thread-5105#
[PollStartAppStatusExecution] 37a43f7b-a5fe-4f9c-80a8-893c34eca6ba [2026-06-07T21:35:07.579845] Downloaded droplet (70.4M) (STDOUT, CELL)#
#2026 06 07 21:35:09.783#Z#DEBUG#45480c39-62b8-11f1-9935-eeee0a9a8a76.approval-inbox-srv#flowable-async-job-executor-thread-5105#
[PollStartAppStatusExecution] 37a43f7b-a5fe-4f9c-80a8-893c34eca6ba [2026-06-07T21:35:07.580143] Starting health monitoring of container (STDOUT, CELL)#
#2026 06 07 21:35:09.783#Z#DEBUG#45480c39-62b8-11f1-9935-eeee0a9a8a76.approval-inbox-srv#flowable-async-job-executor-thread-5105#
[PollStartAppStatusExecution] 37a43f7b-a5fe-4f9c-80a8-893c34eca6ba [2026-06-07T21:35:07.720465] Invoking pre-start scripts. (STDOUT, APP/PROC/WEB)#
#2026 06 07 21:35:09.783#Z#DEBUG#45480c39-62b8-11f1-9935-eeee0a9a8a76.approval-inbox-srv#flowable-async-job-executor-thread-5105#
[PollStartAppStatusExecution] 37a43f7b-a5fe-4f9c-80a8-893c34eca6ba [2026-06-07T21:35:07.951163] Invoking start command. (STDOUT, APP/PROC/WEB)#
#2026 06 07 21:35:09.783#Z#DEBUG#45480c39-62b8-11f1-9935-eeee0a9a8a76.approval-inbox-srv#flowable-async-job-executor-thread-5105#
[PollStartAppStatusExecution] 37a43f7b-a5fe-4f9c-80a8-893c34eca6ba [2026-06-07T21:35:08.125330] > approval-inbox@1.0.0 start (STDOUT, APP/PROC/WEB)#
#2026 06 07 21:35:09.783#Z#DEBUG#45480c39-62b8-11f1-9935-eeee0a9a8a76.approval-inbox-srv#flowable-async-job-executor-thread-5105#
[PollStartAppStatusExecution] 37a43f7b-a5fe-4f9c-80a8-893c34eca6ba [2026-06-07T21:35:08.125342] > cds-serve (STDOUT, APP/PROC/WEB)#
#2026 06 07 21:35:09.783#Z#DEBUG#45480c39-62b8-11f1-9935-eeee0a9a8a76.approval-inbox-srv#flowable-async-job-executor-thread-5105#
[PollStartAppStatusExecution] 37a43f7b-a5fe-4f9c-80a8-893c34eca6ba [2026-06-07T21:35:08.445722] {"level":"info","logger":"cds","timestamp":"2026-06-07T21:35:08.444Z","layer":"cds","component_type":"application","container_id":"10.32.2.7","component_id":"37a43f7b-a5fe-4f9c-80a8-893c34eca6ba","component_name":"approval-inbox-srv","component_instance":0,"source_instance":0,"organization_name":"733d95cctrial","organization_id":"03e6d9f5-da3e-4e73-9964-9ceb8bc4c62a","space_name":"dev","space_id":"866e022a-f99a-4e70-b297-343c39329964","msg":"loaded model from 1 file(s):\n ","type":"log"} (STDOUT, APP/PROC/WEB)#
#2026 06 07 21:35:09.783#Z#DEBUG#45480c39-62b8-11f1-9935-eeee0a9a8a76.approval-inbox-srv#flowable-async-job-executor-thread-5105#
[PollStartAppStatusExecution] 37a43f7b-a5fe-4f9c-80a8-893c34eca6ba [2026-06-07T21:35:08.446147] srv/csn.json (STDOUT, APP/PROC/WEB)#
#2026 06 07 21:35:09.783#Z#DEBUG#45480c39-62b8-11f1-9935-eeee0a9a8a76.approval-inbox-srv#flowable-async-job-executor-thread-5105#
[PollStartAppStatusExecution] 37a43f7b-a5fe-4f9c-80a8-893c34eca6ba [2026-06-07T21:35:08.716739] {"level":"info","logger":"cds","timestamp":"2026-06-07T21:35:08.716Z","layer":"cds","component_type":"application","container_id":"10.32.2.7","component_id":"37a43f7b-a5fe-4f9c-80a8-893c34eca6ba","component_name":"approval-inbox-srv","component_instance":0,"source_instance":0,"organization_name":"733d95cctrial","organization_id":"03e6d9f5-da3e-4e73-9964-9ceb8bc4c62a","space_name":"dev","space_id":"866e022a-f99a-4e70-b297-343c39329964","msg":"connect to db > hana {\n  database_id: 'dd335352-b948-4bce-826b-662362f1f052',\n  host: 'dd335352-b948-4bce-826b-662362f1f052.hana.prod-ap21.hanacloud.ondemand.com',\n  port: '443',\n  driver: 'com.sap.db.jdbc.Driver',\n  url: 'jdbc:sap://dd335352-b948-4bce-826b-662362f1f052.hana.prod-ap21.hanacloud.ondemand.com:443?encrypt=true&validateCertificate=true&currentschema=09FF326E4850441B99A3FBA8B6307C42',\n  schema: '09FF326E4850441B99A3FBA8B6307C42',\n  certificate: '...',\n  hdi_user: '09FF326E4850441B99A3FBA8B6307C42_7Y9TU8JP4EL9H9FR15WR5GH8R_DT',\n  hdi_password: '...',\n  user: '09FF326E4850441B99A3FBA8B6307C42_7Y9TU8JP4EL9H9FR15WR5GH8R_RT',\n  password: '...'\n}","type":"log"} (STDOUT, APP/PROC/WEB)#
#2026 06 07 21:35:09.783#Z#DEBUG#45480c39-62b8-11f1-9935-eeee0a9a8a76.approval-inbox-srv#flowable-async-job-executor-thread-5105#
[PollStartAppStatusExecution] 37a43f7b-a5fe-4f9c-80a8-893c34eca6ba [2026-06-07T21:35:08.749264] {"level":"info","logger":"cds","timestamp":"2026-06-07T21:35:08.748Z","layer":"cds","component_type":"application","container_id":"10.32.2.7","component_id":"37a43f7b-a5fe-4f9c-80a8-893c34eca6ba","component_name":"approval-inbox-srv","component_instance":0,"source_instance":0,"organization_name":"733d95cctrial","organization_id":"03e6d9f5-da3e-4e73-9964-9ceb8bc4c62a","space_name":"dev","space_id":"866e022a-f99a-4e70-b297-343c39329964","msg":"using auth strategy { kind: 'jwt' }","type":"log"} (STDOUT, APP/PROC/WEB)#
#2026 06 07 21:35:09.783#Z#DEBUG#45480c39-62b8-11f1-9935-eeee0a9a8a76.approval-inbox-srv#flowable-async-job-executor-thread-5105#
[PollStartAppStatusExecution] 37a43f7b-a5fe-4f9c-80a8-893c34eca6ba [2026-06-07T21:35:08.751019] node:internal/modules/cjs/loader:1421 (STDERR, APP/PROC/WEB)#
#2026 06 07 21:35:09.783#Z#DEBUG#45480c39-62b8-11f1-9935-eeee0a9a8a76.approval-inbox-srv#flowable-async-job-executor-thread-5105#
[PollStartAppStatusExecution] 37a43f7b-a5fe-4f9c-80a8-893c34eca6ba [2026-06-07T21:35:08.751028] const err = new Error(message); (STDERR, APP/PROC/WEB)#
#2026 06 07 21:35:09.783#Z#DEBUG#45480c39-62b8-11f1-9935-eeee0a9a8a76.approval-inbox-srv#flowable-async-job-executor-thread-5105#
[PollStartAppStatusExecution] 37a43f7b-a5fe-4f9c-80a8-893c34eca6ba [2026-06-07T21:35:08.751046] ^ (STDERR, APP/PROC/WEB)#
#2026 06 07 21:35:09.783#Z#DEBUG#45480c39-62b8-11f1-9935-eeee0a9a8a76.approval-inbox-srv#flowable-async-job-executor-thread-5105#
[PollStartAppStatusExecution] 37a43f7b-a5fe-4f9c-80a8-893c34eca6ba [2026-06-07T21:35:08.751050] Error: Cannot find '@sap/xssec'. Make sure to install it with 'npm i @sap/xssec' (STDERR, APP/PROC/WEB)#
#2026 06 07 21:35:09.783#Z#DEBUG#45480c39-62b8-11f1-9935-eeee0a9a8a76.approval-inbox-srv#flowable-async-job-executor-thread-5105#
[PollStartAppStatusExecution] 37a43f7b-a5fe-4f9c-80a8-893c34eca6ba [2026-06-07T21:35:08.751053] Cannot find module '@sap/xssec' (STDERR, APP/PROC/WEB)#
#2026 06 07 21:35:09.783#Z#DEBUG#45480c39-62b8-11f1-9935-eeee0a9a8a76.approval-inbox-srv#flowable-async-job-executor-thread-5105#
[PollStartAppStatusExecution] 37a43f7b-a5fe-4f9c-80a8-893c34eca6ba [2026-06-07T21:35:08.751055] Require stack: (STDERR, APP/PROC/WEB)#
#2026 06 07 21:35:09.783#Z#DEBUG#45480c39-62b8-11f1-9935-eeee0a9a8a76.approval-inbox-srv#flowable-async-job-executor-thread-5105#
[PollStartAppStatusExecution] 37a43f7b-a5fe-4f9c-80a8-893c34eca6ba [2026-06-07T21:35:08.751058] - /home/vcap/app/node_modules/@sap/cds/lib/srv/middlewares/auth/xssec.js (STDERR, APP/PROC/WEB)#
#2026 06 07 21:35:09.783#Z#DEBUG#45480c39-62b8-11f1-9935-eeee0a9a8a76.approval-inbox-srv#flowable-async-job-executor-thread-5105#
[PollStartAppStatusExecution] 37a43f7b-a5fe-4f9c-80a8-893c34eca6ba [2026-06-07T21:35:08.751072] - /home/vcap/app/node_modules/@sap/cds/lib/srv/middlewares/auth/jwt-auth.js (STDERR, APP/PROC/WEB)#
#2026 06 07 21:35:09.783#Z#DEBUG#45480c39-62b8-11f1-9935-eeee0a9a8a76.approval-inbox-srv#flowable-async-job-executor-thread-5105#
[PollStartAppStatusExecution] 37a43f7b-a5fe-4f9c-80a8-893c34eca6ba [2026-06-07T21:35:08.751075] - /home/vcap/app/node_modules/@sap/cds/lib/srv/middlewares/auth/index.js (STDERR, APP/PROC/WEB)#
#2026 06 07 21:35:09.783#Z#DEBUG#45480c39-62b8-11f1-9935-eeee0a9a8a76.approval-inbox-srv#flowable-async-job-executor-thread-5105#
[PollStartAppStatusExecution] 37a43f7b-a5fe-4f9c-80a8-893c34eca6ba [2026-06-07T21:35:08.751077] - /home/vcap/app/node_modules/@sap/cds/lib/srv/middlewares/index.js (STDERR, APP/PROC/WEB)#
#2026 06 07 21:35:09.783#Z#DEBUG#45480c39-62b8-11f1-9935-eeee0a9a8a76.approval-inbox-srv#flowable-async-job-executor-thread-5105#
[PollStartAppStatusExecution] 37a43f7b-a5fe-4f9c-80a8-893c34eca6ba [2026-06-07T21:35:08.751080] - /home/vcap/app/node_modules/@sap/cds/lib/index.js (STDERR, APP/PROC/WEB)#
#2026 06 07 21:35:09.783#Z#DEBUG#45480c39-62b8-11f1-9935-eeee0a9a8a76.approval-inbox-srv#flowable-async-job-executor-thread-5105#
[PollStartAppStatusExecution] 37a43f7b-a5fe-4f9c-80a8-893c34eca6ba [2026-06-07T21:35:08.751083] - /home/vcap/app/node_modules/@sap/cds/bin/serve.js (STDERR, APP/PROC/WEB)#
#2026 06 07 21:35:09.783#Z#DEBUG#45480c39-62b8-11f1-9935-eeee0a9a8a76.approval-inbox-srv#flowable-async-job-executor-thread-5105#
[PollStartAppStatusExecution] 37a43f7b-a5fe-4f9c-80a8-893c34eca6ba [2026-06-07T21:35:08.751086] at Module._resolveFilename (node:internal/modules/cjs/loader:1421:15) (STDERR, APP/PROC/WEB)#
#2026 06 07 21:35:09.783#Z#DEBUG#45480c39-62b8-11f1-9935-eeee0a9a8a76.approval-inbox-srv#flowable-async-job-executor-thread-5105#
[PollStartAppStatusExecution] 37a43f7b-a5fe-4f9c-80a8-893c34eca6ba [2026-06-07T21:35:08.751088] at defaultResolveImpl (node:internal/modules/cjs/loader:1059:19) (STDERR, APP/PROC/WEB)#
#2026 06 07 21:35:09.783#Z#DEBUG#45480c39-62b8-11f1-9935-eeee0a9a8a76.approval-inbox-srv#flowable-async-job-executor-thread-5105#
[PollStartAppStatusExecution] 37a43f7b-a5fe-4f9c-80a8-893c34eca6ba [2026-06-07T21:35:08.751094] at resolveForCJSWithHooks (node:internal/modules/cjs/loader:1064:22) (STDERR, APP/PROC/WEB)#
#2026 06 07 21:35:09.783#Z#DEBUG#45480c39-62b8-11f1-9935-eeee0a9a8a76.approval-inbox-srv#flowable-async-job-executor-thread-5105#
[PollStartAppStatusExecution] 37a43f7b-a5fe-4f9c-80a8-893c34eca6ba [2026-06-07T21:35:08.751097] at Module._load (node:internal/modules/cjs/loader:1227:37) (STDERR, APP/PROC/WEB)#
#2026 06 07 21:35:09.783#Z#DEBUG#45480c39-62b8-11f1-9935-eeee0a9a8a76.approval-inbox-srv#flowable-async-job-executor-thread-5105#
[PollStartAppStatusExecution] 37a43f7b-a5fe-4f9c-80a8-893c34eca6ba [2026-06-07T21:35:08.751114] at TracingChannel.traceSync (node:diagnostics_channel:328:14) (STDERR, APP/PROC/WEB)#
#2026 06 07 21:35:09.783#Z#DEBUG#45480c39-62b8-11f1-9935-eeee0a9a8a76.approval-inbox-srv#flowable-async-job-executor-thread-5105#
[PollStartAppStatusExecution] 37a43f7b-a5fe-4f9c-80a8-893c34eca6ba [2026-06-07T21:35:08.751118] at wrapModuleLoad (node:internal/modules/cjs/loader:245:24) (STDERR, APP/PROC/WEB)#
#2026 06 07 21:35:09.783#Z#DEBUG#45480c39-62b8-11f1-9935-eeee0a9a8a76.approval-inbox-srv#flowable-async-job-executor-thread-5105#
[PollStartAppStatusExecution] 37a43f7b-a5fe-4f9c-80a8-893c34eca6ba [2026-06-07T21:35:08.751121] at Module.require (node:internal/modules/cjs/loader:1504:12) (STDERR, APP/PROC/WEB)#
#2026 06 07 21:35:09.783#Z#DEBUG#45480c39-62b8-11f1-9935-eeee0a9a8a76.approval-inbox-srv#flowable-async-job-executor-thread-5105#
[PollStartAppStatusExecution] 37a43f7b-a5fe-4f9c-80a8-893c34eca6ba [2026-06-07T21:35:08.751124] at require (node:internal/modules/helpers:152:16) (STDERR, APP/PROC/WEB)#
#2026 06 07 21:35:09.783#Z#DEBUG#45480c39-62b8-11f1-9935-eeee0a9a8a76.approval-inbox-srv#flowable-async-job-executor-thread-5105#
[PollStartAppStatusExecution] 37a43f7b-a5fe-4f9c-80a8-893c34eca6ba [2026-06-07T21:35:08.751127] at Object.<anonymous> (/home/vcap/app/node_modules/@sap/cds/lib/srv/middlewares/auth/xssec.js:2:17) (STDERR, APP/PROC/WEB)#
#2026 06 07 21:35:09.783#Z#DEBUG#45480c39-62b8-11f1-9935-eeee0a9a8a76.approval-inbox-srv#flowable-async-job-executor-thread-5105#
[PollStartAppStatusExecution] 37a43f7b-a5fe-4f9c-80a8-893c34eca6ba [2026-06-07T21:35:08.751133] at Module._compile (node:internal/modules/cjs/loader:1761:14) { (STDERR, APP/PROC/WEB)#
#2026 06 07 21:35:09.783#Z#DEBUG#45480c39-62b8-11f1-9935-eeee0a9a8a76.approval-inbox-srv#flowable-async-job-executor-thread-5105#
[PollStartAppStatusExecution] 37a43f7b-a5fe-4f9c-80a8-893c34eca6ba [2026-06-07T21:35:08.751136] code: 'MODULE_NOT_FOUND', (STDERR, APP/PROC/WEB)#
#2026 06 07 21:35:09.783#Z#DEBUG#45480c39-62b8-11f1-9935-eeee0a9a8a76.approval-inbox-srv#flowable-async-job-executor-thread-5105#
[PollStartAppStatusExecution] 37a43f7b-a5fe-4f9c-80a8-893c34eca6ba [2026-06-07T21:35:08.751138] requireStack: [ (STDERR, APP/PROC/WEB)#
#2026 06 07 21:35:09.783#Z#DEBUG#45480c39-62b8-11f1-9935-eeee0a9a8a76.approval-inbox-srv#flowable-async-job-executor-thread-5105#
[PollStartAppStatusExecution] 37a43f7b-a5fe-4f9c-80a8-893c34eca6ba [2026-06-07T21:35:08.751141] '/home/vcap/app/node_modules/@sap/cds/lib/srv/middlewares/auth/xssec.js', (STDERR, APP/PROC/WEB)#
#2026 06 07 21:35:09.783#Z#DEBUG#45480c39-62b8-11f1-9935-eeee0a9a8a76.approval-inbox-srv#flowable-async-job-executor-thread-5105#
[PollStartAppStatusExecution] 37a43f7b-a5fe-4f9c-80a8-893c34eca6ba [2026-06-07T21:35:08.751145] '/home/vcap/app/node_modules/@sap/cds/lib/srv/middlewares/auth/jwt-auth.js', (STDERR, APP/PROC/WEB)#
#2026 06 07 21:35:09.783#Z#DEBUG#45480c39-62b8-11f1-9935-eeee0a9a8a76.approval-inbox-srv#flowable-async-job-executor-thread-5105#
[PollStartAppStatusExecution] 37a43f7b-a5fe-4f9c-80a8-893c34eca6ba [2026-06-07T21:35:08.751148] '/home/vcap/app/node_modules/@sap/cds/lib/srv/middlewares/auth/index.js', (STDERR, APP/PROC/WEB)#
#2026 06 07 21:35:09.783#Z#DEBUG#45480c39-62b8-11f1-9935-eeee0a9a8a76.approval-inbox-srv#flowable-async-job-executor-thread-5105#
[PollStartAppStatusExecution] 37a43f7b-a5fe-4f9c-80a8-893c34eca6ba [2026-06-07T21:35:08.751151] '/home/vcap/app/node_modules/@sap/cds/lib/srv/middlewares/index.js', (STDERR, APP/PROC/WEB)#
#2026 06 07 21:35:09.783#Z#DEBUG#45480c39-62b8-11f1-9935-eeee0a9a8a76.approval-inbox-srv#flowable-async-job-executor-thread-5105#
[PollStartAppStatusExecution] 37a43f7b-a5fe-4f9c-80a8-893c34eca6ba [2026-06-07T21:35:08.751159] '/home/vcap/app/node_modules/@sap/cds/lib/index.js', (STDERR, APP/PROC/WEB)#
#2026 06 07 21:35:09.783#Z#DEBUG#45480c39-62b8-11f1-9935-eeee0a9a8a76.approval-inbox-srv#flowable-async-job-executor-thread-5105#
[PollStartAppStatusExecution] 37a43f7b-a5fe-4f9c-80a8-893c34eca6ba [2026-06-07T21:35:08.751168] '/home/vcap/app/node_modules/@sap/cds/bin/serve.js' (STDERR, APP/PROC/WEB)#
#2026 06 07 21:35:09.783#Z#DEBUG#45480c39-62b8-11f1-9935-eeee0a9a8a76.approval-inbox-srv#flowable-async-job-executor-thread-5105#
[PollStartAppStatusExecution] 37a43f7b-a5fe-4f9c-80a8-893c34eca6ba [2026-06-07T21:35:08.751171] ] (STDERR, APP/PROC/WEB)#
#2026 06 07 21:35:09.783#Z#DEBUG#45480c39-62b8-11f1-9935-eeee0a9a8a76.approval-inbox-srv#flowable-async-job-executor-thread-5105#
[PollStartAppStatusExecution] 37a43f7b-a5fe-4f9c-80a8-893c34eca6ba [2026-06-07T21:35:08.751173] } (STDERR, APP/PROC/WEB)#
#2026 06 07 21:35:09.783#Z#DEBUG#45480c39-62b8-11f1-9935-eeee0a9a8a76.approval-inbox-srv#flowable-async-job-executor-thread-5105#
[PollStartAppStatusExecution] 37a43f7b-a5fe-4f9c-80a8-893c34eca6ba [2026-06-07T21:35:08.751176] Node.js v24.13.0 (STDERR, APP/PROC/WEB)#
#2026 06 07 21:35:09.783#Z#DEBUG#45480c39-62b8-11f1-9935-eeee0a9a8a76.approval-inbox-srv#flowable-async-job-executor-thread-5105#
[PollStartAppStatusExecution] 37a43f7b-a5fe-4f9c-80a8-893c34eca6ba [2026-06-07T21:35:08.792824] Exit status 1 (STDOUT, APP/PROC/WEB)#
#2026 06 07 21:35:19.757#Z#DEBUG#45480c39-62b8-11f1-9935-eeee0a9a8a76.approval-inbox-srv#flowable-async-job-executor-thread-5107#
[PollStartAppStatusExecution] 37a43f7b-a5fe-4f9c-80a8-893c34eca6ba [2026-06-07T21:35:15.347721] Process has crashed with type: "web" (STDOUT, API)#
#2026 06 07 21:35:19.757#Z#DEBUG#45480c39-62b8-11f1-9935-eeee0a9a8a76.approval-inbox-srv#flowable-async-job-executor-thread-5107#
[PollStartAppStatusExecution] 37a43f7b-a5fe-4f9c-80a8-893c34eca6ba [2026-06-07T21:35:15.350305] Cell 3697da87-6170-41a4-acb7-9186f1527dfa stopping instance 63b71072-375a-47d0-4a1d-8d69 (STDOUT, CELL)#
#2026 06 07 21:35:19.757#Z#DEBUG#45480c39-62b8-11f1-9935-eeee0a9a8a76.approval-inbox-srv#flowable-async-job-executor-thread-5107#
[PollStartAppStatusExecution] 37a43f7b-a5fe-4f9c-80a8-893c34eca6ba [2026-06-07T21:35:15.350346] Cell 3697da87-6170-41a4-acb7-9186f1527dfa destroying container for instance 63b71072-375a-47d0-4a1d-8d69 (STDOUT, CELL)#
#2026 06 07 21:35:19.757#Z#DEBUG#45480c39-62b8-11f1-9935-eeee0a9a8a76.approval-inbox-srv#flowable-async-job-executor-thread-5107#
[PollStartAppStatusExecution] 37a43f7b-a5fe-4f9c-80a8-893c34eca6ba [2026-06-07T21:35:15.363230] App instance exited with guid 37a43f7b-a5fe-4f9c-80a8-893c34eca6ba payload: {"instance"=>"63b71072-375a-47d0-4a1d-8d69", "index"=>0, "cell_id"=>"3697da87-6170-41a4-acb7-9186f1527dfa", "reason"=>"CRASHED", "exit_description"=>"APP/PROC/WEB: Exited with status 1", "crash_count"=>2, "crash_timestamp"=>1780868115300585569, "version"=>"d9bc0521-1ab6-4f1c-a9fc-9f05bd568abe"} (STDOUT, API)#
#2026 06 07 21:35:19.757#Z#DEBUG#45480c39-62b8-11f1-9935-eeee0a9a8a76.approval-inbox-srv#flowable-async-job-executor-thread-5107#
[PollStartAppStatusExecution] 37a43f7b-a5fe-4f9c-80a8-893c34eca6ba [2026-06-07T21:35:15.412131] Cell 54b50d35-322b-4617-baa3-c13476b47cb5 creating container for instance 542293db-d6c5-4e34-4d50-84ed (STDOUT, CELL)#
#2026 06 07 21:35:19.757#Z#DEBUG#45480c39-62b8-11f1-9935-eeee0a9a8a76.approval-inbox-srv#flowable-async-job-executor-thread-5107#
[PollStartAppStatusExecution] 37a43f7b-a5fe-4f9c-80a8-893c34eca6ba [2026-06-07T21:35:15.506109] Exit status 137 (STDOUT, PROXY)#
#2026 06 07 21:35:19.757#Z#DEBUG#45480c39-62b8-11f1-9935-eeee0a9a8a76.approval-inbox-srv#flowable-async-job-executor-thread-5107#
[PollStartAppStatusExecution] 37a43f7b-a5fe-4f9c-80a8-893c34eca6ba [2026-06-07T21:35:16.248619] Security group rules were updated (STDOUT, CELL)#
#2026 06 07 21:35:19.757#Z#DEBUG#45480c39-62b8-11f1-9935-eeee0a9a8a76.approval-inbox-srv#flowable-async-job-executor-thread-5107#
[PollStartAppStatusExecution] 37a43f7b-a5fe-4f9c-80a8-893c34eca6ba [2026-06-07T21:35:16.373518] Cell 54b50d35-322b-4617-baa3-c13476b47cb5 successfully created container for instance 542293db-d6c5-4e34-4d50-84ed (STDOUT, CELL)#
#2026 06 07 21:35:19.757#Z#DEBUG#45480c39-62b8-11f1-9935-eeee0a9a8a76.approval-inbox-srv#flowable-async-job-executor-thread-5107#
[PollStartAppStatusExecution] 37a43f7b-a5fe-4f9c-80a8-893c34eca6ba [2026-06-07T21:35:17.100] Downloading droplet... (STDOUT, CELL)#
#2026 06 07 21:35:19.757#Z#DEBUG#45480c39-62b8-11f1-9935-eeee0a9a8a76.approval-inbox-srv#flowable-async-job-executor-thread-5107#
[PollStartAppStatusExecution] 37a43f7b-a5fe-4f9c-80a8-893c34eca6ba [2026-06-07T21:35:18.248165] Cell 3697da87-6170-41a4-acb7-9186f1527dfa successfully destroyed container for instance 63b71072-375a-47d0-4a1d-8d69 (STDOUT, CELL)#
#2026 06 07 21:35:29.779#Z#DEBUG#45480c39-62b8-11f1-9935-eeee0a9a8a76.approval-inbox-srv#flowable-async-job-executor-thread-5109#
[PollStartAppStatusExecution] 37a43f7b-a5fe-4f9c-80a8-893c34eca6ba [2026-06-07T21:35:19.364368] Downloaded droplet (STDOUT, CELL)#
#2026 06 07 21:35:29.779#Z#DEBUG#45480c39-62b8-11f1-9935-eeee0a9a8a76.approval-inbox-srv#flowable-async-job-executor-thread-5109#
[PollStartAppStatusExecution] 37a43f7b-a5fe-4f9c-80a8-893c34eca6ba [2026-06-07T21:35:19.364639] Starting health monitoring of container (STDOUT, CELL)#
#2026 06 07 21:35:29.779#Z#DEBUG#45480c39-62b8-11f1-9935-eeee0a9a8a76.approval-inbox-srv#flowable-async-job-executor-thread-5109#
[PollStartAppStatusExecution] 37a43f7b-a5fe-4f9c-80a8-893c34eca6ba [2026-06-07T21:35:19.500447] Invoking pre-start scripts. (STDOUT, APP/PROC/WEB)#
#2026 06 07 21:35:29.779#Z#DEBUG#45480c39-62b8-11f1-9935-eeee0a9a8a76.approval-inbox-srv#flowable-async-job-executor-thread-5109#
[PollStartAppStatusExecution] 37a43f7b-a5fe-4f9c-80a8-893c34eca6ba [2026-06-07T21:35:19.796165] Invoking start command. (STDOUT, APP/PROC/WEB)#
#2026 06 07 21:35:29.779#Z#DEBUG#45480c39-62b8-11f1-9935-eeee0a9a8a76.approval-inbox-srv#flowable-async-job-executor-thread-5109#
[PollStartAppStatusExecution] 37a43f7b-a5fe-4f9c-80a8-893c34eca6ba [2026-06-07T21:35:20.018818] > approval-inbox@1.0.0 start (STDOUT, APP/PROC/WEB)#
#2026 06 07 21:35:29.779#Z#DEBUG#45480c39-62b8-11f1-9935-eeee0a9a8a76.approval-inbox-srv#flowable-async-job-executor-thread-5109#
[PollStartAppStatusExecution] 37a43f7b-a5fe-4f9c-80a8-893c34eca6ba [2026-06-07T21:35:20.018848] > cds-serve (STDOUT, APP/PROC/WEB)#
#2026 06 07 21:35:29.779#Z#DEBUG#45480c39-62b8-11f1-9935-eeee0a9a8a76.approval-inbox-srv#flowable-async-job-executor-thread-5109#
[PollStartAppStatusExecution] 37a43f7b-a5fe-4f9c-80a8-893c34eca6ba [2026-06-07T21:35:20.402782] {"level":"info","logger":"cds","timestamp":"2026-06-07T21:35:20.401Z","layer":"cds","component_type":"application","container_id":"10.32.1.6","component_id":"37a43f7b-a5fe-4f9c-80a8-893c34eca6ba","component_name":"approval-inbox-srv","component_instance":0,"source_instance":0,"organization_name":"733d95cctrial","organization_id":"03e6d9f5-da3e-4e73-9964-9ceb8bc4c62a","space_name":"dev","space_id":"866e022a-f99a-4e70-b297-343c39329964","msg":"loaded model from 1 file(s):\n ","type":"log"} (STDOUT, APP/PROC/WEB)#
#2026 06 07 21:35:29.779#Z#DEBUG#45480c39-62b8-11f1-9935-eeee0a9a8a76.approval-inbox-srv#flowable-async-job-executor-thread-5109#
[PollStartAppStatusExecution] 37a43f7b-a5fe-4f9c-80a8-893c34eca6ba [2026-06-07T21:35:20.403394] srv/csn.json (STDOUT, APP/PROC/WEB)#
#2026 06 07 21:35:29.779#Z#DEBUG#45480c39-62b8-11f1-9935-eeee0a9a8a76.approval-inbox-srv#flowable-async-job-executor-thread-5109#
[PollStartAppStatusExecution] 37a43f7b-a5fe-4f9c-80a8-893c34eca6ba [2026-06-07T21:35:20.718617] {"level":"info","logger":"cds","timestamp":"2026-06-07T21:35:20.717Z","layer":"cds","component_type":"application","container_id":"10.32.1.6","component_id":"37a43f7b-a5fe-4f9c-80a8-893c34eca6ba","component_name":"approval-inbox-srv","component_instance":0,"source_instance":0,"organization_name":"733d95cctrial","organization_id":"03e6d9f5-da3e-4e73-9964-9ceb8bc4c62a","space_name":"dev","space_id":"866e022a-f99a-4e70-b297-343c39329964","msg":"connect to db > hana {\n  database_id: 'dd335352-b948-4bce-826b-662362f1f052',\n  host: 'dd335352-b948-4bce-826b-662362f1f052.hana.prod-ap21.hanacloud.ondemand.com',\n  port: '443',\n  driver: 'com.sap.db.jdbc.Driver',\n  url: 'jdbc:sap://dd335352-b948-4bce-826b-662362f1f052.hana.prod-ap21.hanacloud.ondemand.com:443?encrypt=true&validateCertificate=true&currentschema=09FF326E4850441B99A3FBA8B6307C42',\n  schema: '09FF326E4850441B99A3FBA8B6307C42',\n  certificate: '...',\n  hdi_user: '09FF326E4850441B99A3FBA8B6307C42_7Y9TU8JP4EL9H9FR15WR5GH8R_DT',\n  hdi_password: '...',\n  user: '09FF326E4850441B99A3FBA8B6307C42_7Y9TU8JP4EL9H9FR15WR5GH8R_RT',\n  password: '...'\n}","type":"log"} (STDOUT, APP/PROC/WEB)#
#2026 06 07 21:35:29.779#Z#DEBUG#45480c39-62b8-11f1-9935-eeee0a9a8a76.approval-inbox-srv#flowable-async-job-executor-thread-5109#
[PollStartAppStatusExecution] 37a43f7b-a5fe-4f9c-80a8-893c34eca6ba [2026-06-07T21:35:20.760592] {"level":"info","logger":"cds","timestamp":"2026-06-07T21:35:20.760Z","layer":"cds","component_type":"application","container_id":"10.32.1.6","component_id":"37a43f7b-a5fe-4f9c-80a8-893c34eca6ba","component_name":"approval-inbox-srv","component_instance":0,"source_instance":0,"organization_name":"733d95cctrial","organization_id":"03e6d9f5-da3e-4e73-9964-9ceb8bc4c62a","space_name":"dev","space_id":"866e022a-f99a-4e70-b297-343c39329964","msg":"using auth strategy { kind: 'jwt' }","type":"log"} (STDOUT, APP/PROC/WEB)#
#2026 06 07 21:35:29.779#Z#DEBUG#45480c39-62b8-11f1-9935-eeee0a9a8a76.approval-inbox-srv#flowable-async-job-executor-thread-5109#
[PollStartAppStatusExecution] 37a43f7b-a5fe-4f9c-80a8-893c34eca6ba [2026-06-07T21:35:20.762782] node:internal/modules/cjs/loader:1421 (STDERR, APP/PROC/WEB)#
#2026 06 07 21:35:29.779#Z#DEBUG#45480c39-62b8-11f1-9935-eeee0a9a8a76.approval-inbox-srv#flowable-async-job-executor-thread-5109#
[PollStartAppStatusExecution] 37a43f7b-a5fe-4f9c-80a8-893c34eca6ba [2026-06-07T21:35:20.762794] const err = new Error(message); (STDERR, APP/PROC/WEB)#
#2026 06 07 21:35:29.779#Z#DEBUG#45480c39-62b8-11f1-9935-eeee0a9a8a76.approval-inbox-srv#flowable-async-job-executor-thread-5109#
[PollStartAppStatusExecution] 37a43f7b-a5fe-4f9c-80a8-893c34eca6ba [2026-06-07T21:35:20.762799] ^ (STDERR, APP/PROC/WEB)#
#2026 06 07 21:35:29.779#Z#DEBUG#45480c39-62b8-11f1-9935-eeee0a9a8a76.approval-inbox-srv#flowable-async-job-executor-thread-5109#
[PollStartAppStatusExecution] 37a43f7b-a5fe-4f9c-80a8-893c34eca6ba [2026-06-07T21:35:20.762805] Error: Cannot find '@sap/xssec'. Make sure to install it with 'npm i @sap/xssec' (STDERR, APP/PROC/WEB)#
#2026 06 07 21:35:29.779#Z#DEBUG#45480c39-62b8-11f1-9935-eeee0a9a8a76.approval-inbox-srv#flowable-async-job-executor-thread-5109#
[PollStartAppStatusExecution] 37a43f7b-a5fe-4f9c-80a8-893c34eca6ba [2026-06-07T21:35:20.762812] Cannot find module '@sap/xssec' (STDERR, APP/PROC/WEB)#
#2026 06 07 21:35:29.779#Z#DEBUG#45480c39-62b8-11f1-9935-eeee0a9a8a76.approval-inbox-srv#flowable-async-job-executor-thread-5109#
[PollStartAppStatusExecution] 37a43f7b-a5fe-4f9c-80a8-893c34eca6ba [2026-06-07T21:35:20.762816] Require stack: (STDERR, APP/PROC/WEB)#
#2026 06 07 21:35:29.779#Z#DEBUG#45480c39-62b8-11f1-9935-eeee0a9a8a76.approval-inbox-srv#flowable-async-job-executor-thread-5109#
[PollStartAppStatusExecution] 37a43f7b-a5fe-4f9c-80a8-893c34eca6ba [2026-06-07T21:35:20.762820] - /home/vcap/app/node_modules/@sap/cds/lib/srv/middlewares/auth/xssec.js (STDERR, APP/PROC/WEB)#
#2026 06 07 21:35:29.779#Z#DEBUG#45480c39-62b8-11f1-9935-eeee0a9a8a76.approval-inbox-srv#flowable-async-job-executor-thread-5109#
[PollStartAppStatusExecution] 37a43f7b-a5fe-4f9c-80a8-893c34eca6ba [2026-06-07T21:35:20.762825] - /home/vcap/app/node_modules/@sap/cds/lib/srv/middlewares/auth/jwt-auth.js (STDERR, APP/PROC/WEB)#
#2026 06 07 21:35:29.779#Z#DEBUG#45480c39-62b8-11f1-9935-eeee0a9a8a76.approval-inbox-srv#flowable-async-job-executor-thread-5109#
[PollStartAppStatusExecution] 37a43f7b-a5fe-4f9c-80a8-893c34eca6ba [2026-06-07T21:35:20.762829] - /home/vcap/app/node_modules/@sap/cds/lib/srv/middlewares/auth/index.js (STDERR, APP/PROC/WEB)#
#2026 06 07 21:35:29.779#Z#DEBUG#45480c39-62b8-11f1-9935-eeee0a9a8a76.approval-inbox-srv#flowable-async-job-executor-thread-5109#
[PollStartAppStatusExecution] 37a43f7b-a5fe-4f9c-80a8-893c34eca6ba [2026-06-07T21:35:20.762833] - /home/vcap/app/node_modules/@sap/cds/lib/srv/middlewares/index.js (STDERR, APP/PROC/WEB)#
#2026 06 07 21:35:29.779#Z#DEBUG#45480c39-62b8-11f1-9935-eeee0a9a8a76.approval-inbox-srv#flowable-async-job-executor-thread-5109#
[PollStartAppStatusExecution] 37a43f7b-a5fe-4f9c-80a8-893c34eca6ba [2026-06-07T21:35:20.762840] - /home/vcap/app/node_modules/@sap/cds/lib/index.js (STDERR, APP/PROC/WEB)#
#2026 06 07 21:35:29.779#Z#DEBUG#45480c39-62b8-11f1-9935-eeee0a9a8a76.approval-inbox-srv#flowable-async-job-executor-thread-5109#
[PollStartAppStatusExecution] 37a43f7b-a5fe-4f9c-80a8-893c34eca6ba [2026-06-07T21:35:20.762844] - /home/vcap/app/node_modules/@sap/cds/bin/serve.js (STDERR, APP/PROC/WEB)#
#2026 06 07 21:35:29.779#Z#DEBUG#45480c39-62b8-11f1-9935-eeee0a9a8a76.approval-inbox-srv#flowable-async-job-executor-thread-5109#
[PollStartAppStatusExecution] 37a43f7b-a5fe-4f9c-80a8-893c34eca6ba [2026-06-07T21:35:20.762848] at Module._resolveFilename (node:internal/modules/cjs/loader:1421:15) (STDERR, APP/PROC/WEB)#
#2026 06 07 21:35:29.779#Z#DEBUG#45480c39-62b8-11f1-9935-eeee0a9a8a76.approval-inbox-srv#flowable-async-job-executor-thread-5109#
[PollStartAppStatusExecution] 37a43f7b-a5fe-4f9c-80a8-893c34eca6ba [2026-06-07T21:35:20.762853] at defaultResolveImpl (node:internal/modules/cjs/loader:1059:19) (STDERR, APP/PROC/WEB)#
#2026 06 07 21:35:29.779#Z#DEBUG#45480c39-62b8-11f1-9935-eeee0a9a8a76.approval-inbox-srv#flowable-async-job-executor-thread-5109#
[PollStartAppStatusExecution] 37a43f7b-a5fe-4f9c-80a8-893c34eca6ba [2026-06-07T21:35:20.762857] at resolveForCJSWithHooks (node:internal/modules/cjs/loader:1064:22) (STDERR, APP/PROC/WEB)#
#2026 06 07 21:35:29.779#Z#DEBUG#45480c39-62b8-11f1-9935-eeee0a9a8a76.approval-inbox-srv#flowable-async-job-executor-thread-5109#
[PollStartAppStatusExecution] 37a43f7b-a5fe-4f9c-80a8-893c34eca6ba [2026-06-07T21:35:20.762862] at Module._load (node:internal/modules/cjs/loader:1227:37) (STDERR, APP/PROC/WEB)#
#2026 06 07 21:35:29.779#Z#DEBUG#45480c39-62b8-11f1-9935-eeee0a9a8a76.approval-inbox-srv#flowable-async-job-executor-thread-5109#
[PollStartAppStatusExecution] 37a43f7b-a5fe-4f9c-80a8-893c34eca6ba [2026-06-07T21:35:20.762866] at TracingChannel.traceSync (node:diagnostics_channel:328:14) (STDERR, APP/PROC/WEB)#
#2026 06 07 21:35:29.779#Z#DEBUG#45480c39-62b8-11f1-9935-eeee0a9a8a76.approval-inbox-srv#flowable-async-job-executor-thread-5109#
[PollStartAppStatusExecution] 37a43f7b-a5fe-4f9c-80a8-893c34eca6ba [2026-06-07T21:35:20.762872] at wrapModuleLoad (node:internal/modules/cjs/loader:245:24) (STDERR, APP/PROC/WEB)#
#2026 06 07 21:35:29.779#Z#DEBUG#45480c39-62b8-11f1-9935-eeee0a9a8a76.approval-inbox-srv#flowable-async-job-executor-thread-5109#
[PollStartAppStatusExecution] 37a43f7b-a5fe-4f9c-80a8-893c34eca6ba [2026-06-07T21:35:20.762876] at Module.require (node:internal/modules/cjs/loader:1504:12) (STDERR, APP/PROC/WEB)#
#2026 06 07 21:35:29.779#Z#DEBUG#45480c39-62b8-11f1-9935-eeee0a9a8a76.approval-inbox-srv#flowable-async-job-executor-thread-5109#
[PollStartAppStatusExecution] 37a43f7b-a5fe-4f9c-80a8-893c34eca6ba [2026-06-07T21:35:20.762880] at require (node:internal/modules/helpers:152:16) (STDERR, APP/PROC/WEB)#
#2026 06 07 21:35:29.779#Z#DEBUG#45480c39-62b8-11f1-9935-eeee0a9a8a76.approval-inbox-srv#flowable-async-job-executor-thread-5109#
[PollStartAppStatusExecution] 37a43f7b-a5fe-4f9c-80a8-893c34eca6ba [2026-06-07T21:35:20.762884] at Object.<anonymous> (/home/vcap/app/node_modules/@sap/cds/lib/srv/middlewares/auth/xssec.js:2:17) (STDERR, APP/PROC/WEB)#
#2026 06 07 21:35:29.779#Z#DEBUG#45480c39-62b8-11f1-9935-eeee0a9a8a76.approval-inbox-srv#flowable-async-job-executor-thread-5109#
[PollStartAppStatusExecution] 37a43f7b-a5fe-4f9c-80a8-893c34eca6ba [2026-06-07T21:35:20.762889] at Module._compile (node:internal/modules/cjs/loader:1761:14) { (STDERR, APP/PROC/WEB)#
#2026 06 07 21:35:29.779#Z#DEBUG#45480c39-62b8-11f1-9935-eeee0a9a8a76.approval-inbox-srv#flowable-async-job-executor-thread-5109#
[PollStartAppStatusExecution] 37a43f7b-a5fe-4f9c-80a8-893c34eca6ba [2026-06-07T21:35:20.762892] code: 'MODULE_NOT_FOUND', (STDERR, APP/PROC/WEB)#
#2026 06 07 21:35:29.779#Z#DEBUG#45480c39-62b8-11f1-9935-eeee0a9a8a76.approval-inbox-srv#flowable-async-job-executor-thread-5109#
[PollStartAppStatusExecution] 37a43f7b-a5fe-4f9c-80a8-893c34eca6ba [2026-06-07T21:35:20.762897] requireStack: [ (STDERR, APP/PROC/WEB)#
#2026 06 07 21:35:29.779#Z#DEBUG#45480c39-62b8-11f1-9935-eeee0a9a8a76.approval-inbox-srv#flowable-async-job-executor-thread-5109#
[PollStartAppStatusExecution] 37a43f7b-a5fe-4f9c-80a8-893c34eca6ba [2026-06-07T21:35:20.762901] '/home/vcap/app/node_modules/@sap/cds/lib/srv/middlewares/auth/xssec.js', (STDERR, APP/PROC/WEB)#
#2026 06 07 21:35:29.779#Z#DEBUG#45480c39-62b8-11f1-9935-eeee0a9a8a76.approval-inbox-srv#flowable-async-job-executor-thread-5109#
[PollStartAppStatusExecution] 37a43f7b-a5fe-4f9c-80a8-893c34eca6ba [2026-06-07T21:35:20.762905] '/home/vcap/app/node_modules/@sap/cds/lib/srv/middlewares/auth/jwt-auth.js', (STDERR, APP/PROC/WEB)#
#2026 06 07 21:35:29.779#Z#DEBUG#45480c39-62b8-11f1-9935-eeee0a9a8a76.approval-inbox-srv#flowable-async-job-executor-thread-5109#
[PollStartAppStatusExecution] 37a43f7b-a5fe-4f9c-80a8-893c34eca6ba [2026-06-07T21:35:20.762909] '/home/vcap/app/node_modules/@sap/cds/lib/srv/middlewares/auth/index.js', (STDERR, APP/PROC/WEB)#
#2026 06 07 21:35:29.779#Z#DEBUG#45480c39-62b8-11f1-9935-eeee0a9a8a76.approval-inbox-srv#flowable-async-job-executor-thread-5109#
[PollStartAppStatusExecution] 37a43f7b-a5fe-4f9c-80a8-893c34eca6ba [2026-06-07T21:35:20.762913] '/home/vcap/app/node_modules/@sap/cds/lib/srv/middlewares/index.js', (STDERR, APP/PROC/WEB)#
#2026 06 07 21:35:29.779#Z#DEBUG#45480c39-62b8-11f1-9935-eeee0a9a8a76.approval-inbox-srv#flowable-async-job-executor-thread-5109#
[PollStartAppStatusExecution] 37a43f7b-a5fe-4f9c-80a8-893c34eca6ba [2026-06-07T21:35:20.762917] '/home/vcap/app/node_modules/@sap/cds/lib/index.js', (STDERR, APP/PROC/WEB)#
#2026 06 07 21:35:29.779#Z#DEBUG#45480c39-62b8-11f1-9935-eeee0a9a8a76.approval-inbox-srv#flowable-async-job-executor-thread-5109#
[PollStartAppStatusExecution] 37a43f7b-a5fe-4f9c-80a8-893c34eca6ba [2026-06-07T21:35:20.762921] '/home/vcap/app/node_modules/@sap/cds/bin/serve.js' (STDERR, APP/PROC/WEB)#
#2026 06 07 21:35:29.779#Z#DEBUG#45480c39-62b8-11f1-9935-eeee0a9a8a76.approval-inbox-srv#flowable-async-job-executor-thread-5109#
[PollStartAppStatusExecution] 37a43f7b-a5fe-4f9c-80a8-893c34eca6ba [2026-06-07T21:35:20.762924] ] (STDERR, APP/PROC/WEB)#
#2026 06 07 21:35:29.779#Z#DEBUG#45480c39-62b8-11f1-9935-eeee0a9a8a76.approval-inbox-srv#flowable-async-job-executor-thread-5109#
[PollStartAppStatusExecution] 37a43f7b-a5fe-4f9c-80a8-893c34eca6ba [2026-06-07T21:35:20.762928] } (STDERR, APP/PROC/WEB)#
#2026 06 07 21:35:29.779#Z#DEBUG#45480c39-62b8-11f1-9935-eeee0a9a8a76.approval-inbox-srv#flowable-async-job-executor-thread-5109#
[PollStartAppStatusExecution] 37a43f7b-a5fe-4f9c-80a8-893c34eca6ba [2026-06-07T21:35:20.762932] Node.js v24.13.0 (STDERR, APP/PROC/WEB)#
#2026 06 07 21:35:29.779#Z#DEBUG#45480c39-62b8-11f1-9935-eeee0a9a8a76.approval-inbox-srv#flowable-async-job-executor-thread-5109#
[PollStartAppStatusExecution] 37a43f7b-a5fe-4f9c-80a8-893c34eca6ba [2026-06-07T21:35:20.817341] Exit status 1 (STDOUT, APP/PROC/WEB)#
#2026 06 07 21:35:29.779#Z#DEBUG#45480c39-62b8-11f1-9935-eeee0a9a8a76.approval-inbox-srv#flowable-async-job-executor-thread-5109#
[PollStartAppStatusExecution] 37a43f7b-a5fe-4f9c-80a8-893c34eca6ba [2026-06-07T21:35:27.545224] Cell 54b50d35-322b-4617-baa3-c13476b47cb5 stopping instance 542293db-d6c5-4e34-4d50-84ed (STDOUT, CELL)#
#2026 06 07 21:35:29.779#Z#DEBUG#45480c39-62b8-11f1-9935-eeee0a9a8a76.approval-inbox-srv#flowable-async-job-executor-thread-5109#
[PollStartAppStatusExecution] 37a43f7b-a5fe-4f9c-80a8-893c34eca6ba [2026-06-07T21:35:27.545296] Cell 54b50d35-322b-4617-baa3-c13476b47cb5 destroying container for instance 542293db-d6c5-4e34-4d50-84ed (STDOUT, CELL)#
#2026 06 07 21:35:29.779#Z#DEBUG#45480c39-62b8-11f1-9935-eeee0a9a8a76.approval-inbox-srv#flowable-async-job-executor-thread-5109#
[PollStartAppStatusExecution] 37a43f7b-a5fe-4f9c-80a8-893c34eca6ba [2026-06-07T21:35:27.575744] Process has crashed with type: "web" (STDOUT, API)#
#2026 06 07 21:35:29.779#Z#DEBUG#45480c39-62b8-11f1-9935-eeee0a9a8a76.approval-inbox-srv#flowable-async-job-executor-thread-5109#
[PollStartAppStatusExecution] 37a43f7b-a5fe-4f9c-80a8-893c34eca6ba [2026-06-07T21:35:27.598075] App instance exited with guid 37a43f7b-a5fe-4f9c-80a8-893c34eca6ba payload: {"instance"=>"542293db-d6c5-4e34-4d50-84ed", "index"=>0, "cell_id"=>"54b50d35-322b-4617-baa3-c13476b47cb5", "reason"=>"CRASHED", "exit_description"=>"APP/PROC/WEB: Exited with status 1", "crash_count"=>3, "crash_timestamp"=>1780868127527133918, "version"=>"d9bc0521-1ab6-4f1c-a9fc-9f05bd568abe"} (STDOUT, API)#
#2026 06 07 21:35:29.779#Z#DEBUG#45480c39-62b8-11f1-9935-eeee0a9a8a76.approval-inbox-srv#flowable-async-job-executor-thread-5109#
[PollStartAppStatusExecution] 37a43f7b-a5fe-4f9c-80a8-893c34eca6ba [2026-06-07T21:35:27.755277] Exit status 137 (STDOUT, PROXY)#
#2026 06 07 21:35:39.913#Z#DEBUG#45480c39-62b8-11f1-9935-eeee0a9a8a76.approval-inbox-srv#flowable-async-job-executor-thread-5111#
[PollStartAppStatusExecution] 37a43f7b-a5fe-4f9c-80a8-893c34eca6ba [2026-06-07T21:35:19.364368] Downloaded droplet (STDOUT, CELL)#
#2026 06 07 21:35:39.913#Z#DEBUG#45480c39-62b8-11f1-9935-eeee0a9a8a76.approval-inbox-srv#flowable-async-job-executor-thread-5111#
[PollStartAppStatusExecution] 37a43f7b-a5fe-4f9c-80a8-893c34eca6ba [2026-06-07T21:35:19.364639] Starting health monitoring of container (STDOUT, CELL)#
#2026 06 07 21:35:39.913#Z#DEBUG#45480c39-62b8-11f1-9935-eeee0a9a8a76.approval-inbox-srv#flowable-async-job-executor-thread-5111#
[PollStartAppStatusExecution] 37a43f7b-a5fe-4f9c-80a8-893c34eca6ba [2026-06-07T21:35:19.500447] Invoking pre-start scripts. (STDOUT, APP/PROC/WEB)#
#2026 06 07 21:35:39.913#Z#DEBUG#45480c39-62b8-11f1-9935-eeee0a9a8a76.approval-inbox-srv#flowable-async-job-executor-thread-5111#
[PollStartAppStatusExecution] 37a43f7b-a5fe-4f9c-80a8-893c34eca6ba [2026-06-07T21:35:19.796165] Invoking start command. (STDOUT, APP/PROC/WEB)#
#2026 06 07 21:35:39.913#Z#DEBUG#45480c39-62b8-11f1-9935-eeee0a9a8a76.approval-inbox-srv#flowable-async-job-executor-thread-5111#
[PollStartAppStatusExecution] 37a43f7b-a5fe-4f9c-80a8-893c34eca6ba [2026-06-07T21:35:20.018818] > approval-inbox@1.0.0 start (STDOUT, APP/PROC/WEB)#
#2026 06 07 21:35:39.913#Z#DEBUG#45480c39-62b8-11f1-9935-eeee0a9a8a76.approval-inbox-srv#flowable-async-job-executor-thread-5111#
[PollStartAppStatusExecution] 37a43f7b-a5fe-4f9c-80a8-893c34eca6ba [2026-06-07T21:35:20.018848] > cds-serve (STDOUT, APP/PROC/WEB)#
#2026 06 07 21:35:39.913#Z#DEBUG#45480c39-62b8-11f1-9935-eeee0a9a8a76.approval-inbox-srv#flowable-async-job-executor-thread-5111#
[PollStartAppStatusExecution] 37a43f7b-a5fe-4f9c-80a8-893c34eca6ba [2026-06-07T21:35:20.402782] {"level":"info","logger":"cds","timestamp":"2026-06-07T21:35:20.401Z","layer":"cds","component_type":"application","container_id":"10.32.1.6","component_id":"37a43f7b-a5fe-4f9c-80a8-893c34eca6ba","component_name":"approval-inbox-srv","component_instance":0,"source_instance":0,"organization_name":"733d95cctrial","organization_id":"03e6d9f5-da3e-4e73-9964-9ceb8bc4c62a","space_name":"dev","space_id":"866e022a-f99a-4e70-b297-343c39329964","msg":"loaded model from 1 file(s):\n ","type":"log"} (STDOUT, APP/PROC/WEB)#
#2026 06 07 21:35:39.913#Z#DEBUG#45480c39-62b8-11f1-9935-eeee0a9a8a76.approval-inbox-srv#flowable-async-job-executor-thread-5111#
[PollStartAppStatusExecution] 37a43f7b-a5fe-4f9c-80a8-893c34eca6ba [2026-06-07T21:35:20.403394] srv/csn.json (STDOUT, APP/PROC/WEB)#
#2026 06 07 21:35:39.913#Z#DEBUG#45480c39-62b8-11f1-9935-eeee0a9a8a76.approval-inbox-srv#flowable-async-job-executor-thread-5111#
[PollStartAppStatusExecution] 37a43f7b-a5fe-4f9c-80a8-893c34eca6ba [2026-06-07T21:35:20.718617] {"level":"info","logger":"cds","timestamp":"2026-06-07T21:35:20.717Z","layer":"cds","component_type":"application","container_id":"10.32.1.6","component_id":"37a43f7b-a5fe-4f9c-80a8-893c34eca6ba","component_name":"approval-inbox-srv","component_instance":0,"source_instance":0,"organization_name":"733d95cctrial","organization_id":"03e6d9f5-da3e-4e73-9964-9ceb8bc4c62a","space_name":"dev","space_id":"866e022a-f99a-4e70-b297-343c39329964","msg":"connect to db > hana {\n  database_id: 'dd335352-b948-4bce-826b-662362f1f052',\n  host: 'dd335352-b948-4bce-826b-662362f1f052.hana.prod-ap21.hanacloud.ondemand.com',\n  port: '443',\n  driver: 'com.sap.db.jdbc.Driver',\n  url: 'jdbc:sap://dd335352-b948-4bce-826b-662362f1f052.hana.prod-ap21.hanacloud.ondemand.com:443?encrypt=true&validateCertificate=true&currentschema=09FF326E4850441B99A3FBA8B6307C42',\n  schema: '09FF326E4850441B99A3FBA8B6307C42',\n  certificate: '...',\n  hdi_user: '09FF326E4850441B99A3FBA8B6307C42_7Y9TU8JP4EL9H9FR15WR5GH8R_DT',\n  hdi_password: '...',\n  user: '09FF326E4850441B99A3FBA8B6307C42_7Y9TU8JP4EL9H9FR15WR5GH8R_RT',\n  password: '...'\n}","type":"log"} (STDOUT, APP/PROC/WEB)#
#2026 06 07 21:35:39.913#Z#DEBUG#45480c39-62b8-11f1-9935-eeee0a9a8a76.approval-inbox-srv#flowable-async-job-executor-thread-5111#
[PollStartAppStatusExecution] 37a43f7b-a5fe-4f9c-80a8-893c34eca6ba [2026-06-07T21:35:20.760592] {"level":"info","logger":"cds","timestamp":"2026-06-07T21:35:20.760Z","layer":"cds","component_type":"application","container_id":"10.32.1.6","component_id":"37a43f7b-a5fe-4f9c-80a8-893c34eca6ba","component_name":"approval-inbox-srv","component_instance":0,"source_instance":0,"organization_name":"733d95cctrial","organization_id":"03e6d9f5-da3e-4e73-9964-9ceb8bc4c62a","space_name":"dev","space_id":"866e022a-f99a-4e70-b297-343c39329964","msg":"using auth strategy { kind: 'jwt' }","type":"log"} (STDOUT, APP/PROC/WEB)#
#2026 06 07 21:35:39.913#Z#DEBUG#45480c39-62b8-11f1-9935-eeee0a9a8a76.approval-inbox-srv#flowable-async-job-executor-thread-5111#
[PollStartAppStatusExecution] 37a43f7b-a5fe-4f9c-80a8-893c34eca6ba [2026-06-07T21:35:20.762782] node:internal/modules/cjs/loader:1421 (STDERR, APP/PROC/WEB)#
#2026 06 07 21:35:39.913#Z#DEBUG#45480c39-62b8-11f1-9935-eeee0a9a8a76.approval-inbox-srv#flowable-async-job-executor-thread-5111#
[PollStartAppStatusExecution] 37a43f7b-a5fe-4f9c-80a8-893c34eca6ba [2026-06-07T21:35:20.762794] const err = new Error(message); (STDERR, APP/PROC/WEB)#
#2026 06 07 21:35:39.913#Z#DEBUG#45480c39-62b8-11f1-9935-eeee0a9a8a76.approval-inbox-srv#flowable-async-job-executor-thread-5111#
[PollStartAppStatusExecution] 37a43f7b-a5fe-4f9c-80a8-893c34eca6ba [2026-06-07T21:35:20.762799] ^ (STDERR, APP/PROC/WEB)#
#2026 06 07 21:35:39.913#Z#DEBUG#45480c39-62b8-11f1-9935-eeee0a9a8a76.approval-inbox-srv#flowable-async-job-executor-thread-5111#
[PollStartAppStatusExecution] 37a43f7b-a5fe-4f9c-80a8-893c34eca6ba [2026-06-07T21:35:20.762805] Error: Cannot find '@sap/xssec'. Make sure to install it with 'npm i @sap/xssec' (STDERR, APP/PROC/WEB)#
#2026 06 07 21:35:39.913#Z#DEBUG#45480c39-62b8-11f1-9935-eeee0a9a8a76.approval-inbox-srv#flowable-async-job-executor-thread-5111#
[PollStartAppStatusExecution] 37a43f7b-a5fe-4f9c-80a8-893c34eca6ba [2026-06-07T21:35:20.762812] Cannot find module '@sap/xssec' (STDERR, APP/PROC/WEB)#
#2026 06 07 21:35:39.913#Z#DEBUG#45480c39-62b8-11f1-9935-eeee0a9a8a76.approval-inbox-srv#flowable-async-job-executor-thread-5111#
[PollStartAppStatusExecution] 37a43f7b-a5fe-4f9c-80a8-893c34eca6ba [2026-06-07T21:35:20.762816] Require stack: (STDERR, APP/PROC/WEB)#
#2026 06 07 21:35:39.913#Z#DEBUG#45480c39-62b8-11f1-9935-eeee0a9a8a76.approval-inbox-srv#flowable-async-job-executor-thread-5111#
[PollStartAppStatusExecution] 37a43f7b-a5fe-4f9c-80a8-893c34eca6ba [2026-06-07T21:35:20.762820] - /home/vcap/app/node_modules/@sap/cds/lib/srv/middlewares/auth/xssec.js (STDERR, APP/PROC/WEB)#
#2026 06 07 21:35:39.913#Z#DEBUG#45480c39-62b8-11f1-9935-eeee0a9a8a76.approval-inbox-srv#flowable-async-job-executor-thread-5111#
[PollStartAppStatusExecution] 37a43f7b-a5fe-4f9c-80a8-893c34eca6ba [2026-06-07T21:35:20.762825] - /home/vcap/app/node_modules/@sap/cds/lib/srv/middlewares/auth/jwt-auth.js (STDERR, APP/PROC/WEB)#
#2026 06 07 21:35:39.913#Z#DEBUG#45480c39-62b8-11f1-9935-eeee0a9a8a76.approval-inbox-srv#flowable-async-job-executor-thread-5111#
[PollStartAppStatusExecution] 37a43f7b-a5fe-4f9c-80a8-893c34eca6ba [2026-06-07T21:35:20.762829] - /home/vcap/app/node_modules/@sap/cds/lib/srv/middlewares/auth/index.js (STDERR, APP/PROC/WEB)#
#2026 06 07 21:35:39.913#Z#DEBUG#45480c39-62b8-11f1-9935-eeee0a9a8a76.approval-inbox-srv#flowable-async-job-executor-thread-5111#
[PollStartAppStatusExecution] 37a43f7b-a5fe-4f9c-80a8-893c34eca6ba [2026-06-07T21:35:20.762833] - /home/vcap/app/node_modules/@sap/cds/lib/srv/middlewares/index.js (STDERR, APP/PROC/WEB)#
#2026 06 07 21:35:39.913#Z#DEBUG#45480c39-62b8-11f1-9935-eeee0a9a8a76.approval-inbox-srv#flowable-async-job-executor-thread-5111#
[PollStartAppStatusExecution] 37a43f7b-a5fe-4f9c-80a8-893c34eca6ba [2026-06-07T21:35:20.762840] - /home/vcap/app/node_modules/@sap/cds/lib/index.js (STDERR, APP/PROC/WEB)#
#2026 06 07 21:35:39.913#Z#DEBUG#45480c39-62b8-11f1-9935-eeee0a9a8a76.approval-inbox-srv#flowable-async-job-executor-thread-5111#
[PollStartAppStatusExecution] 37a43f7b-a5fe-4f9c-80a8-893c34eca6ba [2026-06-07T21:35:20.762844] - /home/vcap/app/node_modules/@sap/cds/bin/serve.js (STDERR, APP/PROC/WEB)#
#2026 06 07 21:35:39.913#Z#DEBUG#45480c39-62b8-11f1-9935-eeee0a9a8a76.approval-inbox-srv#flowable-async-job-executor-thread-5111#
[PollStartAppStatusExecution] 37a43f7b-a5fe-4f9c-80a8-893c34eca6ba [2026-06-07T21:35:20.762848] at Module._resolveFilename (node:internal/modules/cjs/loader:1421:15) (STDERR, APP/PROC/WEB)#
#2026 06 07 21:35:39.913#Z#DEBUG#45480c39-62b8-11f1-9935-eeee0a9a8a76.approval-inbox-srv#flowable-async-job-executor-thread-5111#
[PollStartAppStatusExecution] 37a43f7b-a5fe-4f9c-80a8-893c34eca6ba [2026-06-07T21:35:20.762853] at defaultResolveImpl (node:internal/modules/cjs/loader:1059:19) (STDERR, APP/PROC/WEB)#
#2026 06 07 21:35:39.913#Z#DEBUG#45480c39-62b8-11f1-9935-eeee0a9a8a76.approval-inbox-srv#flowable-async-job-executor-thread-5111#
[PollStartAppStatusExecution] 37a43f7b-a5fe-4f9c-80a8-893c34eca6ba [2026-06-07T21:35:20.762857] at resolveForCJSWithHooks (node:internal/modules/cjs/loader:1064:22) (STDERR, APP/PROC/WEB)#
#2026 06 07 21:35:39.913#Z#DEBUG#45480c39-62b8-11f1-9935-eeee0a9a8a76.approval-inbox-srv#flowable-async-job-executor-thread-5111#
[PollStartAppStatusExecution] 37a43f7b-a5fe-4f9c-80a8-893c34eca6ba [2026-06-07T21:35:20.762862] at Module._load (node:internal/modules/cjs/loader:1227:37) (STDERR, APP/PROC/WEB)#
#2026 06 07 21:35:39.913#Z#DEBUG#45480c39-62b8-11f1-9935-eeee0a9a8a76.approval-inbox-srv#flowable-async-job-executor-thread-5111#
[PollStartAppStatusExecution] 37a43f7b-a5fe-4f9c-80a8-893c34eca6ba [2026-06-07T21:35:20.762866] at TracingChannel.traceSync (node:diagnostics_channel:328:14) (STDERR, APP/PROC/WEB)#
#2026 06 07 21:35:39.913#Z#DEBUG#45480c39-62b8-11f1-9935-eeee0a9a8a76.approval-inbox-srv#flowable-async-job-executor-thread-5111#
[PollStartAppStatusExecution] 37a43f7b-a5fe-4f9c-80a8-893c34eca6ba [2026-06-07T21:35:20.762872] at wrapModuleLoad (node:internal/modules/cjs/loader:245:24) (STDERR, APP/PROC/WEB)#
#2026 06 07 21:35:39.913#Z#DEBUG#45480c39-62b8-11f1-9935-eeee0a9a8a76.approval-inbox-srv#flowable-async-job-executor-thread-5111#
[PollStartAppStatusExecution] 37a43f7b-a5fe-4f9c-80a8-893c34eca6ba [2026-06-07T21:35:20.762876] at Module.require (node:internal/modules/cjs/loader:1504:12) (STDERR, APP/PROC/WEB)#
#2026 06 07 21:35:39.913#Z#DEBUG#45480c39-62b8-11f1-9935-eeee0a9a8a76.approval-inbox-srv#flowable-async-job-executor-thread-5111#
[PollStartAppStatusExecution] 37a43f7b-a5fe-4f9c-80a8-893c34eca6ba [2026-06-07T21:35:20.762880] at require (node:internal/modules/helpers:152:16) (STDERR, APP/PROC/WEB)#
#2026 06 07 21:35:39.913#Z#DEBUG#45480c39-62b8-11f1-9935-eeee0a9a8a76.approval-inbox-srv#flowable-async-job-executor-thread-5111#
[PollStartAppStatusExecution] 37a43f7b-a5fe-4f9c-80a8-893c34eca6ba [2026-06-07T21:35:20.762884] at Object.<anonymous> (/home/vcap/app/node_modules/@sap/cds/lib/srv/middlewares/auth/xssec.js:2:17) (STDERR, APP/PROC/WEB)#
#2026 06 07 21:35:39.913#Z#DEBUG#45480c39-62b8-11f1-9935-eeee0a9a8a76.approval-inbox-srv#flowable-async-job-executor-thread-5111#
[PollStartAppStatusExecution] 37a43f7b-a5fe-4f9c-80a8-893c34eca6ba [2026-06-07T21:35:20.762889] at Module._compile (node:internal/modules/cjs/loader:1761:14) { (STDERR, APP/PROC/WEB)#
#2026 06 07 21:35:39.913#Z#DEBUG#45480c39-62b8-11f1-9935-eeee0a9a8a76.approval-inbox-srv#flowable-async-job-executor-thread-5111#
[PollStartAppStatusExecution] 37a43f7b-a5fe-4f9c-80a8-893c34eca6ba [2026-06-07T21:35:20.762892] code: 'MODULE_NOT_FOUND', (STDERR, APP/PROC/WEB)#
#2026 06 07 21:35:39.913#Z#DEBUG#45480c39-62b8-11f1-9935-eeee0a9a8a76.approval-inbox-srv#flowable-async-job-executor-thread-5111#
[PollStartAppStatusExecution] 37a43f7b-a5fe-4f9c-80a8-893c34eca6ba [2026-06-07T21:35:20.762897] requireStack: [ (STDERR, APP/PROC/WEB)#
#2026 06 07 21:35:39.913#Z#DEBUG#45480c39-62b8-11f1-9935-eeee0a9a8a76.approval-inbox-srv#flowable-async-job-executor-thread-5111#
[PollStartAppStatusExecution] 37a43f7b-a5fe-4f9c-80a8-893c34eca6ba [2026-06-07T21:35:20.762901] '/home/vcap/app/node_modules/@sap/cds/lib/srv/middlewares/auth/xssec.js', (STDERR, APP/PROC/WEB)#
#2026 06 07 21:35:39.913#Z#DEBUG#45480c39-62b8-11f1-9935-eeee0a9a8a76.approval-inbox-srv#flowable-async-job-executor-thread-5111#
[PollStartAppStatusExecution] 37a43f7b-a5fe-4f9c-80a8-893c34eca6ba [2026-06-07T21:35:20.762905] '/home/vcap/app/node_modules/@sap/cds/lib/srv/middlewares/auth/jwt-auth.js', (STDERR, APP/PROC/WEB)#
#2026 06 07 21:35:39.913#Z#DEBUG#45480c39-62b8-11f1-9935-eeee0a9a8a76.approval-inbox-srv#flowable-async-job-executor-thread-5111#
[PollStartAppStatusExecution] 37a43f7b-a5fe-4f9c-80a8-893c34eca6ba [2026-06-07T21:35:20.762909] '/home/vcap/app/node_modules/@sap/cds/lib/srv/middlewares/auth/index.js', (STDERR, APP/PROC/WEB)#
#2026 06 07 21:35:39.913#Z#DEBUG#45480c39-62b8-11f1-9935-eeee0a9a8a76.approval-inbox-srv#flowable-async-job-executor-thread-5111#
[PollStartAppStatusExecution] 37a43f7b-a5fe-4f9c-80a8-893c34eca6ba [2026-06-07T21:35:20.762913] '/home/vcap/app/node_modules/@sap/cds/lib/srv/middlewares/index.js', (STDERR, APP/PROC/WEB)#
#2026 06 07 21:35:39.913#Z#DEBUG#45480c39-62b8-11f1-9935-eeee0a9a8a76.approval-inbox-srv#flowable-async-job-executor-thread-5111#
[PollStartAppStatusExecution] 37a43f7b-a5fe-4f9c-80a8-893c34eca6ba [2026-06-07T21:35:20.762917] '/home/vcap/app/node_modules/@sap/cds/lib/index.js', (STDERR, APP/PROC/WEB)#
#2026 06 07 21:35:39.913#Z#DEBUG#45480c39-62b8-11f1-9935-eeee0a9a8a76.approval-inbox-srv#flowable-async-job-executor-thread-5111#
[PollStartAppStatusExecution] 37a43f7b-a5fe-4f9c-80a8-893c34eca6ba [2026-06-07T21:35:20.762921] '/home/vcap/app/node_modules/@sap/cds/bin/serve.js' (STDERR, APP/PROC/WEB)#
#2026 06 07 21:35:39.913#Z#DEBUG#45480c39-62b8-11f1-9935-eeee0a9a8a76.approval-inbox-srv#flowable-async-job-executor-thread-5111#
[PollStartAppStatusExecution] 37a43f7b-a5fe-4f9c-80a8-893c34eca6ba [2026-06-07T21:35:20.762924] ] (STDERR, APP/PROC/WEB)#
#2026 06 07 21:35:39.913#Z#DEBUG#45480c39-62b8-11f1-9935-eeee0a9a8a76.approval-inbox-srv#flowable-async-job-executor-thread-5111#
[PollStartAppStatusExecution] 37a43f7b-a5fe-4f9c-80a8-893c34eca6ba [2026-06-07T21:35:20.762928] } (STDERR, APP/PROC/WEB)#
#2026 06 07 21:35:39.913#Z#DEBUG#45480c39-62b8-11f1-9935-eeee0a9a8a76.approval-inbox-srv#flowable-async-job-executor-thread-5111#
[PollStartAppStatusExecution] 37a43f7b-a5fe-4f9c-80a8-893c34eca6ba [2026-06-07T21:35:20.762932] Node.js v24.13.0 (STDERR, APP/PROC/WEB)#
#2026 06 07 21:35:39.913#Z#DEBUG#45480c39-62b8-11f1-9935-eeee0a9a8a76.approval-inbox-srv#flowable-async-job-executor-thread-5111#
[PollStartAppStatusExecution] 37a43f7b-a5fe-4f9c-80a8-893c34eca6ba [2026-06-07T21:35:20.817341] Exit status 1 (STDOUT, APP/PROC/WEB)#
#2026 06 07 21:35:39.913#Z#DEBUG#45480c39-62b8-11f1-9935-eeee0a9a8a76.approval-inbox-srv#flowable-async-job-executor-thread-5111#
[PollStartAppStatusExecution] 37a43f7b-a5fe-4f9c-80a8-893c34eca6ba [2026-06-07T21:35:27.545224] Cell 54b50d35-322b-4617-baa3-c13476b47cb5 stopping instance 542293db-d6c5-4e34-4d50-84ed (STDOUT, CELL)#
#2026 06 07 21:35:39.913#Z#DEBUG#45480c39-62b8-11f1-9935-eeee0a9a8a76.approval-inbox-srv#flowable-async-job-executor-thread-5111#
[PollStartAppStatusExecution] 37a43f7b-a5fe-4f9c-80a8-893c34eca6ba [2026-06-07T21:35:27.545296] Cell 54b50d35-322b-4617-baa3-c13476b47cb5 destroying container for instance 542293db-d6c5-4e34-4d50-84ed (STDOUT, CELL)#
#2026 06 07 21:35:39.913#Z#DEBUG#45480c39-62b8-11f1-9935-eeee0a9a8a76.approval-inbox-srv#flowable-async-job-executor-thread-5111#
[PollStartAppStatusExecution] 37a43f7b-a5fe-4f9c-80a8-893c34eca6ba [2026-06-07T21:35:27.575744] Process has crashed with type: "web" (STDOUT, API)#
#2026 06 07 21:35:39.913#Z#DEBUG#45480c39-62b8-11f1-9935-eeee0a9a8a76.approval-inbox-srv#flowable-async-job-executor-thread-5111#
[PollStartAppStatusExecution] 37a43f7b-a5fe-4f9c-80a8-893c34eca6ba [2026-06-07T21:35:27.598075] App instance exited with guid 37a43f7b-a5fe-4f9c-80a8-893c34eca6ba payload: {"instance"=>"542293db-d6c5-4e34-4d50-84ed", "index"=>0, "cell_id"=>"54b50d35-322b-4617-baa3-c13476b47cb5", "reason"=>"CRASHED", "exit_description"=>"APP/PROC/WEB: Exited with status 1", "crash_count"=>3, "crash_timestamp"=>1780868127527133918, "version"=>"d9bc0521-1ab6-4f1c-a9fc-9f05bd568abe"} (STDOUT, API)#
#2026 06 07 21:35:39.913#Z#DEBUG#45480c39-62b8-11f1-9935-eeee0a9a8a76.approval-inbox-srv#flowable-async-job-executor-thread-5111#
[PollStartAppStatusExecution] 37a43f7b-a5fe-4f9c-80a8-893c34eca6ba [2026-06-07T21:35:27.755277] Exit status 137 (STDOUT, PROXY)#
#2026 06 07 21:35:39.913#Z#DEBUG#45480c39-62b8-11f1-9935-eeee0a9a8a76.approval-inbox-srv#flowable-async-job-executor-thread-5111#
[PollStartAppStatusExecution] 37a43f7b-a5fe-4f9c-80a8-893c34eca6ba [2026-06-07T21:35:30.680867] Cell 54b50d35-322b-4617-baa3-c13476b47cb5 successfully destroyed container for instance 542293db-d6c5-4e34-4d50-84ed (STDOUT, CELL)#
#2026 06 07 21:35:39.913#Z#DEBUG#45480c39-62b8-11f1-9935-eeee0a9a8a76.approval-inbox-srv#flowable-async-job-executor-thread-5111#
[PollStartAppStatusExecution] 37a43f7b-a5fe-4f9c-80a8-893c34eca6ba [2026-06-07T21:35:31.126859] Stopping app with guid 37a43f7b-a5fe-4f9c-80a8-893c34eca6ba (STDOUT, API)#
#2026 06 07 21:35:39.913#Z#DEBUG#45480c39-62b8-11f1-9935-eeee0a9a8a76.approval-inbox-srv#flowable-async-job-executor-thread-5111#
[PollStartAppStatusExecution] 37a43f7b-a5fe-4f9c-80a8-893c34eca6ba [2026-06-07T21:35:31.345527] Starting app with guid 37a43f7b-a5fe-4f9c-80a8-893c34eca6ba (STDOUT, API)#
#2026 06 07 21:35:39.913#Z#DEBUG#45480c39-62b8-11f1-9935-eeee0a9a8a76.approval-inbox-srv#flowable-async-job-executor-thread-5111#
[PollStartAppStatusExecution] 37a43f7b-a5fe-4f9c-80a8-893c34eca6ba [2026-06-07T21:35:31.581040] Cell 54b50d35-322b-4617-baa3-c13476b47cb5 creating container for instance c989e161-50fb-42a0-5ea6-9a41 (STDOUT, CELL)#
#2026 06 07 21:35:39.913#Z#DEBUG#45480c39-62b8-11f1-9935-eeee0a9a8a76.approval-inbox-srv#flowable-async-job-executor-thread-5111#
[PollStartAppStatusExecution] 37a43f7b-a5fe-4f9c-80a8-893c34eca6ba [2026-06-07T21:35:32.577063] Security group rules were updated (STDOUT, CELL)#
#2026 06 07 21:35:39.913#Z#DEBUG#45480c39-62b8-11f1-9935-eeee0a9a8a76.approval-inbox-srv#flowable-async-job-executor-thread-5111#
[PollStartAppStatusExecution] 37a43f7b-a5fe-4f9c-80a8-893c34eca6ba [2026-06-07T21:35:32.682978] Cell 54b50d35-322b-4617-baa3-c13476b47cb5 successfully created container for instance c989e161-50fb-42a0-5ea6-9a41 (STDOUT, CELL)#
#2026 06 07 21:35:39.913#Z#DEBUG#45480c39-62b8-11f1-9935-eeee0a9a8a76.approval-inbox-srv#flowable-async-job-executor-thread-5111#
[PollStartAppStatusExecution] 37a43f7b-a5fe-4f9c-80a8-893c34eca6ba [2026-06-07T21:35:33.561629] Downloading droplet... (STDOUT, CELL)#
#2026 06 07 21:35:49.814#Z#DEBUG#45480c39-62b8-11f1-9935-eeee0a9a8a76.approval-inbox-srv#flowable-async-job-executor-thread-5113#
[PollStartAppStatusExecution] 37a43f7b-a5fe-4f9c-80a8-893c34eca6ba [2026-06-07T21:35:39.759666] Downloaded droplet (70.4M) (STDOUT, CELL)#
#2026 06 07 21:35:49.814#Z#DEBUG#45480c39-62b8-11f1-9935-eeee0a9a8a76.approval-inbox-srv#flowable-async-job-executor-thread-5113#
[PollStartAppStatusExecution] 37a43f7b-a5fe-4f9c-80a8-893c34eca6ba [2026-06-07T21:35:39.760128] Starting health monitoring of container (STDOUT, CELL)#
#2026 06 07 21:35:49.814#Z#DEBUG#45480c39-62b8-11f1-9935-eeee0a9a8a76.approval-inbox-srv#flowable-async-job-executor-thread-5113#
[PollStartAppStatusExecution] 37a43f7b-a5fe-4f9c-80a8-893c34eca6ba [2026-06-07T21:35:39.936111] Invoking pre-start scripts. (STDOUT, APP/PROC/WEB)#
#2026 06 07 21:35:49.814#Z#DEBUG#45480c39-62b8-11f1-9935-eeee0a9a8a76.approval-inbox-srv#flowable-async-job-executor-thread-5113#
[PollStartAppStatusExecution] 37a43f7b-a5fe-4f9c-80a8-893c34eca6ba [2026-06-07T21:35:40.233872] Invoking start command. (STDOUT, APP/PROC/WEB)#
#2026 06 07 21:35:49.814#Z#DEBUG#45480c39-62b8-11f1-9935-eeee0a9a8a76.approval-inbox-srv#flowable-async-job-executor-thread-5113#
[PollStartAppStatusExecution] 37a43f7b-a5fe-4f9c-80a8-893c34eca6ba [2026-06-07T21:35:40.449387] > approval-inbox@1.0.0 start (STDOUT, APP/PROC/WEB)#
#2026 06 07 21:35:49.814#Z#DEBUG#45480c39-62b8-11f1-9935-eeee0a9a8a76.approval-inbox-srv#flowable-async-job-executor-thread-5113#
[PollStartAppStatusExecution] 37a43f7b-a5fe-4f9c-80a8-893c34eca6ba [2026-06-07T21:35:40.449420] > cds-serve (STDOUT, APP/PROC/WEB)#
#2026 06 07 21:35:49.814#Z#DEBUG#45480c39-62b8-11f1-9935-eeee0a9a8a76.approval-inbox-srv#flowable-async-job-executor-thread-5113#
[PollStartAppStatusExecution] 37a43f7b-a5fe-4f9c-80a8-893c34eca6ba [2026-06-07T21:35:40.843161] {"level":"info","logger":"cds","timestamp":"2026-06-07T21:35:40.841Z","layer":"cds","component_type":"application","container_id":"10.32.1.6","component_id":"37a43f7b-a5fe-4f9c-80a8-893c34eca6ba","component_name":"approval-inbox-srv","component_instance":0,"source_instance":0,"organization_name":"733d95cctrial","organization_id":"03e6d9f5-da3e-4e73-9964-9ceb8bc4c62a","space_name":"dev","space_id":"866e022a-f99a-4e70-b297-343c39329964","msg":"loaded model from 1 file(s):\n ","type":"log"} (STDOUT, APP/PROC/WEB)#
#2026 06 07 21:35:49.814#Z#DEBUG#45480c39-62b8-11f1-9935-eeee0a9a8a76.approval-inbox-srv#flowable-async-job-executor-thread-5113#
[PollStartAppStatusExecution] 37a43f7b-a5fe-4f9c-80a8-893c34eca6ba [2026-06-07T21:35:40.843713] srv/csn.json (STDOUT, APP/PROC/WEB)#
#2026 06 07 21:35:49.814#Z#DEBUG#45480c39-62b8-11f1-9935-eeee0a9a8a76.approval-inbox-srv#flowable-async-job-executor-thread-5113#
[PollStartAppStatusExecution] 37a43f7b-a5fe-4f9c-80a8-893c34eca6ba [2026-06-07T21:35:41.187834] {"level":"info","logger":"cds","timestamp":"2026-06-07T21:35:41.186Z","layer":"cds","component_type":"application","container_id":"10.32.1.6","component_id":"37a43f7b-a5fe-4f9c-80a8-893c34eca6ba","component_name":"approval-inbox-srv","component_instance":0,"source_instance":0,"organization_name":"733d95cctrial","organization_id":"03e6d9f5-da3e-4e73-9964-9ceb8bc4c62a","space_name":"dev","space_id":"866e022a-f99a-4e70-b297-343c39329964","msg":"connect to db > hana {\n  database_id: 'dd335352-b948-4bce-826b-662362f1f052',\n  host: 'dd335352-b948-4bce-826b-662362f1f052.hana.prod-ap21.hanacloud.ondemand.com',\n  port: '443',\n  driver: 'com.sap.db.jdbc.Driver',\n  url: 'jdbc:sap://dd335352-b948-4bce-826b-662362f1f052.hana.prod-ap21.hanacloud.ondemand.com:443?encrypt=true&validateCertificate=true&currentschema=09FF326E4850441B99A3FBA8B6307C42',\n  schema: '09FF326E4850441B99A3FBA8B6307C42',\n  certificate: '...',\n  hdi_user: '09FF326E4850441B99A3FBA8B6307C42_7Y9TU8JP4EL9H9FR15WR5GH8R_DT',\n  hdi_password: '...',\n  user: '09FF326E4850441B99A3FBA8B6307C42_7Y9TU8JP4EL9H9FR15WR5GH8R_RT',\n  password: '...'\n}","type":"log"} (STDOUT, APP/PROC/WEB)#
#2026 06 07 21:35:49.814#Z#DEBUG#45480c39-62b8-11f1-9935-eeee0a9a8a76.approval-inbox-srv#flowable-async-job-executor-thread-5113#
[PollStartAppStatusExecution] 37a43f7b-a5fe-4f9c-80a8-893c34eca6ba [2026-06-07T21:35:41.229456] {"level":"info","logger":"cds","timestamp":"2026-06-07T21:35:41.229Z","layer":"cds","component_type":"application","container_id":"10.32.1.6","component_id":"37a43f7b-a5fe-4f9c-80a8-893c34eca6ba","component_name":"approval-inbox-srv","component_instance":0,"source_instance":0,"organization_name":"733d95cctrial","organization_id":"03e6d9f5-da3e-4e73-9964-9ceb8bc4c62a","space_name":"dev","space_id":"866e022a-f99a-4e70-b297-343c39329964","msg":"using auth strategy { kind: 'jwt' }","type":"log"} (STDOUT, APP/PROC/WEB)#
#2026 06 07 21:35:49.814#Z#DEBUG#45480c39-62b8-11f1-9935-eeee0a9a8a76.approval-inbox-srv#flowable-async-job-executor-thread-5113#
[PollStartAppStatusExecution] 37a43f7b-a5fe-4f9c-80a8-893c34eca6ba [2026-06-07T21:35:41.231713] node:internal/modules/cjs/loader:1421 (STDERR, APP/PROC/WEB)#
#2026 06 07 21:35:49.814#Z#DEBUG#45480c39-62b8-11f1-9935-eeee0a9a8a76.approval-inbox-srv#flowable-async-job-executor-thread-5113#
[PollStartAppStatusExecution] 37a43f7b-a5fe-4f9c-80a8-893c34eca6ba [2026-06-07T21:35:41.231747] const err = new Error(message); (STDERR, APP/PROC/WEB)#
#2026 06 07 21:35:49.814#Z#DEBUG#45480c39-62b8-11f1-9935-eeee0a9a8a76.approval-inbox-srv#flowable-async-job-executor-thread-5113#
[PollStartAppStatusExecution] 37a43f7b-a5fe-4f9c-80a8-893c34eca6ba [2026-06-07T21:35:41.231752] ^ (STDERR, APP/PROC/WEB)#
#2026 06 07 21:35:49.814#Z#DEBUG#45480c39-62b8-11f1-9935-eeee0a9a8a76.approval-inbox-srv#flowable-async-job-executor-thread-5113#
[PollStartAppStatusExecution] 37a43f7b-a5fe-4f9c-80a8-893c34eca6ba [2026-06-07T21:35:41.231757] Error: Cannot find '@sap/xssec'. Make sure to install it with 'npm i @sap/xssec' (STDERR, APP/PROC/WEB)#
#2026 06 07 21:35:49.814#Z#DEBUG#45480c39-62b8-11f1-9935-eeee0a9a8a76.approval-inbox-srv#flowable-async-job-executor-thread-5113#
[PollStartAppStatusExecution] 37a43f7b-a5fe-4f9c-80a8-893c34eca6ba [2026-06-07T21:35:41.231762] Cannot find module '@sap/xssec' (STDERR, APP/PROC/WEB)#
#2026 06 07 21:35:49.814#Z#DEBUG#45480c39-62b8-11f1-9935-eeee0a9a8a76.approval-inbox-srv#flowable-async-job-executor-thread-5113#
[PollStartAppStatusExecution] 37a43f7b-a5fe-4f9c-80a8-893c34eca6ba [2026-06-07T21:35:41.231766] Require stack: (STDERR, APP/PROC/WEB)#
#2026 06 07 21:35:49.814#Z#DEBUG#45480c39-62b8-11f1-9935-eeee0a9a8a76.approval-inbox-srv#flowable-async-job-executor-thread-5113#
[PollStartAppStatusExecution] 37a43f7b-a5fe-4f9c-80a8-893c34eca6ba [2026-06-07T21:35:41.231770] - /home/vcap/app/node_modules/@sap/cds/lib/srv/middlewares/auth/xssec.js (STDERR, APP/PROC/WEB)#
#2026 06 07 21:35:49.814#Z#DEBUG#45480c39-62b8-11f1-9935-eeee0a9a8a76.approval-inbox-srv#flowable-async-job-executor-thread-5113#
[PollStartAppStatusExecution] 37a43f7b-a5fe-4f9c-80a8-893c34eca6ba [2026-06-07T21:35:41.231774] - /home/vcap/app/node_modules/@sap/cds/lib/srv/middlewares/auth/jwt-auth.js (STDERR, APP/PROC/WEB)#
#2026 06 07 21:35:49.814#Z#DEBUG#45480c39-62b8-11f1-9935-eeee0a9a8a76.approval-inbox-srv#flowable-async-job-executor-thread-5113#
[PollStartAppStatusExecution] 37a43f7b-a5fe-4f9c-80a8-893c34eca6ba [2026-06-07T21:35:41.231781] - /home/vcap/app/node_modules/@sap/cds/lib/srv/middlewares/auth/index.js (STDERR, APP/PROC/WEB)#
#2026 06 07 21:35:49.814#Z#DEBUG#45480c39-62b8-11f1-9935-eeee0a9a8a76.approval-inbox-srv#flowable-async-job-executor-thread-5113#
[PollStartAppStatusExecution] 37a43f7b-a5fe-4f9c-80a8-893c34eca6ba [2026-06-07T21:35:41.231786] - /home/vcap/app/node_modules/@sap/cds/lib/srv/middlewares/index.js (STDERR, APP/PROC/WEB)#
#2026 06 07 21:35:49.814#Z#DEBUG#45480c39-62b8-11f1-9935-eeee0a9a8a76.approval-inbox-srv#flowable-async-job-executor-thread-5113#
[PollStartAppStatusExecution] 37a43f7b-a5fe-4f9c-80a8-893c34eca6ba [2026-06-07T21:35:41.231790] - /home/vcap/app/node_modules/@sap/cds/lib/index.js (STDERR, APP/PROC/WEB)#
#2026 06 07 21:35:49.814#Z#DEBUG#45480c39-62b8-11f1-9935-eeee0a9a8a76.approval-inbox-srv#flowable-async-job-executor-thread-5113#
[PollStartAppStatusExecution] 37a43f7b-a5fe-4f9c-80a8-893c34eca6ba [2026-06-07T21:35:41.231794] - /home/vcap/app/node_modules/@sap/cds/bin/serve.js (STDERR, APP/PROC/WEB)#
#2026 06 07 21:35:49.814#Z#DEBUG#45480c39-62b8-11f1-9935-eeee0a9a8a76.approval-inbox-srv#flowable-async-job-executor-thread-5113#
[PollStartAppStatusExecution] 37a43f7b-a5fe-4f9c-80a8-893c34eca6ba [2026-06-07T21:35:41.231798] at Module._resolveFilename (node:internal/modules/cjs/loader:1421:15) (STDERR, APP/PROC/WEB)#
#2026 06 07 21:35:49.814#Z#DEBUG#45480c39-62b8-11f1-9935-eeee0a9a8a76.approval-inbox-srv#flowable-async-job-executor-thread-5113#
[PollStartAppStatusExecution] 37a43f7b-a5fe-4f9c-80a8-893c34eca6ba [2026-06-07T21:35:41.231805] at defaultResolveImpl (node:internal/modules/cjs/loader:1059:19) (STDERR, APP/PROC/WEB)#
#2026 06 07 21:35:49.814#Z#DEBUG#45480c39-62b8-11f1-9935-eeee0a9a8a76.approval-inbox-srv#flowable-async-job-executor-thread-5113#
[PollStartAppStatusExecution] 37a43f7b-a5fe-4f9c-80a8-893c34eca6ba [2026-06-07T21:35:41.231828] at resolveForCJSWithHooks (node:internal/modules/cjs/loader:1064:22) (STDERR, APP/PROC/WEB)#
#2026 06 07 21:35:49.814#Z#DEBUG#45480c39-62b8-11f1-9935-eeee0a9a8a76.approval-inbox-srv#flowable-async-job-executor-thread-5113#
[PollStartAppStatusExecution] 37a43f7b-a5fe-4f9c-80a8-893c34eca6ba [2026-06-07T21:35:41.231833] at Module._load (node:internal/modules/cjs/loader:1227:37) (STDERR, APP/PROC/WEB)#
#2026 06 07 21:35:49.814#Z#DEBUG#45480c39-62b8-11f1-9935-eeee0a9a8a76.approval-inbox-srv#flowable-async-job-executor-thread-5113#
[PollStartAppStatusExecution] 37a43f7b-a5fe-4f9c-80a8-893c34eca6ba [2026-06-07T21:35:41.231839] at TracingChannel.traceSync (node:diagnostics_channel:328:14) (STDERR, APP/PROC/WEB)#
#2026 06 07 21:35:49.814#Z#DEBUG#45480c39-62b8-11f1-9935-eeee0a9a8a76.approval-inbox-srv#flowable-async-job-executor-thread-5113#
[PollStartAppStatusExecution] 37a43f7b-a5fe-4f9c-80a8-893c34eca6ba [2026-06-07T21:35:41.231844] at wrapModuleLoad (node:internal/modules/cjs/loader:245:24) (STDERR, APP/PROC/WEB)#
#2026 06 07 21:35:49.814#Z#DEBUG#45480c39-62b8-11f1-9935-eeee0a9a8a76.approval-inbox-srv#flowable-async-job-executor-thread-5113#
[PollStartAppStatusExecution] 37a43f7b-a5fe-4f9c-80a8-893c34eca6ba [2026-06-07T21:35:41.231849] at Module.require (node:internal/modules/cjs/loader:1504:12) (STDERR, APP/PROC/WEB)#
#2026 06 07 21:35:49.814#Z#DEBUG#45480c39-62b8-11f1-9935-eeee0a9a8a76.approval-inbox-srv#flowable-async-job-executor-thread-5113#
[PollStartAppStatusExecution] 37a43f7b-a5fe-4f9c-80a8-893c34eca6ba [2026-06-07T21:35:41.231855] at require (node:internal/modules/helpers:152:16) (STDERR, APP/PROC/WEB)#
#2026 06 07 21:35:49.814#Z#DEBUG#45480c39-62b8-11f1-9935-eeee0a9a8a76.approval-inbox-srv#flowable-async-job-executor-thread-5113#
[PollStartAppStatusExecution] 37a43f7b-a5fe-4f9c-80a8-893c34eca6ba [2026-06-07T21:35:41.231864] at Object.<anonymous> (/home/vcap/app/node_modules/@sap/cds/lib/srv/middlewares/auth/xssec.js:2:17) (STDERR, APP/PROC/WEB)#
#2026 06 07 21:35:49.814#Z#DEBUG#45480c39-62b8-11f1-9935-eeee0a9a8a76.approval-inbox-srv#flowable-async-job-executor-thread-5113#
[PollStartAppStatusExecution] 37a43f7b-a5fe-4f9c-80a8-893c34eca6ba [2026-06-07T21:35:41.231871] at Module._compile (node:internal/modules/cjs/loader:1761:14) { (STDERR, APP/PROC/WEB)#
#2026 06 07 21:35:49.814#Z#DEBUG#45480c39-62b8-11f1-9935-eeee0a9a8a76.approval-inbox-srv#flowable-async-job-executor-thread-5113#
[PollStartAppStatusExecution] 37a43f7b-a5fe-4f9c-80a8-893c34eca6ba [2026-06-07T21:35:41.231875] code: 'MODULE_NOT_FOUND', (STDERR, APP/PROC/WEB)#
#2026 06 07 21:35:49.814#Z#DEBUG#45480c39-62b8-11f1-9935-eeee0a9a8a76.approval-inbox-srv#flowable-async-job-executor-thread-5113#
[PollStartAppStatusExecution] 37a43f7b-a5fe-4f9c-80a8-893c34eca6ba [2026-06-07T21:35:41.231879] requireStack: [ (STDERR, APP/PROC/WEB)#
#2026 06 07 21:35:49.814#Z#DEBUG#45480c39-62b8-11f1-9935-eeee0a9a8a76.approval-inbox-srv#flowable-async-job-executor-thread-5113#
[PollStartAppStatusExecution] 37a43f7b-a5fe-4f9c-80a8-893c34eca6ba [2026-06-07T21:35:41.231884] '/home/vcap/app/node_modules/@sap/cds/lib/srv/middlewares/auth/xssec.js', (STDERR, APP/PROC/WEB)#
#2026 06 07 21:35:49.814#Z#DEBUG#45480c39-62b8-11f1-9935-eeee0a9a8a76.approval-inbox-srv#flowable-async-job-executor-thread-5113#
[PollStartAppStatusExecution] 37a43f7b-a5fe-4f9c-80a8-893c34eca6ba [2026-06-07T21:35:41.231888] '/home/vcap/app/node_modules/@sap/cds/lib/srv/middlewares/auth/jwt-auth.js', (STDERR, APP/PROC/WEB)#
#2026 06 07 21:35:49.814#Z#DEBUG#45480c39-62b8-11f1-9935-eeee0a9a8a76.approval-inbox-srv#flowable-async-job-executor-thread-5113#
[PollStartAppStatusExecution] 37a43f7b-a5fe-4f9c-80a8-893c34eca6ba [2026-06-07T21:35:41.231892] '/home/vcap/app/node_modules/@sap/cds/lib/srv/middlewares/auth/index.js', (STDERR, APP/PROC/WEB)#
#2026 06 07 21:35:49.814#Z#DEBUG#45480c39-62b8-11f1-9935-eeee0a9a8a76.approval-inbox-srv#flowable-async-job-executor-thread-5113#
[PollStartAppStatusExecution] 37a43f7b-a5fe-4f9c-80a8-893c34eca6ba [2026-06-07T21:35:41.231914] '/home/vcap/app/node_modules/@sap/cds/lib/srv/middlewares/index.js', (STDERR, APP/PROC/WEB)#
#2026 06 07 21:35:49.814#Z#DEBUG#45480c39-62b8-11f1-9935-eeee0a9a8a76.approval-inbox-srv#flowable-async-job-executor-thread-5113#
[PollStartAppStatusExecution] 37a43f7b-a5fe-4f9c-80a8-893c34eca6ba [2026-06-07T21:35:41.231918] '/home/vcap/app/node_modules/@sap/cds/lib/index.js', (STDERR, APP/PROC/WEB)#
#2026 06 07 21:35:49.814#Z#DEBUG#45480c39-62b8-11f1-9935-eeee0a9a8a76.approval-inbox-srv#flowable-async-job-executor-thread-5113#
[PollStartAppStatusExecution] 37a43f7b-a5fe-4f9c-80a8-893c34eca6ba [2026-06-07T21:35:41.231922] '/home/vcap/app/node_modules/@sap/cds/bin/serve.js' (STDERR, APP/PROC/WEB)#
#2026 06 07 21:35:49.814#Z#DEBUG#45480c39-62b8-11f1-9935-eeee0a9a8a76.approval-inbox-srv#flowable-async-job-executor-thread-5113#
[PollStartAppStatusExecution] 37a43f7b-a5fe-4f9c-80a8-893c34eca6ba [2026-06-07T21:35:41.231927] ] (STDERR, APP/PROC/WEB)#
#2026 06 07 21:35:49.814#Z#DEBUG#45480c39-62b8-11f1-9935-eeee0a9a8a76.approval-inbox-srv#flowable-async-job-executor-thread-5113#
[PollStartAppStatusExecution] 37a43f7b-a5fe-4f9c-80a8-893c34eca6ba [2026-06-07T21:35:41.231947] } (STDERR, APP/PROC/WEB)#
#2026 06 07 21:35:49.814#Z#DEBUG#45480c39-62b8-11f1-9935-eeee0a9a8a76.approval-inbox-srv#flowable-async-job-executor-thread-5113#
[PollStartAppStatusExecution] 37a43f7b-a5fe-4f9c-80a8-893c34eca6ba [2026-06-07T21:35:41.231952] Node.js v24.13.0 (STDERR, APP/PROC/WEB)#
#2026 06 07 21:35:49.814#Z#DEBUG#45480c39-62b8-11f1-9935-eeee0a9a8a76.approval-inbox-srv#flowable-async-job-executor-thread-5113#
[PollStartAppStatusExecution] 37a43f7b-a5fe-4f9c-80a8-893c34eca6ba [2026-06-07T21:35:41.286972] Exit status 1 (STDOUT, APP/PROC/WEB)#
#2026 06 07 21:35:49.814#Z#DEBUG#45480c39-62b8-11f1-9935-eeee0a9a8a76.approval-inbox-srv#flowable-async-job-executor-thread-5113#
[PollStartAppStatusExecution] 37a43f7b-a5fe-4f9c-80a8-893c34eca6ba [2026-06-07T21:35:48.425571] Cell 54b50d35-322b-4617-baa3-c13476b47cb5 stopping instance c989e161-50fb-42a0-5ea6-9a41 (STDOUT, CELL)#
#2026 06 07 21:35:49.814#Z#DEBUG#45480c39-62b8-11f1-9935-eeee0a9a8a76.approval-inbox-srv#flowable-async-job-executor-thread-5113#
[PollStartAppStatusExecution] 37a43f7b-a5fe-4f9c-80a8-893c34eca6ba [2026-06-07T21:35:48.425636] Cell 54b50d35-322b-4617-baa3-c13476b47cb5 destroying container for instance c989e161-50fb-42a0-5ea6-9a41 (STDOUT, CELL)#
#2026 06 07 21:35:49.814#Z#DEBUG#45480c39-62b8-11f1-9935-eeee0a9a8a76.approval-inbox-srv#flowable-async-job-executor-thread-5113#
[PollStartAppStatusExecution] 37a43f7b-a5fe-4f9c-80a8-893c34eca6ba [2026-06-07T21:35:48.431330] Process has crashed with type: "web" (STDOUT, API)#
#2026 06 07 21:35:49.814#Z#DEBUG#45480c39-62b8-11f1-9935-eeee0a9a8a76.approval-inbox-srv#flowable-async-job-executor-thread-5113#
[PollStartAppStatusExecution] 37a43f7b-a5fe-4f9c-80a8-893c34eca6ba [2026-06-07T21:35:48.449659] App instance exited with guid 37a43f7b-a5fe-4f9c-80a8-893c34eca6ba payload: {"instance"=>"c989e161-50fb-42a0-5ea6-9a41", "index"=>0, "cell_id"=>"54b50d35-322b-4617-baa3-c13476b47cb5", "reason"=>"CRASHED", "exit_description"=>"APP/PROC/WEB: Exited with status 1", "crash_count"=>1, "crash_timestamp"=>1780868148380951835, "version"=>"56af3171-442a-4de0-af2c-2d85e52d1ce7"} (STDOUT, API)#
#2026 06 07 21:35:49.814#Z#DEBUG#45480c39-62b8-11f1-9935-eeee0a9a8a76.approval-inbox-srv#flowable-async-job-executor-thread-5113#
[PollStartAppStatusExecution] 37a43f7b-a5fe-4f9c-80a8-893c34eca6ba [2026-06-07T21:35:48.500440] Cell 3697da87-6170-41a4-acb7-9186f1527dfa creating container for instance fbfdaa75-ef43-43d7-4430-0ed1 (STDOUT, CELL)#
#2026 06 07 21:35:49.814#Z#DEBUG#45480c39-62b8-11f1-9935-eeee0a9a8a76.approval-inbox-srv#flowable-async-job-executor-thread-5113#
[PollStartAppStatusExecution] 37a43f7b-a5fe-4f9c-80a8-893c34eca6ba [2026-06-07T21:35:48.603176] Exit status 137 (STDOUT, PROXY)#
#2026 06 07 21:35:49.814#Z#DEBUG#45480c39-62b8-11f1-9935-eeee0a9a8a76.approval-inbox-srv#flowable-async-job-executor-thread-5113#
[PollStartAppStatusExecution] 37a43f7b-a5fe-4f9c-80a8-893c34eca6ba [2026-06-07T21:35:49.271385] Security group rules were updated (STDOUT, CELL)#
#2026 06 07 21:35:49.814#Z#DEBUG#45480c39-62b8-11f1-9935-eeee0a9a8a76.approval-inbox-srv#flowable-async-job-executor-thread-5113#
[PollStartAppStatusExecution] 37a43f7b-a5fe-4f9c-80a8-893c34eca6ba [2026-06-07T21:35:49.379145] Cell 3697da87-6170-41a4-acb7-9186f1527dfa successfully created container for instance fbfdaa75-ef43-43d7-4430-0ed1 (STDOUT, CELL)#
#2026 06 07 21:35:59.805#Z#DEBUG#45480c39-62b8-11f1-9935-eeee0a9a8a76.approval-inbox-srv#flowable-async-job-executor-thread-5115#
[PollStartAppStatusExecution] 37a43f7b-a5fe-4f9c-80a8-893c34eca6ba [2026-06-07T21:35:50.031973] Downloading droplet... (STDOUT, CELL)#
#2026 06 07 21:35:59.805#Z#DEBUG#45480c39-62b8-11f1-9935-eeee0a9a8a76.approval-inbox-srv#flowable-async-job-executor-thread-5115#
[PollStartAppStatusExecution] 37a43f7b-a5fe-4f9c-80a8-893c34eca6ba [2026-06-07T21:35:51.347991] Cell 54b50d35-322b-4617-baa3-c13476b47cb5 successfully destroyed container for instance c989e161-50fb-42a0-5ea6-9a41 (STDOUT, CELL)#
#2026 06 07 21:35:59.805#Z#DEBUG#45480c39-62b8-11f1-9935-eeee0a9a8a76.approval-inbox-srv#flowable-async-job-executor-thread-5115#
[PollStartAppStatusExecution] 37a43f7b-a5fe-4f9c-80a8-893c34eca6ba [2026-06-07T21:35:55.273813] Downloaded droplet (70.4M) (STDOUT, CELL)#
#2026 06 07 21:35:59.805#Z#DEBUG#45480c39-62b8-11f1-9935-eeee0a9a8a76.approval-inbox-srv#flowable-async-job-executor-thread-5115#
[PollStartAppStatusExecution] 37a43f7b-a5fe-4f9c-80a8-893c34eca6ba [2026-06-07T21:35:55.273929] Starting health monitoring of container (STDOUT, CELL)#
#2026 06 07 21:35:59.805#Z#DEBUG#45480c39-62b8-11f1-9935-eeee0a9a8a76.approval-inbox-srv#flowable-async-job-executor-thread-5115#
[PollStartAppStatusExecution] 37a43f7b-a5fe-4f9c-80a8-893c34eca6ba [2026-06-07T21:35:55.430222] Invoking pre-start scripts. (STDOUT, APP/PROC/WEB)#
#2026 06 07 21:35:59.805#Z#DEBUG#45480c39-62b8-11f1-9935-eeee0a9a8a76.approval-inbox-srv#flowable-async-job-executor-thread-5115#
[PollStartAppStatusExecution] 37a43f7b-a5fe-4f9c-80a8-893c34eca6ba [2026-06-07T21:35:55.674794] Invoking start command. (STDOUT, APP/PROC/WEB)#
#2026 06 07 21:35:59.805#Z#DEBUG#45480c39-62b8-11f1-9935-eeee0a9a8a76.approval-inbox-srv#flowable-async-job-executor-thread-5115#
[PollStartAppStatusExecution] 37a43f7b-a5fe-4f9c-80a8-893c34eca6ba [2026-06-07T21:35:55.854118] > approval-inbox@1.0.0 start (STDOUT, APP/PROC/WEB)#
#2026 06 07 21:35:59.805#Z#DEBUG#45480c39-62b8-11f1-9935-eeee0a9a8a76.approval-inbox-srv#flowable-async-job-executor-thread-5115#
[PollStartAppStatusExecution] 37a43f7b-a5fe-4f9c-80a8-893c34eca6ba [2026-06-07T21:35:55.854137] > cds-serve (STDOUT, APP/PROC/WEB)#
#2026 06 07 21:35:59.805#Z#DEBUG#45480c39-62b8-11f1-9935-eeee0a9a8a76.approval-inbox-srv#flowable-async-job-executor-thread-5115#
[PollStartAppStatusExecution] 37a43f7b-a5fe-4f9c-80a8-893c34eca6ba [2026-06-07T21:35:56.170516] {"level":"info","logger":"cds","timestamp":"2026-06-07T21:35:56.169Z","layer":"cds","component_type":"application","container_id":"10.32.2.7","component_id":"37a43f7b-a5fe-4f9c-80a8-893c34eca6ba","component_name":"approval-inbox-srv","component_instance":0,"source_instance":0,"organization_name":"733d95cctrial","organization_id":"03e6d9f5-da3e-4e73-9964-9ceb8bc4c62a","space_name":"dev","space_id":"866e022a-f99a-4e70-b297-343c39329964","msg":"loaded model from 1 file(s):\n ","type":"log"} (STDOUT, APP/PROC/WEB)#
#2026 06 07 21:35:59.805#Z#DEBUG#45480c39-62b8-11f1-9935-eeee0a9a8a76.approval-inbox-srv#flowable-async-job-executor-thread-5115#
[PollStartAppStatusExecution] 37a43f7b-a5fe-4f9c-80a8-893c34eca6ba [2026-06-07T21:35:56.171083] srv/csn.json (STDOUT, APP/PROC/WEB)#
#2026 06 07 21:35:59.805#Z#DEBUG#45480c39-62b8-11f1-9935-eeee0a9a8a76.approval-inbox-srv#flowable-async-job-executor-thread-5115#
[PollStartAppStatusExecution] 37a43f7b-a5fe-4f9c-80a8-893c34eca6ba [2026-06-07T21:35:56.403241] {"level":"info","logger":"cds","timestamp":"2026-06-07T21:35:56.402Z","layer":"cds","component_type":"application","container_id":"10.32.2.7","component_id":"37a43f7b-a5fe-4f9c-80a8-893c34eca6ba","component_name":"approval-inbox-srv","component_instance":0,"source_instance":0,"organization_name":"733d95cctrial","organization_id":"03e6d9f5-da3e-4e73-9964-9ceb8bc4c62a","space_name":"dev","space_id":"866e022a-f99a-4e70-b297-343c39329964","msg":"connect to db > hana {\n  database_id: 'dd335352-b948-4bce-826b-662362f1f052',\n  host: 'dd335352-b948-4bce-826b-662362f1f052.hana.prod-ap21.hanacloud.ondemand.com',\n  port: '443',\n  driver: 'com.sap.db.jdbc.Driver',\n  url: 'jdbc:sap://dd335352-b948-4bce-826b-662362f1f052.hana.prod-ap21.hanacloud.ondemand.com:443?encrypt=true&validateCertificate=true&currentschema=09FF326E4850441B99A3FBA8B6307C42',\n  schema: '09FF326E4850441B99A3FBA8B6307C42',\n  certificate: '...',\n  hdi_user: '09FF326E4850441B99A3FBA8B6307C42_7Y9TU8JP4EL9H9FR15WR5GH8R_DT',\n  hdi_password: '...',\n  user: '09FF326E4850441B99A3FBA8B6307C42_7Y9TU8JP4EL9H9FR15WR5GH8R_RT',\n  password: '...'\n}","type":"log"} (STDOUT, APP/PROC/WEB)#
#2026 06 07 21:35:59.805#Z#DEBUG#45480c39-62b8-11f1-9935-eeee0a9a8a76.approval-inbox-srv#flowable-async-job-executor-thread-5115#
[PollStartAppStatusExecution] 37a43f7b-a5fe-4f9c-80a8-893c34eca6ba [2026-06-07T21:35:56.436002] {"level":"info","logger":"cds","timestamp":"2026-06-07T21:35:56.435Z","layer":"cds","component_type":"application","container_id":"10.32.2.7","component_id":"37a43f7b-a5fe-4f9c-80a8-893c34eca6ba","component_name":"approval-inbox-srv","component_instance":0,"source_instance":0,"organization_name":"733d95cctrial","organization_id":"03e6d9f5-da3e-4e73-9964-9ceb8bc4c62a","space_name":"dev","space_id":"866e022a-f99a-4e70-b297-343c39329964","msg":"using auth strategy { kind: 'jwt' }","type":"log"} (STDOUT, APP/PROC/WEB)#
#2026 06 07 21:35:59.805#Z#DEBUG#45480c39-62b8-11f1-9935-eeee0a9a8a76.approval-inbox-srv#flowable-async-job-executor-thread-5115#
[PollStartAppStatusExecution] 37a43f7b-a5fe-4f9c-80a8-893c34eca6ba [2026-06-07T21:35:56.437854] node:internal/modules/cjs/loader:1421 (STDERR, APP/PROC/WEB)#
#2026 06 07 21:35:59.805#Z#DEBUG#45480c39-62b8-11f1-9935-eeee0a9a8a76.approval-inbox-srv#flowable-async-job-executor-thread-5115#
[PollStartAppStatusExecution] 37a43f7b-a5fe-4f9c-80a8-893c34eca6ba [2026-06-07T21:35:56.437867] const err = new Error(message); (STDERR, APP/PROC/WEB)#
#2026 06 07 21:35:59.805#Z#DEBUG#45480c39-62b8-11f1-9935-eeee0a9a8a76.approval-inbox-srv#flowable-async-job-executor-thread-5115#
[PollStartAppStatusExecution] 37a43f7b-a5fe-4f9c-80a8-893c34eca6ba [2026-06-07T21:35:56.437870] ^ (STDERR, APP/PROC/WEB)#
#2026 06 07 21:35:59.805#Z#DEBUG#45480c39-62b8-11f1-9935-eeee0a9a8a76.approval-inbox-srv#flowable-async-job-executor-thread-5115#
[PollStartAppStatusExecution] 37a43f7b-a5fe-4f9c-80a8-893c34eca6ba [2026-06-07T21:35:56.437877] Error: Cannot find '@sap/xssec'. Make sure to install it with 'npm i @sap/xssec' (STDERR, APP/PROC/WEB)#
#2026 06 07 21:35:59.805#Z#DEBUG#45480c39-62b8-11f1-9935-eeee0a9a8a76.approval-inbox-srv#flowable-async-job-executor-thread-5115#
[PollStartAppStatusExecution] 37a43f7b-a5fe-4f9c-80a8-893c34eca6ba [2026-06-07T21:35:56.437881] Cannot find module '@sap/xssec' (STDERR, APP/PROC/WEB)#
#2026 06 07 21:35:59.805#Z#DEBUG#45480c39-62b8-11f1-9935-eeee0a9a8a76.approval-inbox-srv#flowable-async-job-executor-thread-5115#
[PollStartAppStatusExecution] 37a43f7b-a5fe-4f9c-80a8-893c34eca6ba [2026-06-07T21:35:56.437884] Require stack: (STDERR, APP/PROC/WEB)#
#2026 06 07 21:35:59.805#Z#DEBUG#45480c39-62b8-11f1-9935-eeee0a9a8a76.approval-inbox-srv#flowable-async-job-executor-thread-5115#
[PollStartAppStatusExecution] 37a43f7b-a5fe-4f9c-80a8-893c34eca6ba [2026-06-07T21:35:56.437887] - /home/vcap/app/node_modules/@sap/cds/lib/srv/middlewares/auth/xssec.js (STDERR, APP/PROC/WEB)#
#2026 06 07 21:35:59.805#Z#DEBUG#45480c39-62b8-11f1-9935-eeee0a9a8a76.approval-inbox-srv#flowable-async-job-executor-thread-5115#
[PollStartAppStatusExecution] 37a43f7b-a5fe-4f9c-80a8-893c34eca6ba [2026-06-07T21:35:56.437889] - /home/vcap/app/node_modules/@sap/cds/lib/srv/middlewares/auth/jwt-auth.js (STDERR, APP/PROC/WEB)#
#2026 06 07 21:35:59.805#Z#DEBUG#45480c39-62b8-11f1-9935-eeee0a9a8a76.approval-inbox-srv#flowable-async-job-executor-thread-5115#
[PollStartAppStatusExecution] 37a43f7b-a5fe-4f9c-80a8-893c34eca6ba [2026-06-07T21:35:56.437892] - /home/vcap/app/node_modules/@sap/cds/lib/srv/middlewares/auth/index.js (STDERR, APP/PROC/WEB)#
#2026 06 07 21:35:59.805#Z#DEBUG#45480c39-62b8-11f1-9935-eeee0a9a8a76.approval-inbox-srv#flowable-async-job-executor-thread-5115#
[PollStartAppStatusExecution] 37a43f7b-a5fe-4f9c-80a8-893c34eca6ba [2026-06-07T21:35:56.437895] - /home/vcap/app/node_modules/@sap/cds/lib/srv/middlewares/index.js (STDERR, APP/PROC/WEB)#
#2026 06 07 21:35:59.805#Z#DEBUG#45480c39-62b8-11f1-9935-eeee0a9a8a76.approval-inbox-srv#flowable-async-job-executor-thread-5115#
[PollStartAppStatusExecution] 37a43f7b-a5fe-4f9c-80a8-893c34eca6ba [2026-06-07T21:35:56.437899] - /home/vcap/app/node_modules/@sap/cds/lib/index.js (STDERR, APP/PROC/WEB)#
#2026 06 07 21:35:59.805#Z#DEBUG#45480c39-62b8-11f1-9935-eeee0a9a8a76.approval-inbox-srv#flowable-async-job-executor-thread-5115#
[PollStartAppStatusExecution] 37a43f7b-a5fe-4f9c-80a8-893c34eca6ba [2026-06-07T21:35:56.437902] - /home/vcap/app/node_modules/@sap/cds/bin/serve.js (STDERR, APP/PROC/WEB)#
#2026 06 07 21:35:59.805#Z#DEBUG#45480c39-62b8-11f1-9935-eeee0a9a8a76.approval-inbox-srv#flowable-async-job-executor-thread-5115#
[PollStartAppStatusExecution] 37a43f7b-a5fe-4f9c-80a8-893c34eca6ba [2026-06-07T21:35:56.437907] at Module._resolveFilename (node:internal/modules/cjs/loader:1421:15) (STDERR, APP/PROC/WEB)#
#2026 06 07 21:35:59.805#Z#DEBUG#45480c39-62b8-11f1-9935-eeee0a9a8a76.approval-inbox-srv#flowable-async-job-executor-thread-5115#
[PollStartAppStatusExecution] 37a43f7b-a5fe-4f9c-80a8-893c34eca6ba [2026-06-07T21:35:56.437909] at defaultResolveImpl (node:internal/modules/cjs/loader:1059:19) (STDERR, APP/PROC/WEB)#
#2026 06 07 21:35:59.805#Z#DEBUG#45480c39-62b8-11f1-9935-eeee0a9a8a76.approval-inbox-srv#flowable-async-job-executor-thread-5115#
[PollStartAppStatusExecution] 37a43f7b-a5fe-4f9c-80a8-893c34eca6ba [2026-06-07T21:35:56.437913] at resolveForCJSWithHooks (node:internal/modules/cjs/loader:1064:22) (STDERR, APP/PROC/WEB)#
#2026 06 07 21:35:59.805#Z#DEBUG#45480c39-62b8-11f1-9935-eeee0a9a8a76.approval-inbox-srv#flowable-async-job-executor-thread-5115#
[PollStartAppStatusExecution] 37a43f7b-a5fe-4f9c-80a8-893c34eca6ba [2026-06-07T21:35:56.437915] at Module._load (node:internal/modules/cjs/loader:1227:37) (STDERR, APP/PROC/WEB)#
#2026 06 07 21:35:59.805#Z#DEBUG#45480c39-62b8-11f1-9935-eeee0a9a8a76.approval-inbox-srv#flowable-async-job-executor-thread-5115#
[PollStartAppStatusExecution] 37a43f7b-a5fe-4f9c-80a8-893c34eca6ba [2026-06-07T21:35:56.437918] at TracingChannel.traceSync (node:diagnostics_channel:328:14) (STDERR, APP/PROC/WEB)#
#2026 06 07 21:35:59.805#Z#DEBUG#45480c39-62b8-11f1-9935-eeee0a9a8a76.approval-inbox-srv#flowable-async-job-executor-thread-5115#
[PollStartAppStatusExecution] 37a43f7b-a5fe-4f9c-80a8-893c34eca6ba [2026-06-07T21:35:56.437922] at wrapModuleLoad (node:internal/modules/cjs/loader:245:24) (STDERR, APP/PROC/WEB)#
#2026 06 07 21:35:59.805#Z#DEBUG#45480c39-62b8-11f1-9935-eeee0a9a8a76.approval-inbox-srv#flowable-async-job-executor-thread-5115#
[PollStartAppStatusExecution] 37a43f7b-a5fe-4f9c-80a8-893c34eca6ba [2026-06-07T21:35:56.437928] at Module.require (node:internal/modules/cjs/loader:1504:12) (STDERR, APP/PROC/WEB)#
#2026 06 07 21:35:59.805#Z#DEBUG#45480c39-62b8-11f1-9935-eeee0a9a8a76.approval-inbox-srv#flowable-async-job-executor-thread-5115#
[PollStartAppStatusExecution] 37a43f7b-a5fe-4f9c-80a8-893c34eca6ba [2026-06-07T21:35:56.437931] at require (node:internal/modules/helpers:152:16) (STDERR, APP/PROC/WEB)#
#2026 06 07 21:35:59.805#Z#DEBUG#45480c39-62b8-11f1-9935-eeee0a9a8a76.approval-inbox-srv#flowable-async-job-executor-thread-5115#
[PollStartAppStatusExecution] 37a43f7b-a5fe-4f9c-80a8-893c34eca6ba [2026-06-07T21:35:56.437934] at Object.<anonymous> (/home/vcap/app/node_modules/@sap/cds/lib/srv/middlewares/auth/xssec.js:2:17) (STDERR, APP/PROC/WEB)#
#2026 06 07 21:35:59.805#Z#DEBUG#45480c39-62b8-11f1-9935-eeee0a9a8a76.approval-inbox-srv#flowable-async-job-executor-thread-5115#
[PollStartAppStatusExecution] 37a43f7b-a5fe-4f9c-80a8-893c34eca6ba [2026-06-07T21:35:56.437938] at Module._compile (node:internal/modules/cjs/loader:1761:14) { (STDERR, APP/PROC/WEB)#
#2026 06 07 21:35:59.805#Z#DEBUG#45480c39-62b8-11f1-9935-eeee0a9a8a76.approval-inbox-srv#flowable-async-job-executor-thread-5115#
[PollStartAppStatusExecution] 37a43f7b-a5fe-4f9c-80a8-893c34eca6ba [2026-06-07T21:35:56.437941] code: 'MODULE_NOT_FOUND', (STDERR, APP/PROC/WEB)#
#2026 06 07 21:35:59.805#Z#DEBUG#45480c39-62b8-11f1-9935-eeee0a9a8a76.approval-inbox-srv#flowable-async-job-executor-thread-5115#
[PollStartAppStatusExecution] 37a43f7b-a5fe-4f9c-80a8-893c34eca6ba [2026-06-07T21:35:56.437944] requireStack: [ (STDERR, APP/PROC/WEB)#
#2026 06 07 21:35:59.805#Z#DEBUG#45480c39-62b8-11f1-9935-eeee0a9a8a76.approval-inbox-srv#flowable-async-job-executor-thread-5115#
[PollStartAppStatusExecution] 37a43f7b-a5fe-4f9c-80a8-893c34eca6ba [2026-06-07T21:35:56.437946] '/home/vcap/app/node_modules/@sap/cds/lib/srv/middlewares/auth/xssec.js', (STDERR, APP/PROC/WEB)#
#2026 06 07 21:35:59.805#Z#DEBUG#45480c39-62b8-11f1-9935-eeee0a9a8a76.approval-inbox-srv#flowable-async-job-executor-thread-5115#
[PollStartAppStatusExecution] 37a43f7b-a5fe-4f9c-80a8-893c34eca6ba [2026-06-07T21:35:56.437949] '/home/vcap/app/node_modules/@sap/cds/lib/srv/middlewares/auth/jwt-auth.js', (STDERR, APP/PROC/WEB)#
#2026 06 07 21:35:59.805#Z#DEBUG#45480c39-62b8-11f1-9935-eeee0a9a8a76.approval-inbox-srv#flowable-async-job-executor-thread-5115#
[PollStartAppStatusExecution] 37a43f7b-a5fe-4f9c-80a8-893c34eca6ba [2026-06-07T21:35:56.437952] '/home/vcap/app/node_modules/@sap/cds/lib/srv/middlewares/auth/index.js', (STDERR, APP/PROC/WEB)#
#2026 06 07 21:35:59.805#Z#DEBUG#45480c39-62b8-11f1-9935-eeee0a9a8a76.approval-inbox-srv#flowable-async-job-executor-thread-5115#
[PollStartAppStatusExecution] 37a43f7b-a5fe-4f9c-80a8-893c34eca6ba [2026-06-07T21:35:56.437955] '/home/vcap/app/node_modules/@sap/cds/lib/srv/middlewares/index.js', (STDERR, APP/PROC/WEB)#
#2026 06 07 21:35:59.806#Z#DEBUG#45480c39-62b8-11f1-9935-eeee0a9a8a76.approval-inbox-srv#flowable-async-job-executor-thread-5115#
[PollStartAppStatusExecution] 37a43f7b-a5fe-4f9c-80a8-893c34eca6ba [2026-06-07T21:35:56.437958] '/home/vcap/app/node_modules/@sap/cds/lib/index.js', (STDERR, APP/PROC/WEB)#
#2026 06 07 21:35:59.806#Z#DEBUG#45480c39-62b8-11f1-9935-eeee0a9a8a76.approval-inbox-srv#flowable-async-job-executor-thread-5115#
[PollStartAppStatusExecution] 37a43f7b-a5fe-4f9c-80a8-893c34eca6ba [2026-06-07T21:35:56.437960] '/home/vcap/app/node_modules/@sap/cds/bin/serve.js' (STDERR, APP/PROC/WEB)#
#2026 06 07 21:35:59.806#Z#DEBUG#45480c39-62b8-11f1-9935-eeee0a9a8a76.approval-inbox-srv#flowable-async-job-executor-thread-5115#
[PollStartAppStatusExecution] 37a43f7b-a5fe-4f9c-80a8-893c34eca6ba [2026-06-07T21:35:56.437964] ] (STDERR, APP/PROC/WEB)#
#2026 06 07 21:35:59.806#Z#DEBUG#45480c39-62b8-11f1-9935-eeee0a9a8a76.approval-inbox-srv#flowable-async-job-executor-thread-5115#
[PollStartAppStatusExecution] 37a43f7b-a5fe-4f9c-80a8-893c34eca6ba [2026-06-07T21:35:56.437968] } (STDERR, APP/PROC/WEB)#
#2026 06 07 21:35:59.806#Z#DEBUG#45480c39-62b8-11f1-9935-eeee0a9a8a76.approval-inbox-srv#flowable-async-job-executor-thread-5115#
[PollStartAppStatusExecution] 37a43f7b-a5fe-4f9c-80a8-893c34eca6ba [2026-06-07T21:35:56.437971] Node.js v24.13.0 (STDERR, APP/PROC/WEB)#
#2026 06 07 21:35:59.806#Z#DEBUG#45480c39-62b8-11f1-9935-eeee0a9a8a76.approval-inbox-srv#flowable-async-job-executor-thread-5115#
[PollStartAppStatusExecution] 37a43f7b-a5fe-4f9c-80a8-893c34eca6ba [2026-06-07T21:35:56.478054] Exit status 1 (STDOUT, APP/PROC/WEB)#
#2026 06 07 21:36:09.882#Z#DEBUG#45480c39-62b8-11f1-9935-eeee0a9a8a76.approval-inbox-srv#flowable-async-job-executor-thread-5117#
[PollStartAppStatusExecution] 37a43f7b-a5fe-4f9c-80a8-893c34eca6ba [2026-06-07T21:36:03.699738] Cell 3697da87-6170-41a4-acb7-9186f1527dfa stopping instance fbfdaa75-ef43-43d7-4430-0ed1 (STDOUT, CELL)#
#2026 06 07 21:36:09.882#Z#DEBUG#45480c39-62b8-11f1-9935-eeee0a9a8a76.approval-inbox-srv#flowable-async-job-executor-thread-5117#
[PollStartAppStatusExecution] 37a43f7b-a5fe-4f9c-80a8-893c34eca6ba [2026-06-07T21:36:03.699777] Cell 3697da87-6170-41a4-acb7-9186f1527dfa destroying container for instance fbfdaa75-ef43-43d7-4430-0ed1 (STDOUT, CELL)#
#2026 06 07 21:36:09.882#Z#DEBUG#45480c39-62b8-11f1-9935-eeee0a9a8a76.approval-inbox-srv#flowable-async-job-executor-thread-5117#
[PollStartAppStatusExecution] 37a43f7b-a5fe-4f9c-80a8-893c34eca6ba [2026-06-07T21:36:03.702115] Process has crashed with type: "web" (STDOUT, API)#
#2026 06 07 21:36:09.882#Z#DEBUG#45480c39-62b8-11f1-9935-eeee0a9a8a76.approval-inbox-srv#flowable-async-job-executor-thread-5117#
[PollStartAppStatusExecution] 37a43f7b-a5fe-4f9c-80a8-893c34eca6ba [2026-06-07T21:36:03.724449] App instance exited with guid 37a43f7b-a5fe-4f9c-80a8-893c34eca6ba payload: {"instance"=>"fbfdaa75-ef43-43d7-4430-0ed1", "index"=>0, "cell_id"=>"3697da87-6170-41a4-acb7-9186f1527dfa", "reason"=>"CRASHED", "exit_description"=>"APP/PROC/WEB: Exited with status 1", "crash_count"=>2, "crash_timestamp"=>1780868163651056755, "version"=>"56af3171-442a-4de0-af2c-2d85e52d1ce7"} (STDOUT, API)#
#2026 06 07 21:36:09.882#Z#DEBUG#45480c39-62b8-11f1-9935-eeee0a9a8a76.approval-inbox-srv#flowable-async-job-executor-thread-5117#
[PollStartAppStatusExecution] 37a43f7b-a5fe-4f9c-80a8-893c34eca6ba [2026-06-07T21:36:03.756656] Cell 54b50d35-322b-4617-baa3-c13476b47cb5 creating container for instance 17dc7652-e6f2-46ce-4cc4-bf66 (STDOUT, CELL)#
#2026 06 07 21:36:09.882#Z#DEBUG#45480c39-62b8-11f1-9935-eeee0a9a8a76.approval-inbox-srv#flowable-async-job-executor-thread-5117#
[PollStartAppStatusExecution] 37a43f7b-a5fe-4f9c-80a8-893c34eca6ba [2026-06-07T21:36:03.847788] Exit status 137 (STDOUT, PROXY)#
#2026 06 07 21:36:09.882#Z#DEBUG#45480c39-62b8-11f1-9935-eeee0a9a8a76.approval-inbox-srv#flowable-async-job-executor-thread-5117#
[PollStartAppStatusExecution] 37a43f7b-a5fe-4f9c-80a8-893c34eca6ba [2026-06-07T21:36:04.604241] Security group rules were updated (STDOUT, CELL)#
#2026 06 07 21:36:09.882#Z#DEBUG#45480c39-62b8-11f1-9935-eeee0a9a8a76.approval-inbox-srv#flowable-async-job-executor-thread-5117#
[PollStartAppStatusExecution] 37a43f7b-a5fe-4f9c-80a8-893c34eca6ba [2026-06-07T21:36:04.723031] Cell 54b50d35-322b-4617-baa3-c13476b47cb5 successfully created container for instance 17dc7652-e6f2-46ce-4cc4-bf66 (STDOUT, CELL)#
#2026 06 07 21:36:09.882#Z#DEBUG#45480c39-62b8-11f1-9935-eeee0a9a8a76.approval-inbox-srv#flowable-async-job-executor-thread-5117#
[PollStartAppStatusExecution] 37a43f7b-a5fe-4f9c-80a8-893c34eca6ba [2026-06-07T21:36:05.589193] Downloading droplet... (STDOUT, CELL)#
#2026 06 07 21:36:09.882#Z#DEBUG#45480c39-62b8-11f1-9935-eeee0a9a8a76.approval-inbox-srv#flowable-async-job-executor-thread-5117#
[PollStartAppStatusExecution] 37a43f7b-a5fe-4f9c-80a8-893c34eca6ba [2026-06-07T21:36:06.544539] Cell 3697da87-6170-41a4-acb7-9186f1527dfa successfully destroyed container for instance fbfdaa75-ef43-43d7-4430-0ed1 (STDOUT, CELL)#
#2026 06 07 21:36:09.882#Z#DEBUG#45480c39-62b8-11f1-9935-eeee0a9a8a76.approval-inbox-srv#flowable-async-job-executor-thread-5117#
[PollStartAppStatusExecution] 37a43f7b-a5fe-4f9c-80a8-893c34eca6ba [2026-06-07T21:36:07.401141] Downloaded droplet (STDOUT, CELL)#
#2026 06 07 21:36:09.882#Z#DEBUG#45480c39-62b8-11f1-9935-eeee0a9a8a76.approval-inbox-srv#flowable-async-job-executor-thread-5117#
[PollStartAppStatusExecution] 37a43f7b-a5fe-4f9c-80a8-893c34eca6ba [2026-06-07T21:36:07.401384] Starting health monitoring of container (STDOUT, CELL)#
#2026 06 07 21:36:09.882#Z#DEBUG#45480c39-62b8-11f1-9935-eeee0a9a8a76.approval-inbox-srv#flowable-async-job-executor-thread-5117#
[PollStartAppStatusExecution] 37a43f7b-a5fe-4f9c-80a8-893c34eca6ba [2026-06-07T21:36:07.552532] Invoking pre-start scripts. (STDOUT, APP/PROC/WEB)#
#2026 06 07 21:36:09.882#Z#DEBUG#45480c39-62b8-11f1-9935-eeee0a9a8a76.approval-inbox-srv#flowable-async-job-executor-thread-5117#
[PollStartAppStatusExecution] 37a43f7b-a5fe-4f9c-80a8-893c34eca6ba [2026-06-07T21:36:07.857159] Invoking start command. (STDOUT, APP/PROC/WEB)#
#2026 06 07 21:36:09.882#Z#DEBUG#45480c39-62b8-11f1-9935-eeee0a9a8a76.approval-inbox-srv#flowable-async-job-executor-thread-5117#
[PollStartAppStatusExecution] 37a43f7b-a5fe-4f9c-80a8-893c34eca6ba [2026-06-07T21:36:08.084162] > approval-inbox@1.0.0 start (STDOUT, APP/PROC/WEB)#
#2026 06 07 21:36:09.882#Z#DEBUG#45480c39-62b8-11f1-9935-eeee0a9a8a76.approval-inbox-srv#flowable-async-job-executor-thread-5117#
[PollStartAppStatusExecution] 37a43f7b-a5fe-4f9c-80a8-893c34eca6ba [2026-06-07T21:36:08.084206] > cds-serve (STDOUT, APP/PROC/WEB)#
#2026 06 07 21:36:09.882#Z#DEBUG#45480c39-62b8-11f1-9935-eeee0a9a8a76.approval-inbox-srv#flowable-async-job-executor-thread-5117#
[PollStartAppStatusExecution] 37a43f7b-a5fe-4f9c-80a8-893c34eca6ba [2026-06-07T21:36:08.496045] {"level":"info","logger":"cds","timestamp":"2026-06-07T21:36:08.494Z","layer":"cds","component_type":"application","container_id":"10.32.1.6","component_id":"37a43f7b-a5fe-4f9c-80a8-893c34eca6ba","component_name":"approval-inbox-srv","component_instance":0,"source_instance":0,"organization_name":"733d95cctrial","organization_id":"03e6d9f5-da3e-4e73-9964-9ceb8bc4c62a","space_name":"dev","space_id":"866e022a-f99a-4e70-b297-343c39329964","msg":"loaded model from 1 file(s):\n ","type":"log"} (STDOUT, APP/PROC/WEB)#
#2026 06 07 21:36:09.882#Z#DEBUG#45480c39-62b8-11f1-9935-eeee0a9a8a76.approval-inbox-srv#flowable-async-job-executor-thread-5117#
[PollStartAppStatusExecution] 37a43f7b-a5fe-4f9c-80a8-893c34eca6ba [2026-06-07T21:36:08.496542] srv/csn.json (STDOUT, APP/PROC/WEB)#
#2026 06 07 21:36:09.882#Z#DEBUG#45480c39-62b8-11f1-9935-eeee0a9a8a76.approval-inbox-srv#flowable-async-job-executor-thread-5117#
[PollStartAppStatusExecution] 37a43f7b-a5fe-4f9c-80a8-893c34eca6ba [2026-06-07T21:36:08.845184] {"level":"info","logger":"cds","timestamp":"2026-06-07T21:36:08.844Z","layer":"cds","component_type":"application","container_id":"10.32.1.6","component_id":"37a43f7b-a5fe-4f9c-80a8-893c34eca6ba","component_name":"approval-inbox-srv","component_instance":0,"source_instance":0,"organization_name":"733d95cctrial","organization_id":"03e6d9f5-da3e-4e73-9964-9ceb8bc4c62a","space_name":"dev","space_id":"866e022a-f99a-4e70-b297-343c39329964","msg":"connect to db > hana {\n  database_id: 'dd335352-b948-4bce-826b-662362f1f052',\n  host: 'dd335352-b948-4bce-826b-662362f1f052.hana.prod-ap21.hanacloud.ondemand.com',\n  port: '443',\n  driver: 'com.sap.db.jdbc.Driver',\n  url: 'jdbc:sap://dd335352-b948-4bce-826b-662362f1f052.hana.prod-ap21.hanacloud.ondemand.com:443?encrypt=true&validateCertificate=true&currentschema=09FF326E4850441B99A3FBA8B6307C42',\n  schema: '09FF326E4850441B99A3FBA8B6307C42',\n  certificate: '...',\n  hdi_user: '09FF326E4850441B99A3FBA8B6307C42_7Y9TU8JP4EL9H9FR15WR5GH8R_DT',\n  hdi_password: '...',\n  user: '09FF326E4850441B99A3FBA8B6307C42_7Y9TU8JP4EL9H9FR15WR5GH8R_RT',\n  password: '...'\n}","type":"log"} (STDOUT, APP/PROC/WEB)#
#2026 06 07 21:36:09.882#Z#DEBUG#45480c39-62b8-11f1-9935-eeee0a9a8a76.approval-inbox-srv#flowable-async-job-executor-thread-5117#
[PollStartAppStatusExecution] 37a43f7b-a5fe-4f9c-80a8-893c34eca6ba [2026-06-07T21:36:08.887361] {"level":"info","logger":"cds","timestamp":"2026-06-07T21:36:08.886Z","layer":"cds","component_type":"application","container_id":"10.32.1.6","component_id":"37a43f7b-a5fe-4f9c-80a8-893c34eca6ba","component_name":"approval-inbox-srv","component_instance":0,"source_instance":0,"organization_name":"733d95cctrial","organization_id":"03e6d9f5-da3e-4e73-9964-9ceb8bc4c62a","space_name":"dev","space_id":"866e022a-f99a-4e70-b297-343c39329964","msg":"using auth strategy { kind: 'jwt' }","type":"log"} (STDOUT, APP/PROC/WEB)#
#2026 06 07 21:36:09.882#Z#DEBUG#45480c39-62b8-11f1-9935-eeee0a9a8a76.approval-inbox-srv#flowable-async-job-executor-thread-5117#
[PollStartAppStatusExecution] 37a43f7b-a5fe-4f9c-80a8-893c34eca6ba [2026-06-07T21:36:08.889583] node:internal/modules/cjs/loader:1421 (STDERR, APP/PROC/WEB)#
#2026 06 07 21:36:09.882#Z#DEBUG#45480c39-62b8-11f1-9935-eeee0a9a8a76.approval-inbox-srv#flowable-async-job-executor-thread-5117#
[PollStartAppStatusExecution] 37a43f7b-a5fe-4f9c-80a8-893c34eca6ba [2026-06-07T21:36:08.889611] const err = new Error(message); (STDERR, APP/PROC/WEB)#
#2026 06 07 21:36:09.882#Z#DEBUG#45480c39-62b8-11f1-9935-eeee0a9a8a76.approval-inbox-srv#flowable-async-job-executor-thread-5117#
[PollStartAppStatusExecution] 37a43f7b-a5fe-4f9c-80a8-893c34eca6ba [2026-06-07T21:36:08.889620] ^ (STDERR, APP/PROC/WEB)#
#2026 06 07 21:36:09.882#Z#DEBUG#45480c39-62b8-11f1-9935-eeee0a9a8a76.approval-inbox-srv#flowable-async-job-executor-thread-5117#
[PollStartAppStatusExecution] 37a43f7b-a5fe-4f9c-80a8-893c34eca6ba [2026-06-07T21:36:08.889626] Error: Cannot find '@sap/xssec'. Make sure to install it with 'npm i @sap/xssec' (STDERR, APP/PROC/WEB)#
#2026 06 07 21:36:09.882#Z#DEBUG#45480c39-62b8-11f1-9935-eeee0a9a8a76.approval-inbox-srv#flowable-async-job-executor-thread-5117#
[PollStartAppStatusExecution] 37a43f7b-a5fe-4f9c-80a8-893c34eca6ba [2026-06-07T21:36:08.889631] Cannot find module '@sap/xssec' (STDERR, APP/PROC/WEB)#
#2026 06 07 21:36:09.882#Z#DEBUG#45480c39-62b8-11f1-9935-eeee0a9a8a76.approval-inbox-srv#flowable-async-job-executor-thread-5117#
[PollStartAppStatusExecution] 37a43f7b-a5fe-4f9c-80a8-893c34eca6ba [2026-06-07T21:36:08.889635] Require stack: (STDERR, APP/PROC/WEB)#
#2026 06 07 21:36:09.882#Z#DEBUG#45480c39-62b8-11f1-9935-eeee0a9a8a76.approval-inbox-srv#flowable-async-job-executor-thread-5117#
[PollStartAppStatusExecution] 37a43f7b-a5fe-4f9c-80a8-893c34eca6ba [2026-06-07T21:36:08.889639] - /home/vcap/app/node_modules/@sap/cds/lib/srv/middlewares/auth/xssec.js (STDERR, APP/PROC/WEB)#
#2026 06 07 21:36:09.882#Z#DEBUG#45480c39-62b8-11f1-9935-eeee0a9a8a76.approval-inbox-srv#flowable-async-job-executor-thread-5117#
[PollStartAppStatusExecution] 37a43f7b-a5fe-4f9c-80a8-893c34eca6ba [2026-06-07T21:36:08.889644] - /home/vcap/app/node_modules/@sap/cds/lib/srv/middlewares/auth/jwt-auth.js (STDERR, APP/PROC/WEB)#
#2026 06 07 21:36:09.882#Z#DEBUG#45480c39-62b8-11f1-9935-eeee0a9a8a76.approval-inbox-srv#flowable-async-job-executor-thread-5117#
[PollStartAppStatusExecution] 37a43f7b-a5fe-4f9c-80a8-893c34eca6ba [2026-06-07T21:36:08.889648] - /home/vcap/app/node_modules/@sap/cds/lib/srv/middlewares/auth/index.js (STDERR, APP/PROC/WEB)#
#2026 06 07 21:36:09.882#Z#DEBUG#45480c39-62b8-11f1-9935-eeee0a9a8a76.approval-inbox-srv#flowable-async-job-executor-thread-5117#
[PollStartAppStatusExecution] 37a43f7b-a5fe-4f9c-80a8-893c34eca6ba [2026-06-07T21:36:08.889651] - /home/vcap/app/node_modules/@sap/cds/lib/srv/middlewares/index.js (STDERR, APP/PROC/WEB)#
#2026 06 07 21:36:09.882#Z#DEBUG#45480c39-62b8-11f1-9935-eeee0a9a8a76.approval-inbox-srv#flowable-async-job-executor-thread-5117#
[PollStartAppStatusExecution] 37a43f7b-a5fe-4f9c-80a8-893c34eca6ba [2026-06-07T21:36:08.889656] - /home/vcap/app/node_modules/@sap/cds/lib/index.js (STDERR, APP/PROC/WEB)#
#2026 06 07 21:36:09.882#Z#DEBUG#45480c39-62b8-11f1-9935-eeee0a9a8a76.approval-inbox-srv#flowable-async-job-executor-thread-5117#
[PollStartAppStatusExecution] 37a43f7b-a5fe-4f9c-80a8-893c34eca6ba [2026-06-07T21:36:08.889667] - /home/vcap/app/node_modules/@sap/cds/bin/serve.js (STDERR, APP/PROC/WEB)#
#2026 06 07 21:36:09.882#Z#DEBUG#45480c39-62b8-11f1-9935-eeee0a9a8a76.approval-inbox-srv#flowable-async-job-executor-thread-5117#
[PollStartAppStatusExecution] 37a43f7b-a5fe-4f9c-80a8-893c34eca6ba [2026-06-07T21:36:08.889671] at Module._resolveFilename (node:internal/modules/cjs/loader:1421:15) (STDERR, APP/PROC/WEB)#
#2026 06 07 21:36:09.882#Z#DEBUG#45480c39-62b8-11f1-9935-eeee0a9a8a76.approval-inbox-srv#flowable-async-job-executor-thread-5117#
[PollStartAppStatusExecution] 37a43f7b-a5fe-4f9c-80a8-893c34eca6ba [2026-06-07T21:36:08.889674] at defaultResolveImpl (node:internal/modules/cjs/loader:1059:19) (STDERR, APP/PROC/WEB)#
#2026 06 07 21:36:09.882#Z#DEBUG#45480c39-62b8-11f1-9935-eeee0a9a8a76.approval-inbox-srv#flowable-async-job-executor-thread-5117#
[PollStartAppStatusExecution] 37a43f7b-a5fe-4f9c-80a8-893c34eca6ba [2026-06-07T21:36:08.889678] at resolveForCJSWithHooks (node:internal/modules/cjs/loader:1064:22) (STDERR, APP/PROC/WEB)#
#2026 06 07 21:36:09.882#Z#DEBUG#45480c39-62b8-11f1-9935-eeee0a9a8a76.approval-inbox-srv#flowable-async-job-executor-thread-5117#
[PollStartAppStatusExecution] 37a43f7b-a5fe-4f9c-80a8-893c34eca6ba [2026-06-07T21:36:08.889681] at Module._load (node:internal/modules/cjs/loader:1227:37) (STDERR, APP/PROC/WEB)#
#2026 06 07 21:36:09.882#Z#DEBUG#45480c39-62b8-11f1-9935-eeee0a9a8a76.approval-inbox-srv#flowable-async-job-executor-thread-5117#
[PollStartAppStatusExecution] 37a43f7b-a5fe-4f9c-80a8-893c34eca6ba [2026-06-07T21:36:08.889685] at TracingChannel.traceSync (node:diagnostics_channel:328:14) (STDERR, APP/PROC/WEB)#
#2026 06 07 21:36:09.882#Z#DEBUG#45480c39-62b8-11f1-9935-eeee0a9a8a76.approval-inbox-srv#flowable-async-job-executor-thread-5117#
[PollStartAppStatusExecution] 37a43f7b-a5fe-4f9c-80a8-893c34eca6ba [2026-06-07T21:36:08.889688] at wrapModuleLoad (node:internal/modules/cjs/loader:245:24) (STDERR, APP/PROC/WEB)#
#2026 06 07 21:36:09.882#Z#DEBUG#45480c39-62b8-11f1-9935-eeee0a9a8a76.approval-inbox-srv#flowable-async-job-executor-thread-5117#
[PollStartAppStatusExecution] 37a43f7b-a5fe-4f9c-80a8-893c34eca6ba [2026-06-07T21:36:08.889696] at Module.require (node:internal/modules/cjs/loader:1504:12) (STDERR, APP/PROC/WEB)#
#2026 06 07 21:36:09.882#Z#DEBUG#45480c39-62b8-11f1-9935-eeee0a9a8a76.approval-inbox-srv#flowable-async-job-executor-thread-5117#
[PollStartAppStatusExecution] 37a43f7b-a5fe-4f9c-80a8-893c34eca6ba [2026-06-07T21:36:08.889698] at require (node:internal/modules/helpers:152:16) (STDERR, APP/PROC/WEB)#
#2026 06 07 21:36:09.882#Z#DEBUG#45480c39-62b8-11f1-9935-eeee0a9a8a76.approval-inbox-srv#flowable-async-job-executor-thread-5117#
[PollStartAppStatusExecution] 37a43f7b-a5fe-4f9c-80a8-893c34eca6ba [2026-06-07T21:36:08.889705] at Object.<anonymous> (/home/vcap/app/node_modules/@sap/cds/lib/srv/middlewares/auth/xssec.js:2:17) (STDERR, APP/PROC/WEB)#
#2026 06 07 21:36:09.882#Z#DEBUG#45480c39-62b8-11f1-9935-eeee0a9a8a76.approval-inbox-srv#flowable-async-job-executor-thread-5117#
[PollStartAppStatusExecution] 37a43f7b-a5fe-4f9c-80a8-893c34eca6ba [2026-06-07T21:36:08.889708] at Module._compile (node:internal/modules/cjs/loader:1761:14) { (STDERR, APP/PROC/WEB)#
#2026 06 07 21:36:09.882#Z#DEBUG#45480c39-62b8-11f1-9935-eeee0a9a8a76.approval-inbox-srv#flowable-async-job-executor-thread-5117#
[PollStartAppStatusExecution] 37a43f7b-a5fe-4f9c-80a8-893c34eca6ba [2026-06-07T21:36:08.889712] code: 'MODULE_NOT_FOUND', (STDERR, APP/PROC/WEB)#
#2026 06 07 21:36:09.882#Z#DEBUG#45480c39-62b8-11f1-9935-eeee0a9a8a76.approval-inbox-srv#flowable-async-job-executor-thread-5117#
[PollStartAppStatusExecution] 37a43f7b-a5fe-4f9c-80a8-893c34eca6ba [2026-06-07T21:36:08.889716] requireStack: [ (STDERR, APP/PROC/WEB)#
#2026 06 07 21:36:09.882#Z#DEBUG#45480c39-62b8-11f1-9935-eeee0a9a8a76.approval-inbox-srv#flowable-async-job-executor-thread-5117#
[PollStartAppStatusExecution] 37a43f7b-a5fe-4f9c-80a8-893c34eca6ba [2026-06-07T21:36:08.889720] '/home/vcap/app/node_modules/@sap/cds/lib/srv/middlewares/auth/xssec.js', (STDERR, APP/PROC/WEB)#
#2026 06 07 21:36:09.882#Z#DEBUG#45480c39-62b8-11f1-9935-eeee0a9a8a76.approval-inbox-srv#flowable-async-job-executor-thread-5117#
[PollStartAppStatusExecution] 37a43f7b-a5fe-4f9c-80a8-893c34eca6ba [2026-06-07T21:36:08.889729] '/home/vcap/app/node_modules/@sap/cds/lib/srv/middlewares/auth/jwt-auth.js', (STDERR, APP/PROC/WEB)#
#2026 06 07 21:36:09.882#Z#DEBUG#45480c39-62b8-11f1-9935-eeee0a9a8a76.approval-inbox-srv#flowable-async-job-executor-thread-5117#
[PollStartAppStatusExecution] 37a43f7b-a5fe-4f9c-80a8-893c34eca6ba [2026-06-07T21:36:08.889738] '/home/vcap/app/node_modules/@sap/cds/lib/srv/middlewares/auth/index.js', (STDERR, APP/PROC/WEB)#
#2026 06 07 21:36:09.883#Z#DEBUG#45480c39-62b8-11f1-9935-eeee0a9a8a76.approval-inbox-srv#flowable-async-job-executor-thread-5117#
[PollStartAppStatusExecution] 37a43f7b-a5fe-4f9c-80a8-893c34eca6ba [2026-06-07T21:36:08.889743] '/home/vcap/app/node_modules/@sap/cds/lib/srv/middlewares/index.js', (STDERR, APP/PROC/WEB)#
#2026 06 07 21:36:09.883#Z#DEBUG#45480c39-62b8-11f1-9935-eeee0a9a8a76.approval-inbox-srv#flowable-async-job-executor-thread-5117#
[PollStartAppStatusExecution] 37a43f7b-a5fe-4f9c-80a8-893c34eca6ba [2026-06-07T21:36:08.889747] '/home/vcap/app/node_modules/@sap/cds/lib/index.js', (STDERR, APP/PROC/WEB)#
#2026 06 07 21:36:09.883#Z#DEBUG#45480c39-62b8-11f1-9935-eeee0a9a8a76.approval-inbox-srv#flowable-async-job-executor-thread-5117#
[PollStartAppStatusExecution] 37a43f7b-a5fe-4f9c-80a8-893c34eca6ba [2026-06-07T21:36:08.889751] '/home/vcap/app/node_modules/@sap/cds/bin/serve.js' (STDERR, APP/PROC/WEB)#
#2026 06 07 21:36:09.883#Z#DEBUG#45480c39-62b8-11f1-9935-eeee0a9a8a76.approval-inbox-srv#flowable-async-job-executor-thread-5117#
[PollStartAppStatusExecution] 37a43f7b-a5fe-4f9c-80a8-893c34eca6ba [2026-06-07T21:36:08.889755] ] (STDERR, APP/PROC/WEB)#
#2026 06 07 21:36:09.883#Z#DEBUG#45480c39-62b8-11f1-9935-eeee0a9a8a76.approval-inbox-srv#flowable-async-job-executor-thread-5117#
[PollStartAppStatusExecution] 37a43f7b-a5fe-4f9c-80a8-893c34eca6ba [2026-06-07T21:36:08.889758] } (STDERR, APP/PROC/WEB)#
#2026 06 07 21:36:09.883#Z#DEBUG#45480c39-62b8-11f1-9935-eeee0a9a8a76.approval-inbox-srv#flowable-async-job-executor-thread-5117#
[PollStartAppStatusExecution] 37a43f7b-a5fe-4f9c-80a8-893c34eca6ba [2026-06-07T21:36:08.889776] Node.js v24.13.0 (STDERR, APP/PROC/WEB)#
#2026 06 07 21:36:09.883#Z#DEBUG#45480c39-62b8-11f1-9935-eeee0a9a8a76.approval-inbox-srv#flowable-async-job-executor-thread-5117#
[PollStartAppStatusExecution] 37a43f7b-a5fe-4f9c-80a8-893c34eca6ba [2026-06-07T21:36:08.944608] Exit status 1 (STDOUT, APP/PROC/WEB)#
#2026 06 07 21:36:19.868#Z#DEBUG#45480c39-62b8-11f1-9935-eeee0a9a8a76.approval-inbox-srv#flowable-async-job-executor-thread-5119#
[PollStartAppStatusExecution] 37a43f7b-a5fe-4f9c-80a8-893c34eca6ba [2026-06-07T21:36:16.462202] Cell 54b50d35-322b-4617-baa3-c13476b47cb5 stopping instance 17dc7652-e6f2-46ce-4cc4-bf66 (STDOUT, CELL)#
#2026 06 07 21:36:19.868#Z#DEBUG#45480c39-62b8-11f1-9935-eeee0a9a8a76.approval-inbox-srv#flowable-async-job-executor-thread-5119#
[PollStartAppStatusExecution] 37a43f7b-a5fe-4f9c-80a8-893c34eca6ba [2026-06-07T21:36:16.462232] Cell 54b50d35-322b-4617-baa3-c13476b47cb5 destroying container for instance 17dc7652-e6f2-46ce-4cc4-bf66 (STDOUT, CELL)#
#2026 06 07 21:36:19.868#Z#DEBUG#45480c39-62b8-11f1-9935-eeee0a9a8a76.approval-inbox-srv#flowable-async-job-executor-thread-5119#
[PollStartAppStatusExecution] 37a43f7b-a5fe-4f9c-80a8-893c34eca6ba [2026-06-07T21:36:16.493577] Process has crashed with type: "web" (STDOUT, API)#
#2026 06 07 21:36:19.868#Z#DEBUG#45480c39-62b8-11f1-9935-eeee0a9a8a76.approval-inbox-srv#flowable-async-job-executor-thread-5119#
[PollStartAppStatusExecution] 37a43f7b-a5fe-4f9c-80a8-893c34eca6ba [2026-06-07T21:36:16.516280] App instance exited with guid 37a43f7b-a5fe-4f9c-80a8-893c34eca6ba payload: {"instance"=>"17dc7652-e6f2-46ce-4cc4-bf66", "index"=>0, "cell_id"=>"54b50d35-322b-4617-baa3-c13476b47cb5", "reason"=>"CRASHED", "exit_description"=>"APP/PROC/WEB: Exited with status 1", "crash_count"=>3, "crash_timestamp"=>1780868176442587068, "version"=>"56af3171-442a-4de0-af2c-2d85e52d1ce7"} (STDOUT, API)#
#2026 06 07 21:36:19.868#Z#DEBUG#45480c39-62b8-11f1-9935-eeee0a9a8a76.approval-inbox-srv#flowable-async-job-executor-thread-5119#
[PollStartAppStatusExecution] 37a43f7b-a5fe-4f9c-80a8-893c34eca6ba [2026-06-07T21:36:16.671056] Exit status 137 (STDOUT, PROXY)#
