#2026 06 07 21:31:40.106#Z#INFO#45480c39-62b8-11f1-9935-eeee0a9a8a76.OPERATION#http-nio-0.0.0.0-8080-exec-15#
[XS2StartProcessListener] Operation ID: 45480c39-62b8-11f1-9935-eeee0a9a8a76#
#2026 06 07 21:31:40.164#Z#DEBUG#45480c39-62b8-11f1-9935-eeee0a9a8a76.OPERATION#http-nio-0.0.0.0-8080-exec-15#
[XS2StartProcessListener] Process environment: {
  "SKIP_SSL_VALIDATION" : "false",
  "FLOWABLE_JOB_EXECUTOR_MAX_THREADS" : "32",
  "VERSION" : "2.46.0",
  "BASIC_AUTH_ENABLED" : "true",
  "FLOWABLE_JOB_EXECUTOR_QUEUE_CAPACITY" : "16",
  "FLOWABLE_JOB_EXECUTOR_CORE_THREADS" : "8"
}#
#2026 06 07 21:31:40.164#Z#DEBUG#45480c39-62b8-11f1-9935-eeee0a9a8a76.OPERATION#http-nio-0.0.0.0-8080-exec-15#
[XS2StartProcessListener] Current user: tanvinhit@gmail.com#
#2026 06 07 21:31:40.164#Z#DEBUG#45480c39-62b8-11f1-9935-eeee0a9a8a76.OPERATION#http-nio-0.0.0.0-8080-exec-15#
[XS2StartProcessListener] Client space: dev#
#2026 06 07 21:31:40.164#Z#DEBUG#45480c39-62b8-11f1-9935-eeee0a9a8a76.OPERATION#http-nio-0.0.0.0-8080-exec-15#
[XS2StartProcessListener] Client organization: 733d95cctrial#
#2026 06 07 21:31:40.164#Z#INFO#45480c39-62b8-11f1-9935-eeee0a9a8a76.OPERATION#http-nio-0.0.0.0-8080-exec-15#
[XS2StartProcessListener] Process variables: {
  "keepFiles" : false,
  "skipAppDigestCalculation" : false,
  "abortOnError" : false,
  "mtaId" : "approval-inbox",
  "noFailOnMissingPermissions" : false,
  "isSecurityEnabled" : false,
  "apiRequestPath" : "https://deploy-service.cf.ap21.hana.ondemand.com/api/v1/spaces/866e022a-f99a-4e70-b297-343c39329964/operations",
  "deleteServiceBrokers" : false,
  "appArchiveId" : "85d0515c-8a5f-4ccc-a482-ae5cae8d550c",
  "isDisposableUserProvidedServiceEnabled" : false,
  "deleteServiceKeys" : false,
  "noRestartSubscribedApps" : false,
  "noStart" : false,
  "deleteServices" : false
}#
#2026 06 07 21:31:40.237#Z#DEBUG#45480c39-62b8-11f1-9935-eeee0a9a8a76.OPERATION#flowable-async-job-executor-thread-1484#
[ValidateDeployParametersStep] Executing task "validateParametersTask" of process "45480c5f-62b8-11f1-9935-eeee0a9a8a76"...#
#2026 06 07 21:31:40.237#Z#DEBUG#45480c39-62b8-11f1-9935-eeee0a9a8a76.OPERATION#flowable-async-job-executor-thread-1484#
[ValidateDeployParametersStep] Validating parameters...#
#2026 06 07 21:31:40.239#Z#INFO#45480c39-62b8-11f1-9935-eeee0a9a8a76.OPERATION#flowable-async-job-executor-thread-1484#
[ValidateDeployParametersStep] Size of mtars is 16,471,388 and size of extension descriptors is 0#
#2026 06 07 21:31:40.270#Z#INFO#45480c39-62b8-11f1-9935-eeee0a9a8a76.OPERATION#flowable-async-job-executor-thread-1484#
[ValidateDeployParametersStep] Archive was not split! Total size in bytes: 16,471,388#
#2026 06 07 21:31:40.270#Z#INFO#45480c39-62b8-11f1-9935-eeee0a9a8a76.OPERATION#flowable-async-job-executor-thread-1484#
[ValidateDeployParametersStep] Deploying in org "733d95cctrial" and space "dev"#
#2026 06 07 21:31:40.289#Z#DEBUG#45480c39-62b8-11f1-9935-eeee0a9a8a76.OPERATION#flowable-async-job-executor-thread-1484#
[ValidateDeployParametersStep] Parameters validated#
#2026 06 07 21:31:40.289#Z#DEBUG#45480c39-62b8-11f1-9935-eeee0a9a8a76.OPERATION#flowable-async-job-executor-thread-1484#
Step "Validate Parameters" finished#
#2026 06 07 21:31:40.332#Z#DEBUG#45480c39-62b8-11f1-9935-eeee0a9a8a76.OPERATION#flowable-async-job-executor-thread-1485#
[DeleteRemainingFileParts] Executing task "deleteRemainingFileParts" of process "45480c5f-62b8-11f1-9935-eeee0a9a8a76"...#
#2026 06 07 21:31:40.333#Z#DEBUG#45480c39-62b8-11f1-9935-eeee0a9a8a76.OPERATION#flowable-async-job-executor-thread-1485#
Step "Delete Remaining File Parts" finished#
#2026 06 07 21:31:40.377#Z#DEBUG#45480c39-62b8-11f1-9935-eeee0a9a8a76.OPERATION#flowable-async-job-executor-thread-1486#
[XS2ProcessMtaArchiveStep] Executing task "processArchiveTask" of process "45480c5f-62b8-11f1-9935-eeee0a9a8a76"...#
#2026 06 07 21:31:40.378#Z#DEBUG#45480c39-62b8-11f1-9935-eeee0a9a8a76.OPERATION#flowable-async-job-executor-thread-1486#
[XS2ProcessMtaArchiveStep] Processing MTA archive...#
#2026 06 07 21:31:40.378#Z#DEBUG#45480c39-62b8-11f1-9935-eeee0a9a8a76.OPERATION#flowable-async-job-executor-thread-1486#
[XS2ProcessMtaArchiveStep] MTA Archive ID: 85d0515c-8a5f-4ccc-a482-ae5cae8d550c#
#2026 06 07 21:31:41.066#Z#DEBUG#45480c39-62b8-11f1-9935-eeee0a9a8a76.OPERATION#flowable-async-job-executor-thread-1486#
[XS2ProcessMtaArchiveStep] MTA Descriptor length: 945#
#2026 06 07 21:31:41.067#Z#DEBUG#45480c39-62b8-11f1-9935-eeee0a9a8a76.OPERATION#flowable-async-job-executor-thread-1486#
[XS2ProcessMtaArchiveStep] MTA Archive Modules: [approval-inbox-srv, approval-inbox-db-deployer]#
#2026 06 07 21:31:41.067#Z#DEBUG#45480c39-62b8-11f1-9935-eeee0a9a8a76.OPERATION#flowable-async-job-executor-thread-1486#
[XS2ProcessMtaArchiveStep] MTA Archive Requires: []#
#2026 06 07 21:31:41.067#Z#DEBUG#45480c39-62b8-11f1-9935-eeee0a9a8a76.OPERATION#flowable-async-job-executor-thread-1486#
[XS2ProcessMtaArchiveStep] MTA Archive Resources: []#
#2026 06 07 21:31:41.084#Z#DEBUG#45480c39-62b8-11f1-9935-eeee0a9a8a76.OPERATION#flowable-async-job-executor-thread-1486#
[XS2ProcessMtaArchiveStep] MTA archive processed#
#2026 06 07 21:31:41.084#Z#DEBUG#45480c39-62b8-11f1-9935-eeee0a9a8a76.OPERATION#flowable-async-job-executor-thread-1486#
Step "Process Archive" finished#
#2026 06 07 21:31:41.137#Z#DEBUG#45480c39-62b8-11f1-9935-eeee0a9a8a76.OPERATION#flowable-async-job-executor-thread-1487#
[ProcessMtaExtensionDescriptorsStep] Executing task "processExtensionDescriptorsTask" of process "45480c5f-62b8-11f1-9935-eeee0a9a8a76"...#
#2026 06 07 21:31:41.138#Z#DEBUG#45480c39-62b8-11f1-9935-eeee0a9a8a76.OPERATION#flowable-async-job-executor-thread-1487#
[ProcessMtaExtensionDescriptorsStep] Processing MTA extension descriptors...#
#2026 06 07 21:31:41.138#Z#DEBUG#45480c39-62b8-11f1-9935-eeee0a9a8a76.OPERATION#flowable-async-job-executor-thread-1487#
[ProcessMtaExtensionDescriptorsStep] Provided extension descriptors: [ ]#
#2026 06 07 21:31:41.138#Z#DEBUG#45480c39-62b8-11f1-9935-eeee0a9a8a76.OPERATION#flowable-async-job-executor-thread-1487#
[ProcessMtaExtensionDescriptorsStep] No extension descriptors in use#
#2026 06 07 21:31:41.138#Z#DEBUG#45480c39-62b8-11f1-9935-eeee0a9a8a76.OPERATION#flowable-async-job-executor-thread-1487#
[ProcessMtaExtensionDescriptorsStep] MTA extension descriptors processed#
#2026 06 07 21:31:41.138#Z#DEBUG#45480c39-62b8-11f1-9935-eeee0a9a8a76.OPERATION#flowable-async-job-executor-thread-1487#
Step "Process Extension Descriptors" finished#
#2026 06 07 21:31:41.183#Z#DEBUG#45480c39-62b8-11f1-9935-eeee0a9a8a76.OPERATION#flowable-async-job-executor-thread-1488#
[XS2DetectMtaSchemaVersionStep] Executing task "detectSchemaVersionTask" of process "45480c5f-62b8-11f1-9935-eeee0a9a8a76"...#
#2026 06 07 21:31:41.184#Z#DEBUG#45480c39-62b8-11f1-9935-eeee0a9a8a76.OPERATION#flowable-async-job-executor-thread-1488#
[XS2DetectMtaSchemaVersionStep] Detecting MTA major schema version...#
#2026 06 07 21:31:41.186#Z#INFO#45480c39-62b8-11f1-9935-eeee0a9a8a76.OPERATION#flowable-async-job-executor-thread-1488#
[XS2DetectMtaSchemaVersionStep] Detected MTA schema version: "3"#
#2026 06 07 21:31:41.195#Z#DEBUG#45480c39-62b8-11f1-9935-eeee0a9a8a76.OPERATION#flowable-async-job-executor-thread-1488#
Step "Detect Schema Version" finished#
#2026 06 07 21:31:41.239#Z#DEBUG#45480c39-62b8-11f1-9935-eeee0a9a8a76.OPERATION#flowable-async-job-executor-thread-1489#
[MergeDescriptorsStep] Executing task "mergeDescriptorsTask" of process "45480c5f-62b8-11f1-9935-eeee0a9a8a76"...#
#2026 06 07 21:31:41.240#Z#DEBUG#45480c39-62b8-11f1-9935-eeee0a9a8a76.OPERATION#flowable-async-job-executor-thread-1489#
[MergeDescriptorsStep] Validating and merging descriptors...#
#2026 06 07 21:31:41.242#Z#DEBUG#45480c39-62b8-11f1-9935-eeee0a9a8a76.OPERATION#flowable-async-job-executor-thread-1489#
[MergeDescriptorsStep] Merged deployment descriptor: {
  "majorSchemaVersion" : 3,
  "schemaVersion" : "3.3.0",
  "id" : "approval-inbox",
  "version" : "1.0.0",
  "modules" : [ {
    "majorSchemaVersion" : 3,
    "name" : "approval-inbox-srv",
    "type" : "javascript.nodejs",
    "path" : "approval-inbox-srv",
    "properties" : { },
    "parameters" : {
      "routes" : [ {
        "route" : "approval-inbox-srv.cfapps.ap21.hana.ondemand.com"
      } ],
      "memory" : "256M",
      "buildpack" : "nodejs_buildpack",
      "disk-quota" : "512M",
      "instances" : 1
    },
    "requiredDependencies" : [ {
      "majorSchemaVersion" : 3,
      "name" : "zsale-db",
      "properties" : { },
      "parameters" : { },
      "propertiesMetadata" : {
        "metadata" : { }
      },
      "parametersMetadata" : {
        "metadata" : { }
      }
    } ],
    "providedDependencies" : [ {
      "majorSchemaVersion" : 3,
      "name" : "srv-api",
      "isPublic" : false,
      "properties" : {
        "srv-url" : "${default-url}"
      },
      "parameters" : { },
      "propertiesMetadata" : {
        "metadata" : { }
      },
      "parametersMetadata" : {
        "metadata" : { }
      }
    }, {
      "majorSchemaVersion" : 3,
      "name" : "approval-inbox-srv",
      "isPublic" : false,
      "properties" : { },
      "parameters" : { },
      "propertiesMetadata" : {
        "metadata" : { }
      },
      "parametersMetadata" : {
        "metadata" : { }
      }
    } ],
    "propertiesMetadata" : {
      "metadata" : { }
    },
    "parametersMetadata" : {
      "metadata" : { }
    },
    "hooks" : [ ]
  }, {
    "majorSchemaVersion" : 3,
    "name" : "approval-inbox-db-deployer",
    "type" : "com.sap.xs.hdi",
    "path" : "approval-inbox-db-deployer",
    "properties" : {
      "EXIT" : 1
    },
    "parameters" : {
      "memory" : "256M",
      "disk-quota" : "512M",
      "no-route" : true,
      "dependency-type" : "hard",
      "buildpack" : "nodejs_buildpack",
      "tasks" : [ {
        "name" : "deploy",
        "memory" : "256M",
        "command" : "npm start"
      } ],
      "no-start" : true
    },
    "requiredDependencies" : [ {
      "majorSchemaVersion" : 3,
      "name" : "zsale-db",
      "properties" : { },
      "parameters" : { },
      "propertiesMetadata" : {
        "metadata" : { }
      },
      "parametersMetadata" : {
        "metadata" : { }
      }
    } ],
    "providedDependencies" : [ {
      "majorSchemaVersion" : 3,
      "name" : "approval-inbox-db-deployer",
      "isPublic" : false,
      "properties" : { },
      "parameters" : { },
      "propertiesMetadata" : {
        "metadata" : { }
      },
      "parametersMetadata" : {
        "metadata" : { }
      }
    } ],
    "propertiesMetadata" : {
      "metadata" : { }
    },
    "parametersMetadata" : {
      "metadata" : { }
    },
    "hooks" : [ ]
  } ],
  "resources" : [ {
    "majorSchemaVersion" : 3,
    "name" : "zsale-db",
    "type" : "org.cloudfoundry.existing-service",
    "properties" : { },
    "parameters" : {
      "type" : "existing-service",
      "service-name" : "zsale-db"
    },
    "isActive" : true,
    "isOptional" : false,
    "propertiesMetadata" : {
      "metadata" : { }
    },
    "parametersMetadata" : {
      "metadata" : { }
    },
    "requiredDependencies" : [ ],
    "processedAfter" : [ ]
  } ],
  "parameters" : {
    "enable-parallel-deployments" : true
  },
  "parametersMetadata" : {
    "metadata" : { }
  }
}#
#2026 06 07 21:31:41.244#Z#DEBUG#45480c39-62b8-11f1-9935-eeee0a9a8a76.OPERATION#flowable-async-job-executor-thread-1489#
[MergeDescriptorsStep] Descriptors validated and merged#
#2026 06 07 21:31:41.244#Z#DEBUG#45480c39-62b8-11f1-9935-eeee0a9a8a76.OPERATION#flowable-async-job-executor-thread-1489#
Step "Merge Descriptors" finished#
#2026 06 07 21:31:41.292#Z#DEBUG#45480c39-62b8-11f1-9935-eeee0a9a8a76.OPERATION#flowable-async-job-executor-thread-1490#
[DetectDeployedMtaStep] Executing task "detectDeployedMtaTask" of process "45480c5f-62b8-11f1-9935-eeee0a9a8a76"...#
#2026 06 07 21:31:41.293#Z#DEBUG#45480c39-62b8-11f1-9935-eeee0a9a8a76.OPERATION#flowable-async-job-executor-thread-1490#
[DetectDeployedMtaStep] Detecting deployed MTA...#
#2026 06 07 21:31:41.294#Z#DEBUG#45480c39-62b8-11f1-9935-eeee0a9a8a76.OPERATION#flowable-async-job-executor-thread-1490#
[DetectDeployedMtaStep] Detecting MTA by id approval-inbox and namespace null#
#2026 06 07 21:31:41.294#Z#DEBUG#45480c39-62b8-11f1-9935-eeee0a9a8a76.OPERATION#flowable-async-job-executor-thread-1490#
[DetectDeployedMtaStep] Getting applications by metadata label selector "mta_id=052029064fb2255edf93c2d5d1d569ea,!mta_namespace"...#
#2026 06 07 21:31:41.330#Z#DEBUG#45480c39-62b8-11f1-9935-eeee0a9a8a76.OPERATION#flowable-async-job-executor-thread-1490#
[DetectDeployedMtaStep] Getting service instances by metadata label selector "mta_id=052029064fb2255edf93c2d5d1d569ea,!mta_namespace"...#
#2026 06 07 21:31:41.365#Z#DEBUG#45480c39-62b8-11f1-9935-eeee0a9a8a76.OPERATION#flowable-async-job-executor-thread-1490#
[DetectDeployedMtaStep] Deployed MTA: {
  "metadata" : {
    "id" : "approval-inbox",
    "version" : "1.0.0"
  },
  "applications" : [ {
    "name" : "zsale-db-deployer",
    "metadata" : {
      "guid" : "36102a24-a7e1-4797-b52e-9d12cda3df3d",
      "createdAt" : [ 2026, 5, 25, 0, 44, 46 ],
      "updatedAt" : [ 2026, 6, 7, 21, 25, 59 ]
    },
    "v3Metadata" : {
      "annotations" : {
        "mta_id" : "approval-inbox",
        "mta_version" : "1.0.0",
        "mta_module" : "{\"name\":\"zsale-db-deployer\"}",
        "mta_module_provided_dependencies" : "[]",
        "mta_bound_services" : "[]"
      },
      "labels" : {
        "mta_id" : "052029064fb2255edf93c2d5d1d569ea"
      }
    },
    "state" : "STOPPED",
    "lifecycle" : {
      "type" : "BUILDPACK",
      "data" : {
        "stack" : "cflinuxfs4",
        "buildpacks" : [ "nodejs_buildpack" ]
      }
    },
    "space" : {
      "name" : "dev",
      "metadata" : {
        "guid" : "866e022a-f99a-4e70-b297-343c39329964",
        "createdAt" : [ 2026, 5, 6, 8, 22, 7 ],
        "updatedAt" : [ 2026, 5, 6, 8, 22, 7 ]
      },
      "organization" : {
        "name" : "733d95cctrial",
        "metadata" : {
          "guid" : "03e6d9f5-da3e-4e73-9964-9ceb8bc4c62a",
          "createdAt" : [ 2026, 5, 6, 8, 22, 6 ],
          "updatedAt" : [ 2026, 5, 6, 8, 22, 7 ]
        }
      }
    },
    "moduleName" : "zsale-db-deployer",
    "boundMtaServices" : [ ],
    "providedDependencyNames" : [ ],
    "productizationState" : "LIVE"
  }, {
    "name" : "zsale-srv",
    "metadata" : {
      "guid" : "0a4c9868-b406-4fb2-8970-c0aa0fdd0598",
      "createdAt" : [ 2026, 5, 25, 0, 44, 48 ],
      "updatedAt" : [ 2026, 6, 7, 21, 28, 30 ]
    },
    "v3Metadata" : {
      "annotations" : {
        "mta_id" : "approval-inbox",
        "mta_version" : "1.0.0",
        "mta_module" : "{\"name\":\"zsale-srv\"}",
        "mta_module_provided_dependencies" : "[]",
        "mta_bound_services" : "[]"
      },
      "labels" : {
        "mta_id" : "052029064fb2255edf93c2d5d1d569ea"
      }
    },
    "state" : "STARTED",
    "lifecycle" : {
      "type" : "BUILDPACK",
      "data" : {
        "stack" : "cflinuxfs4",
        "buildpacks" : [ "nodejs_buildpack" ]
      }
    },
    "space" : {
      "name" : "dev",
      "metadata" : {
        "guid" : "866e022a-f99a-4e70-b297-343c39329964",
        "createdAt" : [ 2026, 5, 6, 8, 22, 7 ],
        "updatedAt" : [ 2026, 5, 6, 8, 22, 7 ]
      },
      "organization" : {
        "name" : "733d95cctrial",
        "metadata" : {
          "guid" : "03e6d9f5-da3e-4e73-9964-9ceb8bc4c62a",
          "createdAt" : [ 2026, 5, 6, 8, 22, 6 ],
          "updatedAt" : [ 2026, 5, 6, 8, 22, 7 ]
        }
      }
    },
    "moduleName" : "zsale-srv",
    "boundMtaServices" : [ ],
    "providedDependencyNames" : [ ],
    "productizationState" : "LIVE"
  } ],
  "services" : [ ]
}#
#2026 06 07 21:31:41.366#Z#INFO#45480c39-62b8-11f1-9935-eeee0a9a8a76.OPERATION#flowable-async-job-executor-thread-1490#
[DetectDeployedMtaStep] Detected deployed MTA with ID "approval-inbox" and version "1.0.0"#
#2026 06 07 21:31:41.375#Z#DEBUG#45480c39-62b8-11f1-9935-eeee0a9a8a76.OPERATION#flowable-async-job-executor-thread-1490#
[DetectDeployedMtaStep] Detecting backup mta by id "approval-inbox" and namespace "null"#
#2026 06 07 21:31:41.375#Z#DEBUG#45480c39-62b8-11f1-9935-eeee0a9a8a76.OPERATION#flowable-async-job-executor-thread-1490#
[DetectDeployedMtaStep] Getting applications by metadata label selector "mta_id=052029064fb2255edf93c2d5d1d569ea,mta_namespace=b698114a0995e936895b9598a6c19a2c"...#
#2026 06 07 21:31:41.410#Z#DEBUG#45480c39-62b8-11f1-9935-eeee0a9a8a76.OPERATION#flowable-async-job-executor-thread-1490#
[DetectDeployedMtaStep] Getting service instances by metadata label selector "mta_id=052029064fb2255edf93c2d5d1d569ea,mta_namespace=b698114a0995e936895b9598a6c19a2c"...#
#2026 06 07 21:31:41.443#Z#DEBUG#45480c39-62b8-11f1-9935-eeee0a9a8a76.OPERATION#flowable-async-job-executor-thread-1490#
[DetectDeployedMtaStep] Deployed MTA service keys: [ ]#
#2026 06 07 21:31:41.443#Z#DEBUG#45480c39-62b8-11f1-9935-eeee0a9a8a76.OPERATION#flowable-async-job-executor-thread-1490#
Step "Detect Deployed MTA" finished#
#2026 06 07 21:31:41.493#Z#DEBUG#45480c39-62b8-11f1-9935-eeee0a9a8a76.OPERATION#flowable-async-job-executor-thread-1491#
[XS2CollectSystemParametersStep] Executing task "collectSystemParametersTask" of process "45480c5f-62b8-11f1-9935-eeee0a9a8a76"...#
#2026 06 07 21:31:41.494#Z#DEBUG#45480c39-62b8-11f1-9935-eeee0a9a8a76.OPERATION#flowable-async-job-executor-thread-1491#
[XS2CollectSystemParametersStep] Collecting system parameters...#
#2026 06 07 21:31:41.500#Z#DEBUG#45480c39-62b8-11f1-9935-eeee0a9a8a76.OPERATION#flowable-async-job-executor-thread-1491#
[XS2CollectSystemParametersStep] Getting default domain...#
#2026 06 07 21:31:41.534#Z#DEBUG#45480c39-62b8-11f1-9935-eeee0a9a8a76.OPERATION#flowable-async-job-executor-thread-1491#
[XS2CollectSystemParametersStep] Default domain: cfapps.ap21.hana.ondemand.com#
#2026 06 07 21:31:41.534#Z#DEBUG#45480c39-62b8-11f1-9935-eeee0a9a8a76.OPERATION#flowable-async-job-executor-thread-1491#
[XS2CollectSystemParametersStep] Checking for overwriting read-only parameters for mta with id: "approval-inbox"#
#2026 06 07 21:31:41.534#Z#DEBUG#45480c39-62b8-11f1-9935-eeee0a9a8a76.OPERATION#flowable-async-job-executor-thread-1491#
[XS2CollectSystemParametersStep] No read-only parameters are overwritten#
#2026 06 07 21:31:41.549#Z#DEBUG#45480c39-62b8-11f1-9935-eeee0a9a8a76.OPERATION#flowable-async-job-executor-thread-1491#
[XS2CollectSystemParametersStep] Descriptor with system parameters: {
  "majorSchemaVersion" : 3,
  "schemaVersion" : "3.3.0",
  "id" : "approval-inbox",
  "version" : "1.0.0",
  "modules" : [ {
    "majorSchemaVersion" : 3,
    "name" : "approval-inbox-srv",
    "type" : "javascript.nodejs",
    "path" : "approval-inbox-srv",
    "properties" : { },
    "parameters" : {
      "default-url" : "${protocol}://${default-uri}",
      "default-app-name" : "approval-inbox-srv",
      "generated-password" : "********",
      "default-live-url" : "${protocol}://${default-live-uri}",
      "default-uri" : "${host}.${domain}",
      "memory" : "256M",
      "default-instances" : 1,
      "default-live-host" : "733d95cctrial-dev-approval-inbox-srv",
      "instances" : 1,
      "buildpack" : "nodejs_buildpack",
      "default-host" : "733d95cctrial-dev-approval-inbox-srv",
      "app-name" : "${default-app-name}",
      "default-live-uri" : "733d95cctrial-dev-approval-inbox-srv.${domain}",
      "routes" : [ {
        "route" : "approval-inbox-srv.cfapps.ap21.hana.ondemand.com"
      } ],
      "protocol" : "https",
      "default-live-app-name" : "approval-inbox-srv",
      "default-live-domain" : "cfapps.ap21.hana.ondemand.com",
      "disk-quota" : "512M",
      "domain" : "${default-domain}",
      "host" : "${default-host}",
      "generated-user" : "********"
    },
    "requiredDependencies" : [ {
      "majorSchemaVersion" : 3,
      "name" : "zsale-db",
      "properties" : { },
      "parameters" : { },
      "propertiesMetadata" : {
        "metadata" : { }
      },
      "parametersMetadata" : {
        "metadata" : { }
      }
    } ],
    "providedDependencies" : [ {
      "majorSchemaVersion" : 3,
      "name" : "srv-api",
      "isPublic" : false,
      "properties" : {
        "srv-url" : "${default-url}"
      },
      "parameters" : { },
      "propertiesMetadata" : {
        "metadata" : { }
      },
      "parametersMetadata" : {
        "metadata" : { }
      }
    }, {
      "majorSchemaVersion" : 3,
      "name" : "approval-inbox-srv",
      "isPublic" : false,
      "properties" : { },
      "parameters" : { },
      "propertiesMetadata" : {
        "metadata" : { }
      },
      "parametersMetadata" : {
        "metadata" : { }
      }
    } ],
    "propertiesMetadata" : {
      "metadata" : { }
    },
    "parametersMetadata" : {
      "metadata" : { }
    },
    "hooks" : [ ]
  }, {
    "majorSchemaVersion" : 3,
    "name" : "approval-inbox-db-deployer",
    "type" : "com.sap.xs.hdi",
    "path" : "approval-inbox-db-deployer",
    "properties" : {
      "EXIT" : 1
    },
    "parameters" : {
      "default-url" : "${protocol}://${default-uri}",
      "default-app-name" : "approval-inbox-db-deployer",
      "generated-password" : "********",
      "default-live-url" : "${protocol}://${default-live-uri}",
      "default-uri" : "${host}.${domain}",
      "memory" : "256M",
      "default-instances" : 1,
      "no-route" : true,
      "default-live-host" : "733d95cctrial-dev-approval-inbox-db-deployer",
      "instances" : "${default-instances}",
      "buildpack" : "nodejs_buildpack",
      "default-host" : "733d95cctrial-dev-approval-inbox-db-deployer",
      "app-name" : "${default-app-name}",
      "default-live-uri" : "733d95cctrial-dev-approval-inbox-db-deployer.${domain}",
      "protocol" : "https",
      "default-live-app-name" : "approval-inbox-db-deployer",
      "default-live-domain" : "cfapps.ap21.hana.ondemand.com",
      "disk-quota" : "512M",
      "dependency-type" : "hard",
      "domain" : "${default-domain}",
      "host" : "${default-host}",
      "generated-user" : "********",
      "tasks" : [ {
        "name" : "deploy",
        "memory" : "256M",
        "command" : "npm start"
      } ],
      "no-start" : true
    },
    "requiredDependencies" : [ {
      "majorSchemaVersion" : 3,
      "name" : "zsale-db",
      "properties" : { },
      "parameters" : { },
      "propertiesMetadata" : {
        "metadata" : { }
      },
      "parametersMetadata" : {
        "metadata" : { }
      }
    } ],
    "providedDependencies" : [ {
      "majorSchemaVersion" : 3,
      "name" : "approval-inbox-db-deployer",
      "isPublic" : false,
      "properties" : { },
      "parameters" : { },
      "propertiesMetadata" : {
        "metadata" : { }
      },
      "parametersMetadata" : {
        "metadata" : { }
      }
    } ],
    "propertiesMetadata" : {
      "metadata" : { }
    },
    "parametersMetadata" : {
      "metadata" : { }
    },
    "hooks" : [ ]
  } ],
  "resources" : [ {
    "majorSchemaVersion" : 3,
    "name" : "zsale-db",
    "type" : "org.cloudfoundry.existing-service",
    "properties" : { },
    "parameters" : {
      "generated-password" : "********",
      "service-name" : "zsale-db",
      "generated-user" : "********",
      "default-xsappname" : "zsale-db",
      "type" : "existing-service",
      "default-service-name" : "zsale-db",
      "default-container-name" : "733D95CCTRIAL_DEV_ZSALE_DB"
    },
    "isActive" : true,
    "isOptional" : false,
    "propertiesMetadata" : {
      "metadata" : { }
    },
    "parametersMetadata" : {
      "metadata" : { }
    },
    "requiredDependencies" : [ ],
    "processedAfter" : [ ]
  } ],
  "parameters" : {
    "mta-id" : "approval-inbox",
    "authorization-url" : "********",
    "org-guid" : "03e6d9f5-da3e-4e73-9964-9ceb8bc4c62a",
    "org" : "733d95cctrial",
    "deploy-target" : "733d95cctrial dev",
    "enable-parallel-deployments" : true,
    "space" : "dev",
    "xs-api-url" : "https://api.cf.ap21.hana.ondemand.com",
    "deploy-url" : "deploy-service.cfapps.ap21.hana.ondemand.com",
    "xs-type" : "CF",
    "default-domain" : "cfapps.ap21.hana.ondemand.com",
    "mta-version" : "1.0.0",
    "xs-auth-url" : "********",
    "space-guid" : "866e022a-f99a-4e70-b297-343c39329964",
    "user" : "********",
    "controller-url" : "https://api.cf.ap21.hana.ondemand.com",
    "timestamp" : "20260607213140"
  },
  "parametersMetadata" : {
    "metadata" : { }
  }
}#
#2026 06 07 21:31:41.551#Z#DEBUG#45480c39-62b8-11f1-9935-eeee0a9a8a76.OPERATION#flowable-async-job-executor-thread-1491#
[XS2CollectSystemParametersStep] Version rule: SAME_HIGHER#
#2026 06 07 21:31:41.551#Z#INFO#45480c39-62b8-11f1-9935-eeee0a9a8a76.OPERATION#flowable-async-job-executor-thread-1491#
[XS2CollectSystemParametersStep] Detected new MTA version: "1.0.0"#
#2026 06 07 21:31:41.561#Z#INFO#45480c39-62b8-11f1-9935-eeee0a9a8a76.OPERATION#flowable-async-job-executor-thread-1491#
[XS2CollectSystemParametersStep] Deployed MTA version: "1.0.0"#
#2026 06 07 21:31:41.574#Z#DEBUG#45480c39-62b8-11f1-9935-eeee0a9a8a76.OPERATION#flowable-async-job-executor-thread-1491#
[XS2CollectSystemParametersStep] MTA accepted for deployment#
#2026 06 07 21:31:41.574#Z#DEBUG#45480c39-62b8-11f1-9935-eeee0a9a8a76.OPERATION#flowable-async-job-executor-thread-1491#
[XS2CollectSystemParametersStep] System parameters collected#
#2026 06 07 21:31:41.574#Z#DEBUG#45480c39-62b8-11f1-9935-eeee0a9a8a76.OPERATION#flowable-async-job-executor-thread-1491#
Step "Collect System Parameters" finished#
#2026 06 07 21:31:41.629#Z#DEBUG#45480c39-62b8-11f1-9935-eeee0a9a8a76.OPERATION#flowable-async-job-executor-thread-1484#
[ProcessDescriptorStep] Executing task "processDescriptorTask" of process "45480c5f-62b8-11f1-9935-eeee0a9a8a76"...#
#2026 06 07 21:31:41.630#Z#DEBUG#45480c39-62b8-11f1-9935-eeee0a9a8a76.OPERATION#flowable-async-job-executor-thread-1484#
[ProcessDescriptorStep] Resolving properties and parameters in merged descriptor...#
#2026 06 07 21:31:41.635#Z#DEBUG#45480c39-62b8-11f1-9935-eeee0a9a8a76.OPERATION#flowable-async-job-executor-thread-1484#
[ProcessDescriptorStep] Subscriptions: [ ]#
#2026 06 07 21:31:41.635#Z#DEBUG#45480c39-62b8-11f1-9935-eeee0a9a8a76.OPERATION#flowable-async-job-executor-thread-1484#
[ProcessDescriptorStep] MTA modules: [approval-inbox-srv, approval-inbox-db-deployer]#
#2026 06 07 21:31:41.636#Z#DEBUG#45480c39-62b8-11f1-9935-eeee0a9a8a76.OPERATION#flowable-async-job-executor-thread-1484#
[ProcessDescriptorStep] Resolved deployment descriptor: {
  "majorSchemaVersion" : 3,
  "schemaVersion" : "3.3.0",
  "id" : "approval-inbox",
  "version" : "1.0.0",
  "modules" : [ {
    "majorSchemaVersion" : 3,
    "name" : "approval-inbox-srv",
    "type" : "javascript.nodejs",
    "path" : "approval-inbox-srv",
    "properties" : { },
    "parameters" : {
      "default-url" : "https://733d95cctrial-dev-approval-inbox-srv.cfapps.ap21.hana.ondemand.com",
      "default-app-name" : "approval-inbox-srv",
      "generated-password" : "********",
      "default-live-url" : "https://733d95cctrial-dev-approval-inbox-srv.cfapps.ap21.hana.ondemand.com",
      "default-uri" : "733d95cctrial-dev-approval-inbox-srv.cfapps.ap21.hana.ondemand.com",
      "memory" : "256M",
      "default-instances" : 1,
      "default-live-host" : "733d95cctrial-dev-approval-inbox-srv",
      "instances" : 1,
      "buildpack" : "nodejs_buildpack",
      "default-host" : "733d95cctrial-dev-approval-inbox-srv",
      "app-name" : "approval-inbox-srv",
      "default-live-uri" : "733d95cctrial-dev-approval-inbox-srv.cfapps.ap21.hana.ondemand.com",
      "routes" : [ {
        "route" : "approval-inbox-srv.cfapps.ap21.hana.ondemand.com"
      } ],
      "protocol" : "https",
      "default-live-app-name" : "approval-inbox-srv",
      "default-live-domain" : "cfapps.ap21.hana.ondemand.com",
      "disk-quota" : "512M",
      "domain" : "cfapps.ap21.hana.ondemand.com",
      "host" : "733d95cctrial-dev-approval-inbox-srv",
      "generated-user" : "********"
    },
    "requiredDependencies" : [ {
      "majorSchemaVersion" : 3,
      "name" : "zsale-db",
      "properties" : { },
      "parameters" : { },
      "propertiesMetadata" : {
        "metadata" : { }
      },
      "parametersMetadata" : {
        "metadata" : { }
      }
    } ],
    "providedDependencies" : [ {
      "majorSchemaVersion" : 3,
      "name" : "srv-api",
      "isPublic" : false,
      "properties" : {
        "srv-url" : "https://733d95cctrial-dev-approval-inbox-srv.cfapps.ap21.hana.ondemand.com"
      },
      "parameters" : { },
      "propertiesMetadata" : {
        "metadata" : { }
      },
      "parametersMetadata" : {
        "metadata" : { }
      }
    }, {
      "majorSchemaVersion" : 3,
      "name" : "approval-inbox-srv",
      "isPublic" : false,
      "properties" : { },
      "parameters" : { },
      "propertiesMetadata" : {
        "metadata" : { }
      },
      "parametersMetadata" : {
        "metadata" : { }
      }
    } ],
    "propertiesMetadata" : {
      "metadata" : { }
    },
    "parametersMetadata" : {
      "metadata" : { }
    },
    "hooks" : [ ]
  }, {
    "majorSchemaVersion" : 3,
    "name" : "approval-inbox-db-deployer",
    "type" : "com.sap.xs.hdi",
    "path" : "approval-inbox-db-deployer",
    "properties" : {
      "EXIT" : 1
    },
    "parameters" : {
      "default-url" : "https://733d95cctrial-dev-approval-inbox-db-deployer.cfapps.ap21.hana.ondemand.com",
      "default-app-name" : "approval-inbox-db-deployer",
      "generated-password" : "********",
      "default-live-url" : "https://733d95cctrial-dev-approval-inbox-db-deployer.cfapps.ap21.hana.ondemand.com",
      "default-uri" : "733d95cctrial-dev-approval-inbox-db-deployer.cfapps.ap21.hana.ondemand.com",
      "memory" : "256M",
      "default-instances" : 1,
      "no-route" : true,
      "default-live-host" : "733d95cctrial-dev-approval-inbox-db-deployer",
      "instances" : 1,
      "buildpack" : "nodejs_buildpack",
      "default-host" : "733d95cctrial-dev-approval-inbox-db-deployer",
      "app-name" : "approval-inbox-db-deployer",
      "default-live-uri" : "733d95cctrial-dev-approval-inbox-db-deployer.cfapps.ap21.hana.ondemand.com",
      "protocol" : "https",
      "default-live-app-name" : "approval-inbox-db-deployer",
      "default-live-domain" : "cfapps.ap21.hana.ondemand.com",
      "disk-quota" : "512M",
      "dependency-type" : "hard",
      "domain" : "cfapps.ap21.hana.ondemand.com",
      "host" : "733d95cctrial-dev-approval-inbox-db-deployer",
      "generated-user" : "********",
      "tasks" : [ {
        "command" : "npm start",
        "memory" : "256M",
        "name" : "deploy"
      } ],
      "no-start" : true
    },
    "requiredDependencies" : [ {
      "majorSchemaVersion" : 3,
      "name" : "zsale-db",
      "properties" : { },
      "parameters" : { },
      "propertiesMetadata" : {
        "metadata" : { }
      },
      "parametersMetadata" : {
        "metadata" : { }
      }
    } ],
    "providedDependencies" : [ {
      "majorSchemaVersion" : 3,
      "name" : "approval-inbox-db-deployer",
      "isPublic" : false,
      "properties" : { },
      "parameters" : { },
      "propertiesMetadata" : {
        "metadata" : { }
      },
      "parametersMetadata" : {
        "metadata" : { }
      }
    } ],
    "propertiesMetadata" : {
      "metadata" : { }
    },
    "parametersMetadata" : {
      "metadata" : { }
    },
    "hooks" : [ ]
  } ],
  "resources" : [ {
    "majorSchemaVersion" : 3,
    "name" : "zsale-db",
    "type" : "org.cloudfoundry.existing-service",
    "properties" : { },
    "parameters" : {
      "generated-password" : "********",
      "service-name" : "zsale-db",
      "generated-user" : "********",
      "default-xsappname" : "zsale-db",
      "type" : "existing-service",
      "default-service-name" : "zsale-db",
      "default-container-name" : "733D95CCTRIAL_DEV_ZSALE_DB"
    },
    "isActive" : true,
    "isOptional" : false,
    "propertiesMetadata" : {
      "metadata" : { }
    },
    "parametersMetadata" : {
      "metadata" : { }
    },
    "requiredDependencies" : [ ],
    "processedAfter" : [ ]
  } ],
  "parameters" : {
    "mta-id" : "approval-inbox",
    "authorization-url" : "********",
    "org-guid" : "03e6d9f5-da3e-4e73-9964-9ceb8bc4c62a",
    "org" : "733d95cctrial",
    "deploy-target" : "733d95cctrial dev",
    "enable-parallel-deployments" : true,
    "region-primary-domain" : "ap21.hana.ondemand.com",
    "space" : "dev",
    "region-domain" : "ap21.hana.ondemand.com",
    "xs-api-url" : "https://api.cf.ap21.hana.ondemand.com",
    "deploy-url" : "deploy-service.cfapps.ap21.hana.ondemand.com",
    "xs-type" : "CF",
    "default-domain" : "cfapps.ap21.hana.ondemand.com",
    "mta-version" : "1.0.0",
    "xs-auth-url" : "********",
    "space-guid" : "866e022a-f99a-4e70-b297-343c39329964",
    "user" : "********",
    "controller-url" : "https://api.cf.ap21.hana.ondemand.com",
    "timestamp" : "20260607213140"
  },
  "parametersMetadata" : {
    "metadata" : { }
  }
}#
#2026 06 07 21:31:41.636#Z#DEBUG#45480c39-62b8-11f1-9935-eeee0a9a8a76.OPERATION#flowable-async-job-executor-thread-1484#
[ProcessDescriptorStep] Merged descriptor properties and parameters resolved#
#2026 06 07 21:31:41.636#Z#DEBUG#45480c39-62b8-11f1-9935-eeee0a9a8a76.OPERATION#flowable-async-job-executor-thread-1484#
Step "Process Descriptor Step" finished#
#2026 06 07 21:31:41.685#Z#DEBUG#45480c39-62b8-11f1-9935-eeee0a9a8a76.OPERATION#flowable-async-job-executor-thread-1485#
[XS2BuildCloudDeployModelStep] Executing task "buildDeployModelTask" of process "45480c5f-62b8-11f1-9935-eeee0a9a8a76"...#
#2026 06 07 21:31:41.689#Z#DEBUG#45480c39-62b8-11f1-9935-eeee0a9a8a76.OPERATION#flowable-async-job-executor-thread-1485#
[XS2BuildCloudDeployModelStep] Service keys defined for content deployment grouped by service name: { }#
#2026 06 07 21:31:41.689#Z#DEBUG#45480c39-62b8-11f1-9935-eeee0a9a8a76.OPERATION#flowable-async-job-executor-thread-1485#
[XS2BuildCloudDeployModelStep] Building cloud deployment model...#
#2026 06 07 21:31:41.692#Z#DEBUG#45480c39-62b8-11f1-9935-eeee0a9a8a76.OPERATION#flowable-async-job-executor-thread-1485#
[XS2BuildCloudDeployModelStep] MTA archive modules: [approval-inbox-srv, approval-inbox-db-deployer]#
#2026 06 07 21:31:41.692#Z#DEBUG#45480c39-62b8-11f1-9935-eeee0a9a8a76.OPERATION#flowable-async-job-executor-thread-1485#
[XS2BuildCloudDeployModelStep] Deployed modules: [zsale-db-deployer, zsale-srv]#
#2026 06 07 21:31:41.693#Z#DEBUG#45480c39-62b8-11f1-9935-eeee0a9a8a76.OPERATION#flowable-async-job-executor-thread-1485#
[XS2BuildCloudDeployModelStep] MTA modules: [approval-inbox-srv, approval-inbox-db-deployer]#
#2026 06 07 21:31:41.693#Z#DEBUG#45480c39-62b8-11f1-9935-eeee0a9a8a76.OPERATION#flowable-async-job-executor-thread-1485#
[XS2BuildCloudDeployModelStep] Service keys to create: {
  "zsale-db" : [ ]
}#
#2026 06 07 21:31:41.694#Z#DEBUG#45480c39-62b8-11f1-9935-eeee0a9a8a76.OPERATION#flowable-async-job-executor-thread-1485#
[XS2BuildCloudDeployModelStep] Modules to deploy: [{
  "majorSchemaVersion" : 3,
  "name" : "approval-inbox-srv",
  "type" : "javascript.nodejs",
  "path" : "approval-inbox-srv",
  "properties" : { },
  "parameters" : {
    "default-url" : "https://733d95cctrial-dev-approval-inbox-srv.cfapps.ap21.hana.ondemand.com",
    "default-app-name" : "approval-inbox-srv",
    "generated-password" : "********",
    "default-live-url" : "https://733d95cctrial-dev-approval-inbox-srv.cfapps.ap21.hana.ondemand.com",
    "default-uri" : "733d95cctrial-dev-approval-inbox-srv.cfapps.ap21.hana.ondemand.com",
    "memory" : "256M",
    "default-instances" : 1,
    "default-live-host" : "733d95cctrial-dev-approval-inbox-srv",
    "instances" : 1,
    "buildpack" : "nodejs_buildpack",
    "default-host" : "733d95cctrial-dev-approval-inbox-srv",
    "app-name" : "approval-inbox-srv",
    "default-live-uri" : "733d95cctrial-dev-approval-inbox-srv.cfapps.ap21.hana.ondemand.com",
    "routes" : [ {
      "route" : "approval-inbox-srv.cfapps.ap21.hana.ondemand.com"
    } ],
    "protocol" : "https",
    "default-live-app-name" : "approval-inbox-srv",
    "default-live-domain" : "cfapps.ap21.hana.ondemand.com",
    "disk-quota" : "512M",
    "dependency-type" : "soft",
    "domain" : "cfapps.ap21.hana.ondemand.com",
    "host" : "733d95cctrial-dev-approval-inbox-srv",
    "generated-user" : "********"
  },
  "requiredDependencies" : [ {
    "majorSchemaVersion" : 3,
    "name" : "zsale-db",
    "properties" : { },
    "parameters" : { },
    "propertiesMetadata" : {
      "metadata" : { }
    },
    "parametersMetadata" : {
      "metadata" : { }
    }
  } ],
  "providedDependencies" : [ {
    "majorSchemaVersion" : 3,
    "name" : "srv-api",
    "isPublic" : false,
    "properties" : {
      "srv-url" : "https://733d95cctrial-dev-approval-inbox-srv.cfapps.ap21.hana.ondemand.com"
    },
    "parameters" : { },
    "propertiesMetadata" : {
      "metadata" : { }
    },
    "parametersMetadata" : {
      "metadata" : { }
    }
  }, {
    "majorSchemaVersion" : 3,
    "name" : "approval-inbox-srv",
    "isPublic" : false,
    "properties" : { },
    "parameters" : { },
    "propertiesMetadata" : {
      "metadata" : { }
    },
    "parametersMetadata" : {
      "metadata" : { }
    }
  } ],
  "propertiesMetadata" : {
    "metadata" : { }
  },
  "parametersMetadata" : {
    "metadata" : { }
  },
  "deployedAfter" : [ ],
  "hooks" : [ ]
}, {
  "majorSchemaVersion" : 3,
  "name" : "approval-inbox-db-deployer",
  "type" : "com.sap.xs.hdi",
  "path" : "approval-inbox-db-deployer",
  "properties" : {
    "EXIT" : 1
  },
  "parameters" : {
    "default-url" : "https://733d95cctrial-dev-approval-inbox-db-deployer.cfapps.ap21.hana.ondemand.com",
    "default-app-name" : "approval-inbox-db-deployer",
    "generated-password" : "********",
    "default-live-url" : "https://733d95cctrial-dev-approval-inbox-db-deployer.cfapps.ap21.hana.ondemand.com",
    "default-uri" : "733d95cctrial-dev-approval-inbox-db-deployer.cfapps.ap21.hana.ondemand.com",
    "memory" : "256M",
    "default-instances" : 1,
    "no-route" : true,
    "default-live-host" : "733d95cctrial-dev-approval-inbox-db-deployer",
    "instances" : 1,
    "buildpack" : "nodejs_buildpack",
    "default-host" : "733d95cctrial-dev-approval-inbox-db-deployer",
    "app-name" : "approval-inbox-db-deployer",
    "default-live-uri" : "733d95cctrial-dev-approval-inbox-db-deployer.cfapps.ap21.hana.ondemand.com",
    "protocol" : "https",
    "default-live-app-name" : "approval-inbox-db-deployer",
    "default-live-domain" : "cfapps.ap21.hana.ondemand.com",
    "disk-quota" : "512M",
    "dependency-type" : "hard",
    "domain" : "cfapps.ap21.hana.ondemand.com",
    "host" : "733d95cctrial-dev-approval-inbox-db-deployer",
    "generated-user" : "********",
    "tasks" : [ {
      "command" : "npm start",
      "memory" : "256M",
      "name" : "deploy"
    } ],
    "no-start" : true
  },
  "requiredDependencies" : [ {
    "majorSchemaVersion" : 3,
    "name" : "zsale-db",
    "properties" : { },
    "parameters" : { },
    "propertiesMetadata" : {
      "metadata" : { }
    },
    "parametersMetadata" : {
      "metadata" : { }
    }
  } ],
  "providedDependencies" : [ {
    "majorSchemaVersion" : 3,
    "name" : "approval-inbox-db-deployer",
    "isPublic" : false,
    "properties" : { },
    "parameters" : { },
    "propertiesMetadata" : {
      "metadata" : { }
    },
    "parametersMetadata" : {
      "metadata" : { }
    }
  } ],
  "propertiesMetadata" : {
    "metadata" : { }
  },
  "parametersMetadata" : {
    "metadata" : { }
  },
  "deployedAfter" : [ ],
  "hooks" : [ ]
}]#
#2026 06 07 21:31:41.695#Z#DEBUG#45480c39-62b8-11f1-9935-eeee0a9a8a76.OPERATION#flowable-async-job-executor-thread-1485#
[XS2BuildCloudDeployModelStep] Custom domains: []#
#2026 06 07 21:31:41.698#Z#DEBUG#45480c39-62b8-11f1-9935-eeee0a9a8a76.OPERATION#flowable-async-job-executor-thread-1485#
[XS2BuildCloudDeployModelStep] Getting service instance "zsale-db"...#
#2026 06 07 21:31:41.838#Z#DEBUG#45480c39-62b8-11f1-9935-eeee0a9a8a76.OPERATION#flowable-async-job-executor-thread-1485#
[XS2BuildCloudDeployModelStep] Calculating resource batches...#
#2026 06 07 21:31:41.838#Z#DEBUG#45480c39-62b8-11f1-9935-eeee0a9a8a76.OPERATION#flowable-async-job-executor-thread-1485#
[XS2BuildCloudDeployModelStep] Calculating resource batches completed.#
#2026 06 07 21:31:41.838#Z#DEBUG#45480c39-62b8-11f1-9935-eeee0a9a8a76.OPERATION#flowable-async-job-executor-thread-1485#
[XS2BuildCloudDeployModelStep] Cloud deployment model built#
#2026 06 07 21:31:41.838#Z#DEBUG#45480c39-62b8-11f1-9935-eeee0a9a8a76.OPERATION#flowable-async-job-executor-thread-1485#
Step "Build Deploy Model" finished#
#2026 06 07 21:31:41.888#Z#DEBUG#45480c39-62b8-11f1-9935-eeee0a9a8a76.OPERATION#flowable-async-job-executor-thread-1485#
[BuildCloudUndeployModelStep] Executing task "buildUndeployModelTask" of process "45480c5f-62b8-11f1-9935-eeee0a9a8a76"...#
#2026 06 07 21:31:41.890#Z#DEBUG#45480c39-62b8-11f1-9935-eeee0a9a8a76.OPERATION#flowable-async-job-executor-thread-1485#
[BuildCloudUndeployModelStep] Building cloud undeployment model...#
#2026 06 07 21:31:41.893#Z#DEBUG#45480c39-62b8-11f1-9935-eeee0a9a8a76.OPERATION#flowable-async-job-executor-thread-1485#
[BuildCloudUndeployModelStep] Detecting service keys to delete.#
#2026 06 07 21:31:41.894#Z#DEBUG#45480c39-62b8-11f1-9935-eeee0a9a8a76.OPERATION#flowable-async-job-executor-thread-1485#
[BuildCloudUndeployModelStep] No deployed service keys detected!#
#2026 06 07 21:31:41.894#Z#DEBUG#45480c39-62b8-11f1-9935-eeee0a9a8a76.OPERATION#flowable-async-job-executor-thread-1485#
[BuildCloudUndeployModelStep] Detected service keys to delete "[]"#
#2026 06 07 21:31:41.900#Z#DEBUG#45480c39-62b8-11f1-9935-eeee0a9a8a76.OPERATION#flowable-async-job-executor-thread-1485#
[BuildCloudUndeployModelStep] MTA modules: [approval-inbox-srv, approval-inbox-db-deployer]#
#2026 06 07 21:31:41.901#Z#DEBUG#45480c39-62b8-11f1-9935-eeee0a9a8a76.OPERATION#flowable-async-job-executor-thread-1485#
[BuildCloudUndeployModelStep] Modules to undeploy: [ {
  "name" : "zsale-db-deployer",
  "metadata" : {
    "guid" : "36102a24-a7e1-4797-b52e-9d12cda3df3d",
    "createdAt" : [ 2026, 5, 25, 0, 44, 46 ],
    "updatedAt" : [ 2026, 6, 7, 21, 25, 59 ]
  },
  "v3Metadata" : {
    "annotations" : {
      "mta_id" : "approval-inbox",
      "mta_version" : "1.0.0",
      "mta_module" : "{\"name\":\"zsale-db-deployer\"}",
      "mta_module_provided_dependencies" : "[]",
      "mta_bound_services" : "[]"
    },
    "labels" : {
      "mta_id" : "052029064fb2255edf93c2d5d1d569ea"
    }
  },
  "state" : "STOPPED",
  "lifecycle" : {
    "type" : "BUILDPACK",
    "data" : {
      "stack" : "cflinuxfs4",
      "buildpacks" : [ "nodejs_buildpack" ]
    }
  },
  "space" : {
    "name" : "dev",
    "metadata" : {
      "guid" : "866e022a-f99a-4e70-b297-343c39329964",
      "createdAt" : [ 2026, 5, 6, 8, 22, 7 ],
      "updatedAt" : [ 2026, 5, 6, 8, 22, 7 ]
    },
    "organization" : {
      "name" : "733d95cctrial",
      "metadata" : {
        "guid" : "03e6d9f5-da3e-4e73-9964-9ceb8bc4c62a",
        "createdAt" : [ 2026, 5, 6, 8, 22, 6 ],
        "updatedAt" : [ 2026, 5, 6, 8, 22, 7 ]
      }
    }
  },
  "moduleName" : "zsale-db-deployer",
  "boundMtaServices" : [ ],
  "providedDependencyNames" : [ ],
  "productizationState" : "LIVE"
}, {
  "name" : "zsale-srv",
  "metadata" : {
    "guid" : "0a4c9868-b406-4fb2-8970-c0aa0fdd0598",
    "createdAt" : [ 2026, 5, 25, 0, 44, 48 ],
    "updatedAt" : [ 2026, 6, 7, 21, 28, 30 ]
  },
  "v3Metadata" : {
    "annotations" : {
      "mta_id" : "approval-inbox",
      "mta_version" : "1.0.0",
      "mta_module" : "{\"name\":\"zsale-srv\"}",
      "mta_module_provided_dependencies" : "[]",
      "mta_bound_services" : "[]"
    },
    "labels" : {
      "mta_id" : "052029064fb2255edf93c2d5d1d569ea"
    }
  },
  "state" : "STARTED",
  "lifecycle" : {
    "type" : "BUILDPACK",
    "data" : {
      "stack" : "cflinuxfs4",
      "buildpacks" : [ "nodejs_buildpack" ]
    }
  },
  "space" : {
    "name" : "dev",
    "metadata" : {
      "guid" : "866e022a-f99a-4e70-b297-343c39329964",
      "createdAt" : [ 2026, 5, 6, 8, 22, 7 ],
      "updatedAt" : [ 2026, 5, 6, 8, 22, 7 ]
    },
    "organization" : {
      "name" : "733d95cctrial",
      "metadata" : {
        "guid" : "03e6d9f5-da3e-4e73-9964-9ceb8bc4c62a",
        "createdAt" : [ 2026, 5, 6, 8, 22, 6 ],
        "updatedAt" : [ 2026, 5, 6, 8, 22, 7 ]
      }
    }
  },
  "moduleName" : "zsale-srv",
  "boundMtaServices" : [ ],
  "providedDependencyNames" : [ ],
  "productizationState" : "LIVE"
} ]#
#2026 06 07 21:31:41.901#Z#DEBUG#45480c39-62b8-11f1-9935-eeee0a9a8a76.OPERATION#flowable-async-job-executor-thread-1485#
[BuildCloudUndeployModelStep] Modules that won't be changed: [ ]#
#2026 06 07 21:31:41.903#Z#DEBUG#45480c39-62b8-11f1-9935-eeee0a9a8a76.OPERATION#flowable-async-job-executor-thread-1485#
[BuildCloudUndeployModelStep] Subscriptions to delete: [ ]#
#2026 06 07 21:31:41.905#Z#DEBUG#45480c39-62b8-11f1-9935-eeee0a9a8a76.OPERATION#flowable-async-job-executor-thread-1485#
[BuildCloudUndeployModelStep] Cloud services to delete: []#
#2026 06 07 21:31:41.905#Z#DEBUG#45480c39-62b8-11f1-9935-eeee0a9a8a76.OPERATION#flowable-async-job-executor-thread-1485#
[BuildCloudUndeployModelStep] Getting application "zsale-db-deployer"...#
#2026 06 07 21:31:41.940#Z#DEBUG#45480c39-62b8-11f1-9935-eeee0a9a8a76.OPERATION#flowable-async-job-executor-thread-1485#
[BuildCloudUndeployModelStep] Getting application "zsale-srv"...#
#2026 06 07 21:31:41.975#Z#DEBUG#45480c39-62b8-11f1-9935-eeee0a9a8a76.OPERATION#flowable-async-job-executor-thread-1485#
[BuildCloudUndeployModelStep] Cloud applications to undeploy: [ {
  "name" : "zsale-db-deployer",
  "metadata" : {
    "guid" : "36102a24-a7e1-4797-b52e-9d12cda3df3d",
    "createdAt" : [ 2026, 5, 25, 0, 44, 46 ],
    "updatedAt" : [ 2026, 6, 7, 21, 25, 59 ]
  },
  "v3Metadata" : {
    "annotations" : {
      "mta_id" : "approval-inbox",
      "mta_version" : "1.0.0",
      "mta_module" : "{\"name\":\"zsale-db-deployer\"}",
      "mta_module_provided_dependencies" : "[]",
      "mta_bound_services" : "[]"
    },
    "labels" : {
      "mta_id" : "052029064fb2255edf93c2d5d1d569ea"
    }
  },
  "state" : "STOPPED",
  "lifecycle" : {
    "type" : "BUILDPACK",
    "data" : {
      "stack" : "cflinuxfs4",
      "buildpacks" : [ "nodejs_buildpack" ]
    }
  },
  "space" : {
    "name" : "dev",
    "metadata" : {
      "guid" : "866e022a-f99a-4e70-b297-343c39329964",
      "createdAt" : [ 2026, 5, 6, 8, 22, 7 ],
      "updatedAt" : [ 2026, 5, 6, 8, 22, 7 ]
    },
    "organization" : {
      "name" : "733d95cctrial",
      "metadata" : {
        "guid" : "03e6d9f5-da3e-4e73-9964-9ceb8bc4c62a",
        "createdAt" : [ 2026, 5, 6, 8, 22, 6 ],
        "updatedAt" : [ 2026, 5, 6, 8, 22, 7 ]
      }
    }
  }
}, {
  "name" : "zsale-srv",
  "metadata" : {
    "guid" : "0a4c9868-b406-4fb2-8970-c0aa0fdd0598",
    "createdAt" : [ 2026, 5, 25, 0, 44, 48 ],
    "updatedAt" : [ 2026, 6, 7, 21, 28, 30 ]
  },
  "v3Metadata" : {
    "annotations" : {
      "mta_id" : "approval-inbox",
      "mta_version" : "1.0.0",
      "mta_module" : "{\"name\":\"zsale-srv\"}",
      "mta_module_provided_dependencies" : "[]",
      "mta_bound_services" : "[]"
    },
    "labels" : {
      "mta_id" : "052029064fb2255edf93c2d5d1d569ea"
    }
  },
  "state" : "STARTED",
  "lifecycle" : {
    "type" : "BUILDPACK",
    "data" : {
      "stack" : "cflinuxfs4",
      "buildpacks" : [ "nodejs_buildpack" ]
    }
  },
  "space" : {
    "name" : "dev",
    "metadata" : {
      "guid" : "866e022a-f99a-4e70-b297-343c39329964",
      "createdAt" : [ 2026, 5, 6, 8, 22, 7 ],
      "updatedAt" : [ 2026, 5, 6, 8, 22, 7 ]
    },
    "organization" : {
      "name" : "733d95cctrial",
      "metadata" : {
        "guid" : "03e6d9f5-da3e-4e73-9964-9ceb8bc4c62a",
        "createdAt" : [ 2026, 5, 6, 8, 22, 6 ],
        "updatedAt" : [ 2026, 5, 6, 8, 22, 7 ]
      }
    }
  }
} ]#
#2026 06 07 21:31:41.979#Z#DEBUG#45480c39-62b8-11f1-9935-eeee0a9a8a76.OPERATION#flowable-async-job-executor-thread-1485#
[BuildCloudUndeployModelStep] Cloud undeployment model built#
#2026 06 07 21:31:41.979#Z#DEBUG#45480c39-62b8-11f1-9935-eeee0a9a8a76.OPERATION#flowable-async-job-executor-thread-1485#
Step "Build Undeploy Model" finished#
#2026 06 07 21:31:42.025#Z#DEBUG#45480c39-62b8-11f1-9935-eeee0a9a8a76.OPERATION#flowable-async-job-executor-thread-1485#
[AddDomainsStep] Executing task "addDomainsTask" of process "45480c5f-62b8-11f1-9935-eeee0a9a8a76"...#
#2026 06 07 21:31:42.027#Z#DEBUG#45480c39-62b8-11f1-9935-eeee0a9a8a76.OPERATION#flowable-async-job-executor-thread-1485#
[AddDomainsStep] Custom domains: []#
#2026 06 07 21:31:42.027#Z#DEBUG#45480c39-62b8-11f1-9935-eeee0a9a8a76.OPERATION#flowable-async-job-executor-thread-1485#
Step "Add Domains" finished#
#2026 06 07 21:31:42.210#Z#DEBUG#45480c39-62b8-11f1-9935-eeee0a9a8a76.OPERATION#flowable-async-job-executor-thread-1489#
[ExtractBatchedServicesWithResolvedDynamicParametersStep] Executing task "prepareModulesDeploymentTask" of process "467bf88b-62b8-11f1-9935-eeee0a9a8a76"...#
#2026 06 07 21:31:42.214#Z#DEBUG#45480c39-62b8-11f1-9935-eeee0a9a8a76.OPERATION#flowable-async-job-executor-thread-1489#
[ExtractBatchedServicesWithResolvedDynamicParametersStep] Extracting services and resolving dynamic parameters from batch#
#2026 06 07 21:31:42.215#Z#DEBUG#45480c39-62b8-11f1-9935-eeee0a9a8a76.OPERATION#flowable-async-job-executor-thread-1489#
[ExtractBatchedServicesWithResolvedDynamicParametersStep] Services to create: [ ]#
#2026 06 07 21:31:42.216#Z#DEBUG#45480c39-62b8-11f1-9935-eeee0a9a8a76.OPERATION#flowable-async-job-executor-thread-1489#
Step "Extract Services with Resolved Dynamic parameters from batch" finished#
#2026 06 07 21:31:42.424#Z#DEBUG#45480c39-62b8-11f1-9935-eeee0a9a8a76.OPERATION#flowable-async-job-executor-thread-1491#
[PrepareModulesDeploymentStep] Executing task "prepareModulesDeploymentTask" of process "469a7d1c-62b8-11f1-9935-eeee0a9a8a76"...#
#2026 06 07 21:31:42.425#Z#DEBUG#45480c39-62b8-11f1-9935-eeee0a9a8a76.OPERATION#flowable-async-job-executor-thread-1491#
[PrepareModulesDeploymentStep] Preparing modules deployment...#
#2026 06 07 21:31:42.430#Z#DEBUG#45480c39-62b8-11f1-9935-eeee0a9a8a76.OPERATION#flowable-async-job-executor-thread-1491#
Step "Prepare Modules Deployment" finished#
#2026 06 07 21:31:42.487#Z#DEBUG#45480c39-62b8-11f1-9935-eeee0a9a8a76.OPERATION#flowable-async-job-executor-thread-1491#
[ComputeNextModulesStep] Executing task "computeNextModulesToDeployInParallel" of process "469a7d1c-62b8-11f1-9935-eeee0a9a8a76"...#
#2026 06 07 21:31:42.488#Z#DEBUG#45480c39-62b8-11f1-9935-eeee0a9a8a76.OPERATION#flowable-async-job-executor-thread-1491#
[ComputeNextModulesStep] Computing modules for next parallel iteration...#
#2026 06 07 21:31:42.490#Z#DEBUG#45480c39-62b8-11f1-9935-eeee0a9a8a76.OPERATION#flowable-async-job-executor-thread-1491#
[ComputeNextModulesStep] Completed modules detected: []#
#2026 06 07 21:31:42.490#Z#DEBUG#45480c39-62b8-11f1-9935-eeee0a9a8a76.OPERATION#flowable-async-job-executor-thread-1491#
[ComputeNextModulesStep] All modules for deploy detected: [approval-inbox-srv, approval-inbox-db-deployer]#
#2026 06 07 21:31:42.490#Z#DEBUG#45480c39-62b8-11f1-9935-eeee0a9a8a76.OPERATION#flowable-async-job-executor-thread-1491#
[ComputeNextModulesStep] Modules not for deploy detected: []#
#2026 06 07 21:31:42.491#Z#DEBUG#45480c39-62b8-11f1-9935-eeee0a9a8a76.OPERATION#flowable-async-job-executor-thread-1491#
[ComputeNextModulesStep] Computed modules for next parallel iteration: [ {
  "majorSchemaVersion" : 3,
  "name" : "approval-inbox-srv",
  "type" : "javascript.nodejs",
  "path" : "approval-inbox-srv",
  "properties" : { },
  "parameters" : {
    "app-name" : "approval-inbox-srv",
    "buildpack" : "nodejs_buildpack",
    "default-app-name" : "approval-inbox-srv",
    "default-host" : "733d95cctrial-dev-approval-inbox-srv",
    "default-instances" : 1,
    "default-live-app-name" : "approval-inbox-srv",
    "default-live-domain" : "cfapps.ap21.hana.ondemand.com",
    "default-live-host" : "733d95cctrial-dev-approval-inbox-srv",
    "default-live-uri" : "733d95cctrial-dev-approval-inbox-srv.cfapps.ap21.hana.ondemand.com",
    "default-live-url" : "https://733d95cctrial-dev-approval-inbox-srv.cfapps.ap21.hana.ondemand.com",
    "default-uri" : "733d95cctrial-dev-approval-inbox-srv.cfapps.ap21.hana.ondemand.com",
    "default-url" : "https://733d95cctrial-dev-approval-inbox-srv.cfapps.ap21.hana.ondemand.com",
    "dependency-type" : "soft",
    "disk-quota" : "512M",
    "domain" : "cfapps.ap21.hana.ondemand.com",
    "generated-password" : "********",
    "generated-user" : "********",
    "host" : "733d95cctrial-dev-approval-inbox-srv",
    "instances" : 1,
    "memory" : "256M",
    "protocol" : "https",
    "routes" : [ {
      "route" : "approval-inbox-srv.cfapps.ap21.hana.ondemand.com"
    } ]
  },
  "requiredDependencies" : [ {
    "majorSchemaVersion" : 3,
    "name" : "zsale-db",
    "properties" : { },
    "parameters" : { },
    "propertiesMetadata" : {
      "metadata" : { }
    },
    "parametersMetadata" : {
      "metadata" : { }
    }
  } ],
  "providedDependencies" : [ {
    "majorSchemaVersion" : 3,
    "name" : "srv-api",
    "isPublic" : false,
    "properties" : {
      "srv-url" : "https://733d95cctrial-dev-approval-inbox-srv.cfapps.ap21.hana.ondemand.com"
    },
    "parameters" : { },
    "propertiesMetadata" : {
      "metadata" : { }
    },
    "parametersMetadata" : {
      "metadata" : { }
    }
  }, {
    "majorSchemaVersion" : 3,
    "name" : "approval-inbox-srv",
    "isPublic" : false,
    "properties" : { },
    "parameters" : { },
    "propertiesMetadata" : {
      "metadata" : { }
    },
    "parametersMetadata" : {
      "metadata" : { }
    }
  } ],
  "propertiesMetadata" : {
    "metadata" : { }
  },
  "parametersMetadata" : {
    "metadata" : { }
  },
  "deployedAfter" : [ ],
  "hooks" : [ ]
}, {
  "majorSchemaVersion" : 3,
  "name" : "approval-inbox-db-deployer",
  "type" : "com.sap.xs.hdi",
  "path" : "approval-inbox-db-deployer",
  "properties" : {
    "EXIT" : 1
  },
  "parameters" : {
    "app-name" : "approval-inbox-db-deployer",
    "buildpack" : "nodejs_buildpack",
    "default-app-name" : "approval-inbox-db-deployer",
    "default-host" : "733d95cctrial-dev-approval-inbox-db-deployer",
    "default-instances" : 1,
    "default-live-app-name" : "approval-inbox-db-deployer",
    "default-live-domain" : "cfapps.ap21.hana.ondemand.com",
    "default-live-host" : "733d95cctrial-dev-approval-inbox-db-deployer",
    "default-live-uri" : "733d95cctrial-dev-approval-inbox-db-deployer.cfapps.ap21.hana.ondemand.com",
    "default-live-url" : "https://733d95cctrial-dev-approval-inbox-db-deployer.cfapps.ap21.hana.ondemand.com",
    "default-uri" : "733d95cctrial-dev-approval-inbox-db-deployer.cfapps.ap21.hana.ondemand.com",
    "default-url" : "https://733d95cctrial-dev-approval-inbox-db-deployer.cfapps.ap21.hana.ondemand.com",
    "dependency-type" : "hard",
    "disk-quota" : "512M",
    "domain" : "cfapps.ap21.hana.ondemand.com",
    "generated-password" : "********",
    "generated-user" : "********",
    "host" : "733d95cctrial-dev-approval-inbox-db-deployer",
    "instances" : 1,
    "memory" : "256M",
    "no-route" : true,
    "no-start" : true,
    "protocol" : "https",
    "tasks" : [ {
      "command" : "npm start",
      "memory" : "256M",
      "name" : "deploy"
    } ]
  },
  "requiredDependencies" : [ {
    "majorSchemaVersion" : 3,
    "name" : "zsale-db",
    "properties" : { },
    "parameters" : { },
    "propertiesMetadata" : {
      "metadata" : { }
    },
    "parametersMetadata" : {
      "metadata" : { }
    }
  } ],
  "providedDependencies" : [ {
    "majorSchemaVersion" : 3,
    "name" : "approval-inbox-db-deployer",
    "isPublic" : false,
    "properties" : { },
    "parameters" : { },
    "propertiesMetadata" : {
      "metadata" : { }
    },
    "parametersMetadata" : {
      "metadata" : { }
    }
  } ],
  "propertiesMetadata" : {
    "metadata" : { }
  },
  "parametersMetadata" : {
    "metadata" : { }
  },
  "deployedAfter" : [ ],
  "hooks" : [ ]
} ]#
#2026 06 07 21:31:42.491#Z#DEBUG#45480c39-62b8-11f1-9935-eeee0a9a8a76.OPERATION#flowable-async-job-executor-thread-1491#
Step "Compute Next Modules To Deploy" finished#
#2026 06 07 21:31:42.706#Z#DEBUG#45480c39-62b8-11f1-9935-eeee0a9a8a76.OPERATION#flowable-async-job-executor-thread-1485#
[ProcessDescriptorStep] Executing task "reprocessDescriptorTask" of process "46c2c558-62b8-11f1-9935-eeee0a9a8a76"...#
#2026 06 07 21:31:42.707#Z#DEBUG#45480c39-62b8-11f1-9935-eeee0a9a8a76.OPERATION#flowable-async-job-executor-thread-1485#
[ProcessDescriptorStep] Resolving properties and parameters in merged descriptor...#
#2026 06 07 21:31:42.712#Z#DEBUG#45480c39-62b8-11f1-9935-eeee0a9a8a76.OPERATION#flowable-async-job-executor-thread-1485#
[ProcessDescriptorStep] Subscriptions: [ ]#
#2026 06 07 21:31:42.719#Z#DEBUG#45480c39-62b8-11f1-9935-eeee0a9a8a76.OPERATION#flowable-async-job-executor-thread-1485#
[ProcessDescriptorStep] MTA modules: [approval-inbox-srv, approval-inbox-db-deployer]#
#2026 06 07 21:31:42.722#Z#DEBUG#45480c39-62b8-11f1-9935-eeee0a9a8a76.OPERATION#flowable-async-job-executor-thread-1485#
[ProcessDescriptorStep] Resolved deployment descriptor: {
  "majorSchemaVersion" : 3,
  "schemaVersion" : "3.3.0",
  "id" : "approval-inbox",
  "version" : "1.0.0",
  "modules" : [ {
    "majorSchemaVersion" : 3,
    "name" : "approval-inbox-srv",
    "type" : "javascript.nodejs",
    "path" : "approval-inbox-srv",
    "properties" : { },
    "parameters" : {
      "default-url" : "https://733d95cctrial-dev-approval-inbox-srv.cfapps.ap21.hana.ondemand.com",
      "default-app-name" : "approval-inbox-srv",
      "generated-password" : "********",
      "default-live-url" : "https://733d95cctrial-dev-approval-inbox-srv.cfapps.ap21.hana.ondemand.com",
      "default-uri" : "733d95cctrial-dev-approval-inbox-srv.cfapps.ap21.hana.ondemand.com",
      "memory" : "256M",
      "default-instances" : 1,
      "default-live-host" : "733d95cctrial-dev-approval-inbox-srv",
      "instances" : 1,
      "buildpack" : "nodejs_buildpack",
      "default-host" : "733d95cctrial-dev-approval-inbox-srv",
      "app-name" : "approval-inbox-srv",
      "default-live-uri" : "733d95cctrial-dev-approval-inbox-srv.cfapps.ap21.hana.ondemand.com",
      "routes" : [ {
        "route" : "approval-inbox-srv.cfapps.ap21.hana.ondemand.com"
      } ],
      "protocol" : "https",
      "default-live-app-name" : "approval-inbox-srv",
      "default-live-domain" : "cfapps.ap21.hana.ondemand.com",
      "disk-quota" : "512M",
      "domain" : "cfapps.ap21.hana.ondemand.com",
      "host" : "733d95cctrial-dev-approval-inbox-srv",
      "generated-user" : "********"
    },
    "requiredDependencies" : [ {
      "majorSchemaVersion" : 3,
      "name" : "zsale-db",
      "properties" : { },
      "parameters" : { },
      "propertiesMetadata" : {
        "metadata" : { }
      },
      "parametersMetadata" : {
        "metadata" : { }
      }
    } ],
    "providedDependencies" : [ {
      "majorSchemaVersion" : 3,
      "name" : "srv-api",
      "isPublic" : false,
      "properties" : {
        "srv-url" : "https://733d95cctrial-dev-approval-inbox-srv.cfapps.ap21.hana.ondemand.com"
      },
      "parameters" : { },
      "propertiesMetadata" : {
        "metadata" : { }
      },
      "parametersMetadata" : {
        "metadata" : { }
      }
    }, {
      "majorSchemaVersion" : 3,
      "name" : "approval-inbox-srv",
      "isPublic" : false,
      "properties" : { },
      "parameters" : { },
      "propertiesMetadata" : {
        "metadata" : { }
      },
      "parametersMetadata" : {
        "metadata" : { }
      }
    } ],
    "propertiesMetadata" : {
      "metadata" : { }
    },
    "parametersMetadata" : {
      "metadata" : { }
    },
    "hooks" : [ ]
  }, {
    "majorSchemaVersion" : 3,
    "name" : "approval-inbox-db-deployer",
    "type" : "com.sap.xs.hdi",
    "path" : "approval-inbox-db-deployer",
    "properties" : {
      "EXIT" : 1
    },
    "parameters" : {
      "default-url" : "https://733d95cctrial-dev-approval-inbox-db-deployer.cfapps.ap21.hana.ondemand.com",
      "default-app-name" : "approval-inbox-db-deployer",
      "generated-password" : "********",
      "default-live-url" : "https://733d95cctrial-dev-approval-inbox-db-deployer.cfapps.ap21.hana.ondemand.com",
      "default-uri" : "733d95cctrial-dev-approval-inbox-db-deployer.cfapps.ap21.hana.ondemand.com",
      "memory" : "256M",
      "default-instances" : 1,
      "no-route" : true,
      "default-live-host" : "733d95cctrial-dev-approval-inbox-db-deployer",
      "instances" : 1,
      "buildpack" : "nodejs_buildpack",
      "default-host" : "733d95cctrial-dev-approval-inbox-db-deployer",
      "app-name" : "approval-inbox-db-deployer",
      "default-live-uri" : "733d95cctrial-dev-approval-inbox-db-deployer.cfapps.ap21.hana.ondemand.com",
      "protocol" : "https",
      "default-live-app-name" : "approval-inbox-db-deployer",
      "default-live-domain" : "cfapps.ap21.hana.ondemand.com",
      "disk-quota" : "512M",
      "dependency-type" : "hard",
      "domain" : "cfapps.ap21.hana.ondemand.com",
      "host" : "733d95cctrial-dev-approval-inbox-db-deployer",
      "generated-user" : "********",
      "tasks" : [ {
        "command" : "npm start",
        "memory" : "256M",
        "name" : "deploy"
      } ],
      "no-start" : true
    },
    "requiredDependencies" : [ {
      "majorSchemaVersion" : 3,
      "name" : "zsale-db",
      "properties" : { },
      "parameters" : { },
      "propertiesMetadata" : {
        "metadata" : { }
      },
      "parametersMetadata" : {
        "metadata" : { }
      }
    } ],
    "providedDependencies" : [ {
      "majorSchemaVersion" : 3,
      "name" : "approval-inbox-db-deployer",
      "isPublic" : false,
      "properties" : { },
      "parameters" : { },
      "propertiesMetadata" : {
        "metadata" : { }
      },
      "parametersMetadata" : {
        "metadata" : { }
      }
    } ],
    "propertiesMetadata" : {
      "metadata" : { }
    },
    "parametersMetadata" : {
      "metadata" : { }
    },
    "hooks" : [ ]
  } ],
  "resources" : [ {
    "majorSchemaVersion" : 3,
    "name" : "zsale-db",
    "type" : "org.cloudfoundry.existing-service",
    "properties" : { },
    "parameters" : {
      "generated-password" : "********",
      "service-name" : "zsale-db",
      "generated-user" : "********",
      "default-xsappname" : "zsale-db",
      "type" : "existing-service",
      "default-service-name" : "zsale-db",
      "default-container-name" : "733D95CCTRIAL_DEV_ZSALE_DB"
    },
    "isActive" : true,
    "isOptional" : false,
    "propertiesMetadata" : {
      "metadata" : { }
    },
    "parametersMetadata" : {
      "metadata" : { }
    },
    "requiredDependencies" : [ ],
    "processedAfter" : [ ]
  } ],
  "parameters" : {
    "mta-id" : "approval-inbox",
    "authorization-url" : "********",
    "org-guid" : "03e6d9f5-da3e-4e73-9964-9ceb8bc4c62a",
    "org" : "733d95cctrial",
    "deploy-target" : "733d95cctrial dev",
    "enable-parallel-deployments" : true,
    "region-primary-domain" : "ap21.hana.ondemand.com",
    "space" : "dev",
    "region-domain" : "ap21.hana.ondemand.com",
    "xs-api-url" : "https://api.cf.ap21.hana.ondemand.com",
    "deploy-url" : "deploy-service.cfapps.ap21.hana.ondemand.com",
    "xs-type" : "CF",
    "default-domain" : "cfapps.ap21.hana.ondemand.com",
    "mta-version" : "1.0.0",
    "xs-auth-url" : "********",
    "space-guid" : "866e022a-f99a-4e70-b297-343c39329964",
    "user" : "********",
    "controller-url" : "https://api.cf.ap21.hana.ondemand.com",
    "timestamp" : "20260607213140"
  },
  "parametersMetadata" : {
    "metadata" : { }
  }
}#
#2026 06 07 21:31:42.722#Z#DEBUG#45480c39-62b8-11f1-9935-eeee0a9a8a76.OPERATION#flowable-async-job-executor-thread-1485#
[ProcessDescriptorStep] Merged descriptor properties and parameters resolved#
#2026 06 07 21:31:42.722#Z#DEBUG#45480c39-62b8-11f1-9935-eeee0a9a8a76.OPERATION#flowable-async-job-executor-thread-1485#
Step "Re-Process Descriptor Step" finished#
#2026 06 07 21:31:42.765#Z#DEBUG#45480c39-62b8-11f1-9935-eeee0a9a8a76.OPERATION#flowable-async-job-executor-thread-1485#
[BuildApplicationDeployModelStep] Executing task "buildApplicationDeployModelTask" of process "46c2c558-62b8-11f1-9935-eeee0a9a8a76"...#
#2026 06 07 21:31:42.768#Z#DEBUG#45480c39-62b8-11f1-9935-eeee0a9a8a76.OPERATION#flowable-async-job-executor-thread-1485#
[BuildApplicationDeployModelStep] Building cloud deployment model for application "approval-inbox-db-deployer"...#
#2026 06 07 21:31:42.774#Z#DEBUG#45480c39-62b8-11f1-9935-eeee0a9a8a76.OPERATION#flowable-async-job-executor-thread-1485#
[BuildApplicationDeployModelStep] No health-check-type is specified. Setting default type: port#
#2026 06 07 21:31:42.780#Z#INFO#45480c39-62b8-11f1-9935-eeee0a9a8a76.OPERATION#flowable-async-job-executor-thread-1485#
[BuildApplicationDeployModelStep] Building configuration entries for org 733d95cctrial, space dev, spaceId 866e022a-f99a-4e70-b297-343c39329964 and namespace null!#
#2026 06 07 21:31:42.782#Z#DEBUG#45480c39-62b8-11f1-9935-eeee0a9a8a76.OPERATION#flowable-async-job-executor-thread-1485#
[BuildApplicationDeployModelStep] Configuration entries to publish: [ ]#
#2026 06 07 21:31:42.782#Z#DEBUG#45480c39-62b8-11f1-9935-eeee0a9a8a76.OPERATION#flowable-async-job-executor-thread-1485#
[BuildApplicationDeployModelStep] Cloud deployment model for application built#
#2026 06 07 21:31:42.782#Z#DEBUG#45480c39-62b8-11f1-9935-eeee0a9a8a76.OPERATION#flowable-async-job-executor-thread-1485#
Step "Build Application Deploy Model" finished#
#2026 06 07 21:31:42.844#Z#DEBUG#45480c39-62b8-11f1-9935-eeee0a9a8a76.OPERATION#flowable-async-job-executor-thread-1489#
[CreateOrUpdateAppStep] Executing task "createAppTask" of process "46c2c558-62b8-11f1-9935-eeee0a9a8a76"...#
#2026 06 07 21:31:42.846#Z#DEBUG#45480c39-62b8-11f1-9935-eeee0a9a8a76.OPERATION#flowable-async-job-executor-thread-1489#
[CreateOrUpdateAppStep] Getting application "approval-inbox-db-deployer"...#
#2026 06 07 21:31:42.876#Z#INFO#45480c39-62b8-11f1-9935-eeee0a9a8a76.OPERATION#flowable-async-job-executor-thread-1489#
[CreateOrUpdateAppStep] Creating application "approval-inbox-db-deployer" from MTA module "approval-inbox-db-deployer"...#
#2026 06 07 21:31:42.888#Z#DEBUG#45480c39-62b8-11f1-9935-eeee0a9a8a76.OPERATION#flowable-async-job-executor-thread-1489#
[CreateOrUpdateAppStep] Creating application "approval-inbox-db-deployer" with disk "512" memory "256", URIs "" and staging: "{
  "buildpacks" : [ "nodejs_buildpack" ],
  "healthCheckType" : "port",
  "appFeatures" : { }
}"#
#2026 06 07 21:31:43.225#Z#DEBUG#45480c39-62b8-11f1-9935-eeee0a9a8a76.OPERATION#flowable-async-job-executor-thread-1489#
[CreateOrUpdateAppStep] Application "approval-inbox-db-deployer" created#
#2026 06 07 21:31:43.225#Z#DEBUG#45480c39-62b8-11f1-9935-eeee0a9a8a76.OPERATION#flowable-async-job-executor-thread-1489#
Step "Create App" finished#
#2026 06 07 21:31:43.350#Z#DEBUG#45480c39-62b8-11f1-9935-eeee0a9a8a76.OPERATION#flowable-async-job-executor-thread-1489#
[CheckServiceBindingOperationStep] Executing task "checkForServiceBindingOperationInProgress" of process "472f4316-62b8-11f1-9935-eeee0a9a8a76"...#
#2026 06 07 21:31:43.350#Z#DEBUG#45480c39-62b8-11f1-9935-eeee0a9a8a76.OPERATION#flowable-async-job-executor-thread-1489#
[CheckServiceBindingOperationStep] Checking for service binding operation in progress between app "approval-inbox-db-deployer" and service instance "zsale-db"#
#2026 06 07 21:31:43.351#Z#DEBUG#45480c39-62b8-11f1-9935-eeee0a9a8a76.OPERATION#flowable-async-job-executor-thread-1489#
[CheckServiceBindingOperationStep] Getting application guid "approval-inbox-db-deployer"...#
#2026 06 07 21:31:43.389#Z#DEBUG#45480c39-62b8-11f1-9935-eeee0a9a8a76.OPERATION#flowable-async-job-executor-thread-1489#
[CheckServiceBindingOperationStep] Getting GUID of required service instance "zsale-db"...#
#2026 06 07 21:31:43.438#Z#DEBUG#45480c39-62b8-11f1-9935-eeee0a9a8a76.OPERATION#flowable-async-job-executor-thread-1489#
[CheckServiceBindingOperationStep] Getting binding of service instance "6654ba71-9f84-488a-8877-8625376d915e" with application "6eef0946-771d-497a-857e-87dd2c5623e4"...#
#2026 06 07 21:31:43.459#Z#DEBUG#45480c39-62b8-11f1-9935-eeee0a9a8a76.OPERATION#flowable-async-job-executor-thread-1489#
Step "Check For Service Binding Operation In Progress" finished#
#2026 06 07 21:31:43.505#Z#DEBUG#45480c39-62b8-11f1-9935-eeee0a9a8a76.OPERATION#flowable-async-job-executor-thread-1489#
[DetermineApplicationServiceBindingActionsStep] Executing task "determineApplicationServiceBindingActionsTask" of process "472f4316-62b8-11f1-9935-eeee0a9a8a76"...#
#2026 06 07 21:31:43.507#Z#DEBUG#45480c39-62b8-11f1-9935-eeee0a9a8a76.OPERATION#flowable-async-job-executor-thread-1489#
[DetermineApplicationServiceBindingActionsStep] Determine bind/unbind operations of application "approval-inbox-db-deployer" to service instance "zsale-db"#
#2026 06 07 21:31:43.507#Z#DEBUG#45480c39-62b8-11f1-9935-eeee0a9a8a76.OPERATION#flowable-async-job-executor-thread-1489#
[DetermineApplicationServiceBindingActionsStep] Getting application "approval-inbox-db-deployer"...#
#2026 06 07 21:31:43.543#Z#DEBUG#45480c39-62b8-11f1-9935-eeee0a9a8a76.OPERATION#flowable-async-job-executor-thread-1489#
[DetermineApplicationServiceBindingActionsStep] Binding parameters for application "approval-inbox-db-deployer": { }#
#2026 06 07 21:31:43.569#Z#DEBUG#45480c39-62b8-11f1-9935-eeee0a9a8a76.OPERATION#flowable-async-job-executor-thread-1489#
[DetermineApplicationServiceBindingActionsStep] Calculated binding operations between application "approval-inbox-db-deployer" and service instance "zsale-db": unbind - false bind - true#
#2026 06 07 21:31:43.569#Z#DEBUG#45480c39-62b8-11f1-9935-eeee0a9a8a76.OPERATION#flowable-async-job-executor-thread-1489#
Step "Determine Application Service Binding Actions" finished#
#2026 06 07 21:31:43.619#Z#DEBUG#45480c39-62b8-11f1-9935-eeee0a9a8a76.OPERATION#flowable-async-job-executor-thread-1489#
[BindServiceToApplicationStep] Executing task "bindServiceToApplicationTask" of process "472f4316-62b8-11f1-9935-eeee0a9a8a76"...#
#2026 06 07 21:31:43.622#Z#INFO#45480c39-62b8-11f1-9935-eeee0a9a8a76.OPERATION#flowable-async-job-executor-thread-1489#
[BindServiceToApplicationStep] Binding service instance "zsale-db" to application "approval-inbox-db-deployer"...#
#2026 06 07 21:31:43.632#Z#DEBUG#45480c39-62b8-11f1-9935-eeee0a9a8a76.OPERATION#flowable-async-job-executor-thread-1489#
[BindServiceToApplicationStep] Binding service instance "zsale-db" to application "approval-inbox-db-deployer" with parameters: { }#
#2026 06 07 21:31:43.768#Z#DEBUG#45480c39-62b8-11f1-9935-eeee0a9a8a76.OPERATION#flowable-async-job-executor-thread-1489#
Step "Bind Service to Application" finished#
#2026 06 07 21:31:44.469#Z#DEBUG#45480c39-62b8-11f1-9935-eeee0a9a8a76.OPERATION#flowable-async-job-executor-thread-1076#
[ProcessDescriptorStep] Executing task "reprocessDescriptorTask" of process "47ce8fdf-62b8-11f1-8096-eeee0a85dc3c"...#
#2026 06 07 21:31:44.471#Z#DEBUG#45480c39-62b8-11f1-9935-eeee0a9a8a76.OPERATION#flowable-async-job-executor-thread-1076#
[ProcessDescriptorStep] Resolving properties and parameters in merged descriptor...#
#2026 06 07 21:31:44.478#Z#DEBUG#45480c39-62b8-11f1-9935-eeee0a9a8a76.OPERATION#flowable-async-job-executor-thread-1076#
[ProcessDescriptorStep] Subscriptions: [ ]#
#2026 06 07 21:31:44.490#Z#DEBUG#45480c39-62b8-11f1-9935-eeee0a9a8a76.OPERATION#flowable-async-job-executor-thread-1076#
[ProcessDescriptorStep] MTA modules: [approval-inbox-srv, approval-inbox-db-deployer]#
#2026 06 07 21:31:44.508#Z#DEBUG#45480c39-62b8-11f1-9935-eeee0a9a8a76.OPERATION#flowable-async-job-executor-thread-1076#
[ProcessDescriptorStep] Resolved deployment descriptor: {
  "majorSchemaVersion" : 3,
  "schemaVersion" : "3.3.0",
  "id" : "approval-inbox",
  "version" : "1.0.0",
  "modules" : [ {
    "majorSchemaVersion" : 3,
    "name" : "approval-inbox-srv",
    "type" : "javascript.nodejs",
    "path" : "approval-inbox-srv",
    "properties" : { },
    "parameters" : {
      "default-url" : "https://733d95cctrial-dev-approval-inbox-srv.cfapps.ap21.hana.ondemand.com",
      "default-app-name" : "approval-inbox-srv",
      "generated-password" : "********",
      "default-live-url" : "https://733d95cctrial-dev-approval-inbox-srv.cfapps.ap21.hana.ondemand.com",
      "default-uri" : "733d95cctrial-dev-approval-inbox-srv.cfapps.ap21.hana.ondemand.com",
      "memory" : "256M",
      "default-instances" : 1,
      "default-live-host" : "733d95cctrial-dev-approval-inbox-srv",
      "instances" : 1,
      "buildpack" : "nodejs_buildpack",
      "default-host" : "733d95cctrial-dev-approval-inbox-srv",
      "app-name" : "approval-inbox-srv",
      "default-live-uri" : "733d95cctrial-dev-approval-inbox-srv.cfapps.ap21.hana.ondemand.com",
      "routes" : [ {
        "route" : "approval-inbox-srv.cfapps.ap21.hana.ondemand.com"
      } ],
      "protocol" : "https",
      "default-live-app-name" : "approval-inbox-srv",
      "default-live-domain" : "cfapps.ap21.hana.ondemand.com",
      "disk-quota" : "512M",
      "domain" : "cfapps.ap21.hana.ondemand.com",
      "host" : "733d95cctrial-dev-approval-inbox-srv",
      "generated-user" : "********"
    },
    "requiredDependencies" : [ {
      "majorSchemaVersion" : 3,
      "name" : "zsale-db",
      "properties" : { },
      "parameters" : { },
      "propertiesMetadata" : {
        "metadata" : { }
      },
      "parametersMetadata" : {
        "metadata" : { }
      }
    } ],
    "providedDependencies" : [ {
      "majorSchemaVersion" : 3,
      "name" : "srv-api",
      "isPublic" : false,
      "properties" : {
        "srv-url" : "https://733d95cctrial-dev-approval-inbox-srv.cfapps.ap21.hana.ondemand.com"
      },
      "parameters" : { },
      "propertiesMetadata" : {
        "metadata" : { }
      },
      "parametersMetadata" : {
        "metadata" : { }
      }
    }, {
      "majorSchemaVersion" : 3,
      "name" : "approval-inbox-srv",
      "isPublic" : false,
      "properties" : { },
      "parameters" : { },
      "propertiesMetadata" : {
        "metadata" : { }
      },
      "parametersMetadata" : {
        "metadata" : { }
      }
    } ],
    "propertiesMetadata" : {
      "metadata" : { }
    },
    "parametersMetadata" : {
      "metadata" : { }
    },
    "hooks" : [ ]
  }, {
    "majorSchemaVersion" : 3,
    "name" : "approval-inbox-db-deployer",
    "type" : "com.sap.xs.hdi",
    "path" : "approval-inbox-db-deployer",
    "properties" : {
      "EXIT" : 1
    },
    "parameters" : {
      "default-url" : "https://733d95cctrial-dev-approval-inbox-db-deployer.cfapps.ap21.hana.ondemand.com",
      "default-app-name" : "approval-inbox-db-deployer",
      "generated-password" : "********",
      "default-live-url" : "https://733d95cctrial-dev-approval-inbox-db-deployer.cfapps.ap21.hana.ondemand.com",
      "default-uri" : "733d95cctrial-dev-approval-inbox-db-deployer.cfapps.ap21.hana.ondemand.com",
      "memory" : "256M",
      "default-instances" : 1,
      "no-route" : true,
      "default-live-host" : "733d95cctrial-dev-approval-inbox-db-deployer",
      "instances" : 1,
      "buildpack" : "nodejs_buildpack",
      "default-host" : "733d95cctrial-dev-approval-inbox-db-deployer",
      "app-name" : "approval-inbox-db-deployer",
      "default-live-uri" : "733d95cctrial-dev-approval-inbox-db-deployer.cfapps.ap21.hana.ondemand.com",
      "protocol" : "https",
      "default-live-app-name" : "approval-inbox-db-deployer",
      "default-live-domain" : "cfapps.ap21.hana.ondemand.com",
      "disk-quota" : "512M",
      "dependency-type" : "hard",
      "domain" : "cfapps.ap21.hana.ondemand.com",
      "host" : "733d95cctrial-dev-approval-inbox-db-deployer",
      "generated-user" : "********",
      "tasks" : [ {
        "command" : "npm start",
        "memory" : "256M",
        "name" : "deploy"
      } ],
      "no-start" : true
    },
    "requiredDependencies" : [ {
      "majorSchemaVersion" : 3,
      "name" : "zsale-db",
      "properties" : { },
      "parameters" : { },
      "propertiesMetadata" : {
        "metadata" : { }
      },
      "parametersMetadata" : {
        "metadata" : { }
      }
    } ],
    "providedDependencies" : [ {
      "majorSchemaVersion" : 3,
      "name" : "approval-inbox-db-deployer",
      "isPublic" : false,
      "properties" : { },
      "parameters" : { },
      "propertiesMetadata" : {
        "metadata" : { }
      },
      "parametersMetadata" : {
        "metadata" : { }
      }
    } ],
    "propertiesMetadata" : {
      "metadata" : { }
    },
    "parametersMetadata" : {
      "metadata" : { }
    },
    "hooks" : [ ]
  } ],
  "resources" : [ {
    "majorSchemaVersion" : 3,
    "name" : "zsale-db",
    "type" : "org.cloudfoundry.existing-service",
    "properties" : { },
    "parameters" : {
      "generated-password" : "********",
      "service-name" : "zsale-db",
      "generated-user" : "********",
      "default-xsappname" : "zsale-db",
      "type" : "existing-service",
      "default-service-name" : "zsale-db",
      "default-container-name" : "733D95CCTRIAL_DEV_ZSALE_DB"
    },
    "isActive" : true,
    "isOptional" : false,
    "propertiesMetadata" : {
      "metadata" : { }
    },
    "parametersMetadata" : {
      "metadata" : { }
    },
    "requiredDependencies" : [ ],
    "processedAfter" : [ ]
  } ],
  "parameters" : {
    "mta-id" : "approval-inbox",
    "authorization-url" : "********",
    "org-guid" : "03e6d9f5-da3e-4e73-9964-9ceb8bc4c62a",
    "org" : "733d95cctrial",
    "deploy-target" : "733d95cctrial dev",
    "enable-parallel-deployments" : true,
    "region-primary-domain" : "ap21.hana.ondemand.com",
    "space" : "dev",
    "region-domain" : "ap21.hana.ondemand.com",
    "xs-api-url" : "https://api.cf.ap21.hana.ondemand.com",
    "deploy-url" : "deploy-service.cfapps.ap21.hana.ondemand.com",
    "xs-type" : "CF",
    "default-domain" : "cfapps.ap21.hana.ondemand.com",
    "mta-version" : "1.0.0",
    "xs-auth-url" : "********",
    "space-guid" : "866e022a-f99a-4e70-b297-343c39329964",
    "user" : "********",
    "controller-url" : "https://api.cf.ap21.hana.ondemand.com",
    "timestamp" : "20260607213140"
  },
  "parametersMetadata" : {
    "metadata" : { }
  }
}#
#2026 06 07 21:31:44.508#Z#DEBUG#45480c39-62b8-11f1-9935-eeee0a9a8a76.OPERATION#flowable-async-job-executor-thread-1076#
[ProcessDescriptorStep] Merged descriptor properties and parameters resolved#
#2026 06 07 21:31:44.508#Z#DEBUG#45480c39-62b8-11f1-9935-eeee0a9a8a76.OPERATION#flowable-async-job-executor-thread-1076#
Step "Re-Process Descriptor Step" finished#
#2026 06 07 21:31:44.566#Z#DEBUG#45480c39-62b8-11f1-9935-eeee0a9a8a76.OPERATION#flowable-async-job-executor-thread-1077#
[BuildApplicationDeployModelStep] Executing task "buildApplicationDeployModelTask" of process "47ce8fdf-62b8-11f1-8096-eeee0a85dc3c"...#
#2026 06 07 21:31:44.570#Z#DEBUG#45480c39-62b8-11f1-9935-eeee0a9a8a76.OPERATION#flowable-async-job-executor-thread-1077#
[BuildApplicationDeployModelStep] Building cloud deployment model for application "approval-inbox-srv"...#
#2026 06 07 21:31:44.577#Z#DEBUG#45480c39-62b8-11f1-9935-eeee0a9a8a76.OPERATION#flowable-async-job-executor-thread-1077#
[BuildApplicationDeployModelStep] No health-check-type is specified. Setting default type: port#
#2026 06 07 21:31:44.577#Z#INFO#45480c39-62b8-11f1-9935-eeee0a9a8a76.OPERATION#flowable-async-job-executor-thread-1077#
[BuildApplicationDeployModelStep] Building configuration entries for org 733d95cctrial, space dev, spaceId 866e022a-f99a-4e70-b297-343c39329964 and namespace null!#
#2026 06 07 21:31:44.579#Z#DEBUG#45480c39-62b8-11f1-9935-eeee0a9a8a76.OPERATION#flowable-async-job-executor-thread-1077#
[BuildApplicationDeployModelStep] Configuration entries to publish: [ ]#
#2026 06 07 21:31:44.579#Z#DEBUG#45480c39-62b8-11f1-9935-eeee0a9a8a76.OPERATION#flowable-async-job-executor-thread-1077#
[BuildApplicationDeployModelStep] Cloud deployment model for application built#
#2026 06 07 21:31:44.579#Z#DEBUG#45480c39-62b8-11f1-9935-eeee0a9a8a76.OPERATION#flowable-async-job-executor-thread-1077#
Step "Build Application Deploy Model" finished#
#2026 06 07 21:31:44.646#Z#DEBUG#45480c39-62b8-11f1-9935-eeee0a9a8a76.OPERATION#flowable-async-job-executor-thread-1078#
[CreateOrUpdateAppStep] Executing task "createAppTask" of process "47ce8fdf-62b8-11f1-8096-eeee0a85dc3c"...#
#2026 06 07 21:31:44.649#Z#DEBUG#45480c39-62b8-11f1-9935-eeee0a9a8a76.OPERATION#flowable-async-job-executor-thread-1078#
[CreateOrUpdateAppStep] Getting application "approval-inbox-srv"...#
#2026 06 07 21:31:44.683#Z#INFO#45480c39-62b8-11f1-9935-eeee0a9a8a76.OPERATION#flowable-async-job-executor-thread-1078#
[CreateOrUpdateAppStep] Creating application "approval-inbox-srv" from MTA module "approval-inbox-srv"...#
#2026 06 07 21:31:44.698#Z#DEBUG#45480c39-62b8-11f1-9935-eeee0a9a8a76.OPERATION#flowable-async-job-executor-thread-1078#
[CreateOrUpdateAppStep] Creating application "approval-inbox-srv" with disk "512" memory "256", URIs "approval-inbox-srv.cfapps.ap21.hana.ondemand.com" and staging: "{
  "buildpacks" : [ "nodejs_buildpack" ],
  "healthCheckType" : "port",
  "appFeatures" : { }
}"#
#2026 06 07 21:31:45.231#Z#DEBUG#45480c39-62b8-11f1-9935-eeee0a9a8a76.OPERATION#flowable-async-job-executor-thread-1078#
[CreateOrUpdateAppStep] Application "approval-inbox-srv" created#
#2026 06 07 21:31:45.231#Z#DEBUG#45480c39-62b8-11f1-9935-eeee0a9a8a76.OPERATION#flowable-async-job-executor-thread-1078#
Step "Create App" finished#
#2026 06 07 21:31:45.390#Z#DEBUG#45480c39-62b8-11f1-9935-eeee0a9a8a76.OPERATION#flowable-async-job-executor-thread-1080#
[CheckServiceBindingOperationStep] Executing task "checkForServiceBindingOperationInProgress" of process "4862b9dd-62b8-11f1-8096-eeee0a85dc3c"...#
#2026 06 07 21:31:45.390#Z#DEBUG#45480c39-62b8-11f1-9935-eeee0a9a8a76.OPERATION#flowable-async-job-executor-thread-1080#
[CheckServiceBindingOperationStep] Checking for service binding operation in progress between app "approval-inbox-srv" and service instance "zsale-db"#
#2026 06 07 21:31:45.392#Z#DEBUG#45480c39-62b8-11f1-9935-eeee0a9a8a76.OPERATION#flowable-async-job-executor-thread-1080#
[CheckServiceBindingOperationStep] Getting application guid "approval-inbox-srv"...#
#2026 06 07 21:31:45.431#Z#DEBUG#45480c39-62b8-11f1-9935-eeee0a9a8a76.OPERATION#flowable-async-job-executor-thread-1080#
[CheckServiceBindingOperationStep] Getting GUID of required service instance "zsale-db"...#
#2026 06 07 21:31:45.473#Z#DEBUG#45480c39-62b8-11f1-9935-eeee0a9a8a76.OPERATION#flowable-async-job-executor-thread-1080#
[CheckServiceBindingOperationStep] Getting binding of service instance "6654ba71-9f84-488a-8877-8625376d915e" with application "37a43f7b-a5fe-4f9c-80a8-893c34eca6ba"...#
#2026 06 07 21:31:45.501#Z#DEBUG#45480c39-62b8-11f1-9935-eeee0a9a8a76.OPERATION#flowable-async-job-executor-thread-1080#
Step "Check For Service Binding Operation In Progress" finished#
#2026 06 07 21:31:45.549#Z#DEBUG#45480c39-62b8-11f1-9935-eeee0a9a8a76.OPERATION#flowable-async-job-executor-thread-1081#
[DetermineApplicationServiceBindingActionsStep] Executing task "determineApplicationServiceBindingActionsTask" of process "4862b9dd-62b8-11f1-8096-eeee0a85dc3c"...#
#2026 06 07 21:31:45.552#Z#DEBUG#45480c39-62b8-11f1-9935-eeee0a9a8a76.OPERATION#flowable-async-job-executor-thread-1081#
[DetermineApplicationServiceBindingActionsStep] Determine bind/unbind operations of application "approval-inbox-srv" to service instance "zsale-db"#
#2026 06 07 21:31:45.552#Z#DEBUG#45480c39-62b8-11f1-9935-eeee0a9a8a76.OPERATION#flowable-async-job-executor-thread-1081#
[DetermineApplicationServiceBindingActionsStep] Getting application "approval-inbox-srv"...#
#2026 06 07 21:31:45.593#Z#DEBUG#45480c39-62b8-11f1-9935-eeee0a9a8a76.OPERATION#flowable-async-job-executor-thread-1081#
[DetermineApplicationServiceBindingActionsStep] Binding parameters for application "approval-inbox-srv": { }#
#2026 06 07 21:31:45.636#Z#DEBUG#45480c39-62b8-11f1-9935-eeee0a9a8a76.OPERATION#flowable-async-job-executor-thread-1081#
[DetermineApplicationServiceBindingActionsStep] Calculated binding operations between application "approval-inbox-srv" and service instance "zsale-db": unbind - false bind - true#
#2026 06 07 21:31:45.636#Z#DEBUG#45480c39-62b8-11f1-9935-eeee0a9a8a76.OPERATION#flowable-async-job-executor-thread-1081#
Step "Determine Application Service Binding Actions" finished#
#2026 06 07 21:31:45.702#Z#DEBUG#45480c39-62b8-11f1-9935-eeee0a9a8a76.OPERATION#flowable-async-job-executor-thread-1082#
[BindServiceToApplicationStep] Executing task "bindServiceToApplicationTask" of process "4862b9dd-62b8-11f1-8096-eeee0a85dc3c"...#
#2026 06 07 21:31:45.704#Z#INFO#45480c39-62b8-11f1-9935-eeee0a9a8a76.OPERATION#flowable-async-job-executor-thread-1082#
[BindServiceToApplicationStep] Binding service instance "zsale-db" to application "approval-inbox-srv"...#
#2026 06 07 21:31:45.719#Z#DEBUG#45480c39-62b8-11f1-9935-eeee0a9a8a76.OPERATION#flowable-async-job-executor-thread-1082#
[BindServiceToApplicationStep] Binding service instance "zsale-db" to application "approval-inbox-srv" with parameters: { }#
#2026 06 07 21:31:45.870#Z#DEBUG#45480c39-62b8-11f1-9935-eeee0a9a8a76.OPERATION#flowable-async-job-executor-thread-1082#
Step "Bind Service to Application" finished#
#2026 06 07 21:31:49.175#Z#DEBUG#45480c39-62b8-11f1-9935-eeee0a9a8a76.OPERATION#flowable-async-job-executor-thread-5024#
[BindServiceToApplicationStep] Executing task "bindServiceToApplicationTask" of process "472f4316-62b8-11f1-9935-eeee0a9a8a76"...#
#2026 06 07 21:31:49.263#Z#DEBUG#45480c39-62b8-11f1-9935-eeee0a9a8a76.OPERATION#flowable-async-job-executor-thread-5024#
[BindServiceToApplicationStep] Getting async job "c0aa2c62-0877-4a1a-ae09-9e442e994001"#
#2026 06 07 21:31:49.316#Z#DEBUG#45480c39-62b8-11f1-9935-eeee0a9a8a76.OPERATION#flowable-async-job-executor-thread-5024#
[BindServiceToApplicationStep] Getting service instance "zsale-db"...#
#2026 06 07 21:31:49.426#Z#DEBUG#45480c39-62b8-11f1-9935-eeee0a9a8a76.OPERATION#flowable-async-job-executor-thread-5024#
[BindServiceToApplicationStep] Async operation of service binding "c0aa2c62-0877-4a1a-ae09-9e442e994001" is in state "POLLING" warnings ""#
#2026 06 07 21:31:49.426#Z#DEBUG#45480c39-62b8-11f1-9935-eeee0a9a8a76.OPERATION#flowable-async-job-executor-thread-5024#
Step "Bind Service to Application" finished#
#2026 06 07 21:31:59.198#Z#DEBUG#45480c39-62b8-11f1-9935-eeee0a9a8a76.OPERATION#flowable-async-job-executor-thread-5027#
[BindServiceToApplicationStep] Executing task "bindServiceToApplicationTask" of process "4862b9dd-62b8-11f1-8096-eeee0a85dc3c"...#
#2026 06 07 21:31:59.201#Z#DEBUG#45480c39-62b8-11f1-9935-eeee0a9a8a76.OPERATION#flowable-async-job-executor-thread-5027#
[BindServiceToApplicationStep] Getting async job "b0144d28-78a4-48ed-8984-6b26cf93bb9a"#
#2026 06 07 21:31:59.208#Z#DEBUG#45480c39-62b8-11f1-9935-eeee0a9a8a76.OPERATION#flowable-async-job-executor-thread-5028#
[BindServiceToApplicationStep] Executing task "bindServiceToApplicationTask" of process "472f4316-62b8-11f1-9935-eeee0a9a8a76"...#
#2026 06 07 21:31:59.210#Z#DEBUG#45480c39-62b8-11f1-9935-eeee0a9a8a76.OPERATION#flowable-async-job-executor-thread-5028#
[BindServiceToApplicationStep] Getting async job "c0aa2c62-0877-4a1a-ae09-9e442e994001"#
#2026 06 07 21:31:59.234#Z#DEBUG#45480c39-62b8-11f1-9935-eeee0a9a8a76.OPERATION#flowable-async-job-executor-thread-5027#
[BindServiceToApplicationStep] Getting service instance "zsale-db"...#
#2026 06 07 21:31:59.240#Z#DEBUG#45480c39-62b8-11f1-9935-eeee0a9a8a76.OPERATION#flowable-async-job-executor-thread-5028#
[BindServiceToApplicationStep] Getting service instance "zsale-db"...#
#2026 06 07 21:31:59.363#Z#DEBUG#45480c39-62b8-11f1-9935-eeee0a9a8a76.OPERATION#flowable-async-job-executor-thread-5027#
[BindServiceToApplicationStep] Async service binding operation with id "b0144d28-78a4-48ed-8984-6b26cf93bb9a" finished#
#2026 06 07 21:31:59.364#Z#DEBUG#45480c39-62b8-11f1-9935-eeee0a9a8a76.OPERATION#flowable-async-job-executor-thread-5027#
Step "Bind Service to Application" finished#
#2026 06 07 21:31:59.386#Z#DEBUG#45480c39-62b8-11f1-9935-eeee0a9a8a76.OPERATION#flowable-async-job-executor-thread-5028#
[BindServiceToApplicationStep] Async service binding operation with id "c0aa2c62-0877-4a1a-ae09-9e442e994001" finished#
#2026 06 07 21:31:59.387#Z#DEBUG#45480c39-62b8-11f1-9935-eeee0a9a8a76.OPERATION#flowable-async-job-executor-thread-5028#
Step "Bind Service to Application" finished#
#2026 06 07 21:31:59.527#Z#DEBUG#45480c39-62b8-11f1-9935-eeee0a9a8a76.OPERATION#flowable-async-job-executor-thread-5031#
[DetermineVcapServicesPropertiesChangedStep] Executing task "determineVcapServicesPropertiesChangedTask" of process "50d114e6-62b8-11f1-84df-eeee0a853f2d"...#
#2026 06 07 21:31:59.529#Z#DEBUG#45480c39-62b8-11f1-9935-eeee0a9a8a76.OPERATION#flowable-async-job-executor-thread-5031#
[DetermineVcapServicesPropertiesChangedStep] VCAP_SERVICES properties for application "approval-inbox-srv" changed: true#
#2026 06 07 21:31:59.529#Z#DEBUG#45480c39-62b8-11f1-9935-eeee0a9a8a76.OPERATION#flowable-async-job-executor-thread-5031#
Step "Determine vcap services properties changed" finished#
#2026 06 07 21:31:59.561#Z#DEBUG#45480c39-62b8-11f1-9935-eeee0a9a8a76.OPERATION#flowable-async-job-executor-thread-5032#
[DetermineVcapServicesPropertiesChangedStep] Executing task "determineVcapServicesPropertiesChangedTask" of process "50d581ba-62b8-11f1-84df-eeee0a853f2d"...#
#2026 06 07 21:31:59.563#Z#DEBUG#45480c39-62b8-11f1-9935-eeee0a9a8a76.OPERATION#flowable-async-job-executor-thread-5032#
[DetermineVcapServicesPropertiesChangedStep] VCAP_SERVICES properties for application "approval-inbox-db-deployer" changed: true#
#2026 06 07 21:31:59.563#Z#DEBUG#45480c39-62b8-11f1-9935-eeee0a9a8a76.OPERATION#flowable-async-job-executor-thread-5032#
Step "Determine vcap services properties changed" finished#
#2026 06 07 21:31:59.567#Z#DEBUG#45480c39-62b8-11f1-9935-eeee0a9a8a76.OPERATION#flowable-async-job-executor-thread-5031#
[UploadAppStep] Executing task "uploadAppTask" of process "50d114e6-62b8-11f1-84df-eeee0a853f2d"...#
#2026 06 07 21:31:59.568#Z#DEBUG#45480c39-62b8-11f1-9935-eeee0a9a8a76.OPERATION#flowable-async-job-executor-thread-5031#
[UploadAppStep] Application upload timeout is default one: 3,600 seconds#
#2026 06 07 21:31:59.568#Z#INFO#45480c39-62b8-11f1-9935-eeee0a9a8a76.OPERATION#flowable-async-job-executor-thread-5031#
[UploadAppStep] Uploading application "approval-inbox-srv"...#
#2026 06 07 21:31:59.579#Z#DEBUG#45480c39-62b8-11f1-9935-eeee0a9a8a76.OPERATION#flowable-async-job-executor-thread-5031#
[UploadAppStep] Getting application "approval-inbox-srv"...#
#2026 06 07 21:31:59.607#Z#DEBUG#45480c39-62b8-11f1-9935-eeee0a9a8a76.OPERATION#flowable-async-job-executor-thread-5031#
[UploadAppStep] Getting environment of application "37a43f7b-a5fe-4f9c-80a8-893c34eca6ba"...#
#2026 06 07 21:31:59.611#Z#DEBUG#45480c39-62b8-11f1-9935-eeee0a9a8a76.OPERATION#flowable-async-job-executor-thread-5032#
[UploadAppStep] Executing task "uploadAppTask" of process "50d581ba-62b8-11f1-84df-eeee0a853f2d"...#
#2026 06 07 21:31:59.612#Z#DEBUG#45480c39-62b8-11f1-9935-eeee0a9a8a76.OPERATION#flowable-async-job-executor-thread-5032#
[UploadAppStep] Application upload timeout is default one: 3,600 seconds#
#2026 06 07 21:31:59.612#Z#INFO#45480c39-62b8-11f1-9935-eeee0a9a8a76.OPERATION#flowable-async-job-executor-thread-5032#
[UploadAppStep] Uploading application "approval-inbox-db-deployer"...#
#2026 06 07 21:31:59.622#Z#DEBUG#45480c39-62b8-11f1-9935-eeee0a9a8a76.OPERATION#flowable-async-job-executor-thread-5032#
[UploadAppStep] Getting application "approval-inbox-db-deployer"...#
#2026 06 07 21:31:59.655#Z#DEBUG#45480c39-62b8-11f1-9935-eeee0a9a8a76.OPERATION#flowable-async-job-executor-thread-5032#
[UploadAppStep] Getting environment of application "6eef0946-771d-497a-857e-87dd2c5623e4"...#
#2026 06 07 21:31:59.658#Z#INFO#45480c39-62b8-11f1-9935-eeee0a9a8a76.OPERATION#flowable-async-job-executor-thread-5031#
[UploadAppStep] Calculating application digest: "approval-inbox-srv"#
#2026 06 07 21:31:59.700#Z#INFO#45480c39-62b8-11f1-9935-eeee0a9a8a76.OPERATION#flowable-async-job-executor-thread-5032#
[UploadAppStep] Calculating application digest: "approval-inbox-db-deployer"#
#2026 06 07 21:31:59.870#Z#DEBUG#45480c39-62b8-11f1-9935-eeee0a9a8a76.OPERATION#flowable-async-job-executor-thread-5032#
Step "Upload App" finished#
#2026 06 07 21:32:00.266#Z#DEBUG#45480c39-62b8-11f1-9935-eeee0a9a8a76.OPERATION#flowable-async-job-executor-thread-5031#
Step "Upload App" finished#
#2026 06 07 21:32:09.220#Z#DEBUG#45480c39-62b8-11f1-9935-eeee0a9a8a76.OPERATION#flowable-async-job-executor-thread-5035#
[UploadAppStep] Executing task "uploadAppTask" of process "50d581ba-62b8-11f1-84df-eeee0a853f2d"...#
#2026 06 07 21:32:09.222#Z#DEBUG#45480c39-62b8-11f1-9935-eeee0a9a8a76.OPERATION#flowable-async-job-executor-thread-5035#
[UploadAppStep] Application upload timeout is default one: 3,600 seconds#
#2026 06 07 21:32:09.224#Z#DEBUG#45480c39-62b8-11f1-9935-eeee0a9a8a76.OPERATION#pool-21-thread-2#
[UploadAppStep] Upload of application: approval-inbox-db-deployer started on instance: 0#
#2026 06 07 21:32:09.224#Z#DEBUG#45480c39-62b8-11f1-9935-eeee0a9a8a76.OPERATION#pool-21-thread-2#
[UploadAppStep] Uploading file "approval-inbox-db-deployer/data.zip" for application "approval-inbox-db-deployer"#
#2026 06 07 21:32:09.233#Z#DEBUG#45480c39-62b8-11f1-9935-eeee0a9a8a76.OPERATION#flowable-async-job-executor-thread-5036#
[UploadAppStep] Executing task "uploadAppTask" of process "50d114e6-62b8-11f1-84df-eeee0a853f2d"...#
#2026 06 07 21:32:09.234#Z#DEBUG#45480c39-62b8-11f1-9935-eeee0a9a8a76.OPERATION#flowable-async-job-executor-thread-5036#
[UploadAppStep] Application upload timeout is default one: 3,600 seconds#
#2026 06 07 21:32:09.236#Z#DEBUG#45480c39-62b8-11f1-9935-eeee0a9a8a76.OPERATION#pool-21-thread-3#
[UploadAppStep] Upload of application: approval-inbox-srv started on instance: 0#
#2026 06 07 21:32:09.236#Z#DEBUG#45480c39-62b8-11f1-9935-eeee0a9a8a76.OPERATION#pool-21-thread-3#
[UploadAppStep] Uploading file "approval-inbox-srv/data.zip" for application "approval-inbox-srv"#
#2026 06 07 21:32:09.390#Z#INFO#45480c39-62b8-11f1-9935-eeee0a9a8a76.OPERATION#pool-21-thread-2#
[UploadAppStep] Time elapsed for app binary download: 165 in millis#
#2026 06 07 21:32:09.390#Z#INFO#45480c39-62b8-11f1-9935-eeee0a9a8a76.OPERATION#pool-21-thread-2#
[UploadAppStep] Size of app approval-inbox-db-deployer is 2,386,178 bytes#
#2026 06 07 21:32:09.390#Z#DEBUG#45480c39-62b8-11f1-9935-eeee0a9a8a76.OPERATION#pool-21-thread-2#
[UploadAppStep] Asynchronously uploading binaries for application "approval-inbox-db-deployer"...#
#2026 06 07 21:32:09.725#Z#INFO#45480c39-62b8-11f1-9935-eeee0a9a8a76.OPERATION#pool-21-thread-2#
[UploadAppStep] Started async upload of application "approval-inbox-db-deployer"#
#2026 06 07 21:32:09.735#Z#INFO#45480c39-62b8-11f1-9935-eeee0a9a8a76.OPERATION#flowable-async-job-executor-thread-5035#
[UploadAppStep] Time elapsed for upload: 512 in millis#
#2026 06 07 21:32:09.735#Z#DEBUG#45480c39-62b8-11f1-9935-eeee0a9a8a76.OPERATION#flowable-async-job-executor-thread-5035#
[UploadAppStep] Getting application "approval-inbox-db-deployer"...#
#2026 06 07 21:32:09.763#Z#DEBUG#45480c39-62b8-11f1-9935-eeee0a9a8a76.OPERATION#App upload monitor: 7947387b-cac5-418f-8fae-9c4ccbc9752f#
[UploadAppStep] Upload status: PROCESSING_UPLOAD#
#2026 06 07 21:32:09.794#Z#DEBUG#45480c39-62b8-11f1-9935-eeee0a9a8a76.OPERATION#flowable-async-job-executor-thread-5035#
[UploadAppStep] Getting environment of application "6eef0946-771d-497a-857e-87dd2c5623e4"...#
#2026 06 07 21:32:09.845#Z#INFO#45480c39-62b8-11f1-9935-eeee0a9a8a76.OPERATION#pool-21-thread-3#
[UploadAppStep] Time elapsed for app binary download: 608 in millis#
#2026 06 07 21:32:09.845#Z#INFO#45480c39-62b8-11f1-9935-eeee0a9a8a76.OPERATION#pool-21-thread-3#
[UploadAppStep] Size of app approval-inbox-srv is 14,731,668 bytes#
#2026 06 07 21:32:09.845#Z#DEBUG#45480c39-62b8-11f1-9935-eeee0a9a8a76.OPERATION#pool-21-thread-3#
[UploadAppStep] Asynchronously uploading binaries for application "approval-inbox-srv"...#
#2026 06 07 21:32:09.868#Z#DEBUG#45480c39-62b8-11f1-9935-eeee0a9a8a76.OPERATION#flowable-async-job-executor-thread-5035#
[UploadAppStep] Updating environment of application "approval-inbox-db-deployer"#
#2026 06 07 21:32:09.968#Z#DEBUG#45480c39-62b8-11f1-9935-eeee0a9a8a76.OPERATION#flowable-async-job-executor-thread-5035#
Step "Upload App" finished#
#2026 06 07 21:32:10.208#Z#INFO#45480c39-62b8-11f1-9935-eeee0a9a8a76.OPERATION#pool-21-thread-3#
[UploadAppStep] Started async upload of application "approval-inbox-srv"#
#2026 06 07 21:32:10.217#Z#INFO#45480c39-62b8-11f1-9935-eeee0a9a8a76.OPERATION#flowable-async-job-executor-thread-5036#
[UploadAppStep] Time elapsed for upload: 983 in millis#
#2026 06 07 21:32:10.218#Z#DEBUG#45480c39-62b8-11f1-9935-eeee0a9a8a76.OPERATION#flowable-async-job-executor-thread-5036#
[UploadAppStep] Getting application "approval-inbox-srv"...#
#2026 06 07 21:32:10.242#Z#DEBUG#45480c39-62b8-11f1-9935-eeee0a9a8a76.OPERATION#App upload monitor: b6d68443-9400-41e4-ad89-865397da3748#
[UploadAppStep] Upload status: PROCESSING_UPLOAD#
#2026 06 07 21:32:10.253#Z#DEBUG#45480c39-62b8-11f1-9935-eeee0a9a8a76.OPERATION#flowable-async-job-executor-thread-5036#
[UploadAppStep] Getting environment of application "37a43f7b-a5fe-4f9c-80a8-893c34eca6ba"...#
#2026 06 07 21:32:10.296#Z#DEBUG#45480c39-62b8-11f1-9935-eeee0a9a8a76.OPERATION#flowable-async-job-executor-thread-5036#
[UploadAppStep] Updating environment of application "approval-inbox-srv"#
#2026 06 07 21:32:10.394#Z#DEBUG#45480c39-62b8-11f1-9935-eeee0a9a8a76.OPERATION#flowable-async-job-executor-thread-5036#
Step "Upload App" finished#
#2026 06 07 21:32:14.795#Z#DEBUG#45480c39-62b8-11f1-9935-eeee0a9a8a76.OPERATION#App upload monitor: 7947387b-cac5-418f-8fae-9c4ccbc9752f#
[UploadAppStep] Upload status: READY#
#2026 06 07 21:32:15.273#Z#DEBUG#45480c39-62b8-11f1-9935-eeee0a9a8a76.OPERATION#App upload monitor: b6d68443-9400-41e4-ad89-865397da3748#
[UploadAppStep] Upload status: PROCESSING_UPLOAD#
#2026 06 07 21:32:19.237#Z#DEBUG#45480c39-62b8-11f1-9935-eeee0a9a8a76.OPERATION#flowable-async-job-executor-thread-5039#
[UploadAppStep] Executing task "uploadAppTask" of process "50d581ba-62b8-11f1-84df-eeee0a853f2d"...#
#2026 06 07 21:32:19.238#Z#DEBUG#45480c39-62b8-11f1-9935-eeee0a9a8a76.OPERATION#flowable-async-job-executor-thread-5039#
[UploadAppStep] Application upload timeout is default one: 3,600 seconds#
#2026 06 07 21:32:19.239#Z#DEBUG#45480c39-62b8-11f1-9935-eeee0a9a8a76.OPERATION#flowable-async-job-executor-thread-5039#
[UploadAppStep] Checking upload status of application "approval-inbox-db-deployer"...#
#2026 06 07 21:32:19.240#Z#DEBUG#45480c39-62b8-11f1-9935-eeee0a9a8a76.OPERATION#flowable-async-job-executor-thread-5039#
[UploadAppStep] Getting package "7947387b-cac5-418f-8fae-9c4ccbc9752f"...#
#2026 06 07 21:32:19.247#Z#DEBUG#45480c39-62b8-11f1-9935-eeee0a9a8a76.OPERATION#flowable-async-job-executor-thread-5040#
[UploadAppStep] Executing task "uploadAppTask" of process "50d114e6-62b8-11f1-84df-eeee0a853f2d"...#
#2026 06 07 21:32:19.248#Z#DEBUG#45480c39-62b8-11f1-9935-eeee0a9a8a76.OPERATION#flowable-async-job-executor-thread-5040#
[UploadAppStep] Application upload timeout is default one: 3,600 seconds#
#2026 06 07 21:32:19.248#Z#DEBUG#45480c39-62b8-11f1-9935-eeee0a9a8a76.OPERATION#flowable-async-job-executor-thread-5040#
[UploadAppStep] Checking upload status of application "approval-inbox-srv"...#
#2026 06 07 21:32:19.249#Z#DEBUG#45480c39-62b8-11f1-9935-eeee0a9a8a76.OPERATION#flowable-async-job-executor-thread-5040#
[UploadAppStep] Getting package "b6d68443-9400-41e4-ad89-865397da3748"...#
#2026 06 07 21:32:19.269#Z#DEBUG#45480c39-62b8-11f1-9935-eeee0a9a8a76.OPERATION#flowable-async-job-executor-thread-5039#
[UploadAppStep] Application "approval-inbox-db-deployer" uploaded#
#2026 06 07 21:32:19.271#Z#DEBUG#45480c39-62b8-11f1-9935-eeee0a9a8a76.OPERATION#flowable-async-job-executor-thread-5039#
Step "Upload App" finished#
#2026 06 07 21:32:19.294#Z#DEBUG#45480c39-62b8-11f1-9935-eeee0a9a8a76.OPERATION#flowable-async-job-executor-thread-5040#
[UploadAppStep] Application "approval-inbox-srv" uploaded#
#2026 06 07 21:32:19.296#Z#DEBUG#45480c39-62b8-11f1-9935-eeee0a9a8a76.OPERATION#flowable-async-job-executor-thread-5040#
Step "Upload App" finished#
#2026 06 07 21:32:19.311#Z#DEBUG#45480c39-62b8-11f1-9935-eeee0a9a8a76.OPERATION#flowable-async-job-executor-thread-5041#
[ScaleAppStep] Executing task "scaleAppTask" of process "50d581ba-62b8-11f1-84df-eeee0a853f2d"...#
#2026 06 07 21:32:19.313#Z#DEBUG#45480c39-62b8-11f1-9935-eeee0a9a8a76.OPERATION#flowable-async-job-executor-thread-5041#
[ScaleAppStep] Scaling application "approval-inbox-db-deployer"...#
#2026 06 07 21:32:19.313#Z#DEBUG#45480c39-62b8-11f1-9935-eeee0a9a8a76.OPERATION#flowable-async-job-executor-thread-5041#
[ScaleAppStep] Application "approval-inbox-db-deployer" scaled#
#2026 06 07 21:32:19.313#Z#DEBUG#45480c39-62b8-11f1-9935-eeee0a9a8a76.OPERATION#flowable-async-job-executor-thread-5041#
Step "Scale App" finished#
#2026 06 07 21:32:19.344#Z#DEBUG#45480c39-62b8-11f1-9935-eeee0a9a8a76.OPERATION#flowable-async-job-executor-thread-5042#
[ScaleAppStep] Executing task "scaleAppTask" of process "50d114e6-62b8-11f1-84df-eeee0a853f2d"...#
#2026 06 07 21:32:19.345#Z#DEBUG#45480c39-62b8-11f1-9935-eeee0a9a8a76.OPERATION#flowable-async-job-executor-thread-5042#
[ScaleAppStep] Scaling application "approval-inbox-srv"...#
#2026 06 07 21:32:19.345#Z#DEBUG#45480c39-62b8-11f1-9935-eeee0a9a8a76.OPERATION#flowable-async-job-executor-thread-5042#
[ScaleAppStep] Application "approval-inbox-srv" scaled#
#2026 06 07 21:32:19.345#Z#DEBUG#45480c39-62b8-11f1-9935-eeee0a9a8a76.OPERATION#flowable-async-job-executor-thread-5042#
Step "Scale App" finished#
#2026 06 07 21:32:19.354#Z#DEBUG#45480c39-62b8-11f1-9935-eeee0a9a8a76.OPERATION#flowable-async-job-executor-thread-5043#
[DetermineDesiredStateAchievingActionsStep] Executing task "determineDesiredStateAchievingActionsTask" of process "50d581ba-62b8-11f1-84df-eeee0a853f2d"...#
#2026 06 07 21:32:19.356#Z#DEBUG#45480c39-62b8-11f1-9935-eeee0a9a8a76.OPERATION#flowable-async-job-executor-thread-5043#
[DetermineDesiredStateAchievingActionsStep] Getting application "approval-inbox-db-deployer"...#
#2026 06 07 21:32:19.387#Z#DEBUG#45480c39-62b8-11f1-9935-eeee0a9a8a76.OPERATION#flowable-async-job-executor-thread-5044#
[DetermineDesiredStateAchievingActionsStep] Executing task "determineDesiredStateAchievingActionsTask" of process "50d114e6-62b8-11f1-84df-eeee0a853f2d"...#
#2026 06 07 21:32:19.388#Z#DEBUG#45480c39-62b8-11f1-9935-eeee0a9a8a76.OPERATION#flowable-async-job-executor-thread-5044#
[DetermineDesiredStateAchievingActionsStep] Getting application "approval-inbox-srv"...#
#2026 06 07 21:32:19.396#Z#DEBUG#45480c39-62b8-11f1-9935-eeee0a9a8a76.OPERATION#flowable-async-job-executor-thread-5043#
[DetermineDesiredStateAchievingActionsStep] Getting instances for application "approval-inbox-db-deployer"...#
#2026 06 07 21:32:19.396#Z#DEBUG#45480c39-62b8-11f1-9935-eeee0a9a8a76.OPERATION#flowable-async-job-executor-thread-5043#
[DetermineDesiredStateAchievingActionsStep] Getting environment of application "6eef0946-771d-497a-857e-87dd2c5623e4"...#
#2026 06 07 21:32:19.427#Z#DEBUG#45480c39-62b8-11f1-9935-eeee0a9a8a76.OPERATION#flowable-async-job-executor-thread-5044#
[DetermineDesiredStateAchievingActionsStep] Getting instances for application "approval-inbox-srv"...#
#2026 06 07 21:32:19.427#Z#DEBUG#45480c39-62b8-11f1-9935-eeee0a9a8a76.OPERATION#flowable-async-job-executor-thread-5044#
[DetermineDesiredStateAchievingActionsStep] Getting environment of application "37a43f7b-a5fe-4f9c-80a8-893c34eca6ba"...#
#2026 06 07 21:32:19.432#Z#DEBUG#45480c39-62b8-11f1-9935-eeee0a9a8a76.OPERATION#flowable-async-job-executor-thread-5043#
[DetermineDesiredStateAchievingActionsStep] Current state of application approval-inbox-db-deployer: STOPPED#
#2026 06 07 21:32:19.432#Z#DEBUG#45480c39-62b8-11f1-9935-eeee0a9a8a76.OPERATION#flowable-async-job-executor-thread-5043#
[DetermineDesiredStateAchievingActionsStep] Desired state of application approval-inbox-db-deployer: STOPPED#
#2026 06 07 21:32:19.432#Z#DEBUG#45480c39-62b8-11f1-9935-eeee0a9a8a76.OPERATION#flowable-async-job-executor-thread-5043#
[DetermineDesiredStateAchievingActionsStep] Actions that should be executed on application approval-inbox-db-deployer: [STAGE]#
#2026 06 07 21:32:19.432#Z#DEBUG#45480c39-62b8-11f1-9935-eeee0a9a8a76.OPERATION#flowable-async-job-executor-thread-5043#
Step "Determine Desired State Achieving Actions" finished#
#2026 06 07 21:32:19.466#Z#DEBUG#45480c39-62b8-11f1-9935-eeee0a9a8a76.OPERATION#flowable-async-job-executor-thread-5044#
[DetermineDesiredStateAchievingActionsStep] Current state of application approval-inbox-srv: STOPPED#
#2026 06 07 21:32:19.466#Z#DEBUG#45480c39-62b8-11f1-9935-eeee0a9a8a76.OPERATION#flowable-async-job-executor-thread-5044#
[DetermineDesiredStateAchievingActionsStep] Desired state of application approval-inbox-srv: STARTED#
#2026 06 07 21:32:19.466#Z#DEBUG#45480c39-62b8-11f1-9935-eeee0a9a8a76.OPERATION#flowable-async-job-executor-thread-5044#
[DetermineDesiredStateAchievingActionsStep] Actions that should be executed on application approval-inbox-srv: [STAGE, START]#
#2026 06 07 21:32:19.466#Z#DEBUG#45480c39-62b8-11f1-9935-eeee0a9a8a76.OPERATION#flowable-async-job-executor-thread-5044#
Step "Determine Desired State Achieving Actions" finished#
#2026 06 07 21:32:19.476#Z#DEBUG#45480c39-62b8-11f1-9935-eeee0a9a8a76.OPERATION#flowable-async-job-executor-thread-5043#
[StageAppStep] Executing task "stageAppTask" of process "50d581ba-62b8-11f1-84df-eeee0a853f2d"...#
#2026 06 07 21:32:19.477#Z#DEBUG#45480c39-62b8-11f1-9935-eeee0a9a8a76.OPERATION#flowable-async-job-executor-thread-5043#
[StageAppStep] Application stage timeout is default one: 3,600 seconds#
#2026 06 07 21:32:19.479#Z#INFO#45480c39-62b8-11f1-9935-eeee0a9a8a76.OPERATION#flowable-async-job-executor-thread-5043#
[StageAppStep] Staging application "approval-inbox-db-deployer"...#
#2026 06 07 21:32:19.487#Z#DEBUG#45480c39-62b8-11f1-9935-eeee0a9a8a76.OPERATION#flowable-async-job-executor-thread-5043#
[StageAppStep] Creating build for package "7947387b-cac5-418f-8fae-9c4ccbc9752f"...#
#2026 06 07 21:32:19.523#Z#DEBUG#45480c39-62b8-11f1-9935-eeee0a9a8a76.OPERATION#flowable-async-job-executor-thread-5044#
[StageAppStep] Executing task "stageAppTask" of process "50d114e6-62b8-11f1-84df-eeee0a853f2d"...#
#2026 06 07 21:32:19.524#Z#DEBUG#45480c39-62b8-11f1-9935-eeee0a9a8a76.OPERATION#flowable-async-job-executor-thread-5044#
[StageAppStep] Application stage timeout is default one: 3,600 seconds#
#2026 06 07 21:32:19.529#Z#INFO#45480c39-62b8-11f1-9935-eeee0a9a8a76.OPERATION#flowable-async-job-executor-thread-5044#
[StageAppStep] Staging application "approval-inbox-srv"...#
#2026 06 07 21:32:19.536#Z#DEBUG#45480c39-62b8-11f1-9935-eeee0a9a8a76.OPERATION#flowable-async-job-executor-thread-5044#
[StageAppStep] Creating build for package "b6d68443-9400-41e4-ad89-865397da3748"...#
#2026 06 07 21:32:19.849#Z#DEBUG#45480c39-62b8-11f1-9935-eeee0a9a8a76.OPERATION#flowable-async-job-executor-thread-5043#
Step "Stage App" finished#
#2026 06 07 21:32:19.893#Z#DEBUG#45480c39-62b8-11f1-9935-eeee0a9a8a76.OPERATION#flowable-async-job-executor-thread-5044#
Step "Stage App" finished#
#2026 06 07 21:32:20.301#Z#DEBUG#45480c39-62b8-11f1-9935-eeee0a9a8a76.OPERATION#App upload monitor: b6d68443-9400-41e4-ad89-865397da3748#
[UploadAppStep] Upload status: READY#
#2026 06 07 21:32:29.271#Z#DEBUG#45480c39-62b8-11f1-9935-eeee0a9a8a76.OPERATION#flowable-async-job-executor-thread-5047#
[StageAppStep] Executing task "stageAppTask" of process "50d581ba-62b8-11f1-84df-eeee0a853f2d"...#
#2026 06 07 21:32:29.272#Z#DEBUG#45480c39-62b8-11f1-9935-eeee0a9a8a76.OPERATION#flowable-async-job-executor-thread-5047#
[StageAppStep] Application stage timeout is default one: 3,600 seconds#
#2026 06 07 21:32:29.273#Z#DEBUG#45480c39-62b8-11f1-9935-eeee0a9a8a76.OPERATION#flowable-async-job-executor-thread-5047#
[StageAppStep] Checking status of application "approval-inbox-db-deployer"...#
#2026 06 07 21:32:29.273#Z#DEBUG#45480c39-62b8-11f1-9935-eeee0a9a8a76.OPERATION#flowable-async-job-executor-thread-5047#
[StageAppStep] Getting build "09f0baee-e3a2-4404-a345-57c06ed31e20"...#
#2026 06 07 21:32:29.279#Z#DEBUG#45480c39-62b8-11f1-9935-eeee0a9a8a76.OPERATION#flowable-async-job-executor-thread-5048#
[StageAppStep] Executing task "stageAppTask" of process "50d114e6-62b8-11f1-84df-eeee0a853f2d"...#
#2026 06 07 21:32:29.279#Z#DEBUG#45480c39-62b8-11f1-9935-eeee0a9a8a76.OPERATION#flowable-async-job-executor-thread-5048#
[StageAppStep] Application stage timeout is default one: 3,600 seconds#
#2026 06 07 21:32:29.280#Z#DEBUG#45480c39-62b8-11f1-9935-eeee0a9a8a76.OPERATION#flowable-async-job-executor-thread-5048#
[StageAppStep] Checking status of application "approval-inbox-srv"...#
#2026 06 07 21:32:29.280#Z#DEBUG#45480c39-62b8-11f1-9935-eeee0a9a8a76.OPERATION#flowable-async-job-executor-thread-5048#
[StageAppStep] Getting build "651003d6-180e-478f-afae-22f354f2730b"...#
#2026 06 07 21:32:29.308#Z#DEBUG#45480c39-62b8-11f1-9935-eeee0a9a8a76.OPERATION#flowable-async-job-executor-thread-5047#
[StageAppStep] Staging status of application "approval-inbox-db-deployer": PENDING#
#2026 06 07 21:32:29.310#Z#DEBUG#45480c39-62b8-11f1-9935-eeee0a9a8a76.OPERATION#flowable-async-job-executor-thread-5047#
[StageAppStep] Getting application guid "approval-inbox-db-deployer"...#
#2026 06 07 21:32:29.318#Z#DEBUG#45480c39-62b8-11f1-9935-eeee0a9a8a76.OPERATION#flowable-async-job-executor-thread-5048#
[StageAppStep] Staging status of application "approval-inbox-srv": PENDING#
#2026 06 07 21:32:29.320#Z#DEBUG#45480c39-62b8-11f1-9935-eeee0a9a8a76.OPERATION#flowable-async-job-executor-thread-5048#
[StageAppStep] Getting application guid "approval-inbox-srv"...#
#2026 06 07 21:32:29.419#Z#DEBUG#45480c39-62b8-11f1-9935-eeee0a9a8a76.OPERATION#flowable-async-job-executor-thread-5047#
Step "Stage App" finished#
#2026 06 07 21:32:29.429#Z#DEBUG#45480c39-62b8-11f1-9935-eeee0a9a8a76.OPERATION#flowable-async-job-executor-thread-5048#
Step "Stage App" finished#
#2026 06 07 21:32:39.290#Z#DEBUG#45480c39-62b8-11f1-9935-eeee0a9a8a76.OPERATION#flowable-async-job-executor-thread-5051#
[StageAppStep] Executing task "stageAppTask" of process "50d114e6-62b8-11f1-84df-eeee0a853f2d"...#
#2026 06 07 21:32:39.291#Z#DEBUG#45480c39-62b8-11f1-9935-eeee0a9a8a76.OPERATION#flowable-async-job-executor-thread-5051#
[StageAppStep] Application stage timeout is default one: 3,600 seconds#
#2026 06 07 21:32:39.292#Z#DEBUG#45480c39-62b8-11f1-9935-eeee0a9a8a76.OPERATION#flowable-async-job-executor-thread-5051#
[StageAppStep] Checking status of application "approval-inbox-srv"...#
#2026 06 07 21:32:39.292#Z#DEBUG#45480c39-62b8-11f1-9935-eeee0a9a8a76.OPERATION#flowable-async-job-executor-thread-5051#
[StageAppStep] Getting build "651003d6-180e-478f-afae-22f354f2730b"...#
#2026 06 07 21:32:39.297#Z#DEBUG#45480c39-62b8-11f1-9935-eeee0a9a8a76.OPERATION#flowable-async-job-executor-thread-5052#
[StageAppStep] Executing task "stageAppTask" of process "50d581ba-62b8-11f1-84df-eeee0a853f2d"...#
#2026 06 07 21:32:39.299#Z#DEBUG#45480c39-62b8-11f1-9935-eeee0a9a8a76.OPERATION#flowable-async-job-executor-thread-5052#
[StageAppStep] Application stage timeout is default one: 3,600 seconds#
#2026 06 07 21:32:39.300#Z#DEBUG#45480c39-62b8-11f1-9935-eeee0a9a8a76.OPERATION#flowable-async-job-executor-thread-5052#
[StageAppStep] Checking status of application "approval-inbox-db-deployer"...#
#2026 06 07 21:32:39.300#Z#DEBUG#45480c39-62b8-11f1-9935-eeee0a9a8a76.OPERATION#flowable-async-job-executor-thread-5052#
[StageAppStep] Getting build "09f0baee-e3a2-4404-a345-57c06ed31e20"...#
#2026 06 07 21:32:39.331#Z#DEBUG#45480c39-62b8-11f1-9935-eeee0a9a8a76.OPERATION#flowable-async-job-executor-thread-5051#
[StageAppStep] Staging status of application "approval-inbox-srv": PENDING#
#2026 06 07 21:32:39.333#Z#DEBUG#45480c39-62b8-11f1-9935-eeee0a9a8a76.OPERATION#flowable-async-job-executor-thread-5051#
[StageAppStep] Getting application guid "approval-inbox-srv"...#
#2026 06 07 21:32:39.336#Z#DEBUG#45480c39-62b8-11f1-9935-eeee0a9a8a76.OPERATION#flowable-async-job-executor-thread-5052#
[StageAppStep] Staging status of application "approval-inbox-db-deployer": PENDING#
#2026 06 07 21:32:39.338#Z#DEBUG#45480c39-62b8-11f1-9935-eeee0a9a8a76.OPERATION#flowable-async-job-executor-thread-5052#
[StageAppStep] Getting application guid "approval-inbox-db-deployer"...#
#2026 06 07 21:32:39.430#Z#DEBUG#45480c39-62b8-11f1-9935-eeee0a9a8a76.OPERATION#flowable-async-job-executor-thread-5051#
Step "Stage App" finished#
#2026 06 07 21:32:39.478#Z#DEBUG#45480c39-62b8-11f1-9935-eeee0a9a8a76.OPERATION#flowable-async-job-executor-thread-5052#
Step "Stage App" finished#
#2026 06 07 21:32:49.325#Z#DEBUG#45480c39-62b8-11f1-9935-eeee0a9a8a76.OPERATION#flowable-async-job-executor-thread-5055#
[StageAppStep] Executing task "stageAppTask" of process "50d114e6-62b8-11f1-84df-eeee0a853f2d"...#
#2026 06 07 21:32:49.328#Z#DEBUG#45480c39-62b8-11f1-9935-eeee0a9a8a76.OPERATION#flowable-async-job-executor-thread-5055#
[StageAppStep] Application stage timeout is default one: 3,600 seconds#
#2026 06 07 21:32:49.329#Z#DEBUG#45480c39-62b8-11f1-9935-eeee0a9a8a76.OPERATION#flowable-async-job-executor-thread-5055#
[StageAppStep] Checking status of application "approval-inbox-srv"...#
#2026 06 07 21:32:49.329#Z#DEBUG#45480c39-62b8-11f1-9935-eeee0a9a8a76.OPERATION#flowable-async-job-executor-thread-5055#
[StageAppStep] Getting build "651003d6-180e-478f-afae-22f354f2730b"...#
#2026 06 07 21:32:49.335#Z#DEBUG#45480c39-62b8-11f1-9935-eeee0a9a8a76.OPERATION#flowable-async-job-executor-thread-5056#
[StageAppStep] Executing task "stageAppTask" of process "50d581ba-62b8-11f1-84df-eeee0a853f2d"...#
#2026 06 07 21:32:49.336#Z#DEBUG#45480c39-62b8-11f1-9935-eeee0a9a8a76.OPERATION#flowable-async-job-executor-thread-5056#
[StageAppStep] Application stage timeout is default one: 3,600 seconds#
#2026 06 07 21:32:49.337#Z#DEBUG#45480c39-62b8-11f1-9935-eeee0a9a8a76.OPERATION#flowable-async-job-executor-thread-5056#
[StageAppStep] Checking status of application "approval-inbox-db-deployer"...#
#2026 06 07 21:32:49.337#Z#DEBUG#45480c39-62b8-11f1-9935-eeee0a9a8a76.OPERATION#flowable-async-job-executor-thread-5056#
[StageAppStep] Getting build "09f0baee-e3a2-4404-a345-57c06ed31e20"...#
#2026 06 07 21:32:49.369#Z#DEBUG#45480c39-62b8-11f1-9935-eeee0a9a8a76.OPERATION#flowable-async-job-executor-thread-5055#
[StageAppStep] Staging status of application "approval-inbox-srv": PENDING#
#2026 06 07 21:32:49.370#Z#DEBUG#45480c39-62b8-11f1-9935-eeee0a9a8a76.OPERATION#flowable-async-job-executor-thread-5055#
[StageAppStep] Getting application guid "approval-inbox-srv"...#
#2026 06 07 21:32:49.371#Z#DEBUG#45480c39-62b8-11f1-9935-eeee0a9a8a76.OPERATION#flowable-async-job-executor-thread-5056#
[StageAppStep] Staging status of application "approval-inbox-db-deployer": PENDING#
#2026 06 07 21:32:49.373#Z#DEBUG#45480c39-62b8-11f1-9935-eeee0a9a8a76.OPERATION#flowable-async-job-executor-thread-5056#
[StageAppStep] Getting application guid "approval-inbox-db-deployer"...#
#2026 06 07 21:32:49.440#Z#DEBUG#45480c39-62b8-11f1-9935-eeee0a9a8a76.OPERATION#flowable-async-job-executor-thread-5055#
Step "Stage App" finished#
#2026 06 07 21:32:49.480#Z#DEBUG#45480c39-62b8-11f1-9935-eeee0a9a8a76.OPERATION#flowable-async-job-executor-thread-5056#
Step "Stage App" finished#
#2026 06 07 21:32:59.641#Z#DEBUG#45480c39-62b8-11f1-9935-eeee0a9a8a76.OPERATION#flowable-async-job-executor-thread-5059#
Step "Stage App" finished#
#2026 06 07 21:32:59.364#Z#DEBUG#45480c39-62b8-11f1-9935-eeee0a9a8a76.OPERATION#flowable-async-job-executor-thread-5059#
[StageAppStep] Executing task "stageAppTask" of process "50d114e6-62b8-11f1-84df-eeee0a853f2d"...#
#2026 06 07 21:32:59.365#Z#DEBUG#45480c39-62b8-11f1-9935-eeee0a9a8a76.OPERATION#flowable-async-job-executor-thread-5059#
[StageAppStep] Application stage timeout is default one: 3,600 seconds#
#2026 06 07 21:32:59.372#Z#DEBUG#45480c39-62b8-11f1-9935-eeee0a9a8a76.OPERATION#flowable-async-job-executor-thread-5059#
[StageAppStep] Checking status of application "approval-inbox-srv"...#
#2026 06 07 21:32:59.372#Z#DEBUG#45480c39-62b8-11f1-9935-eeee0a9a8a76.OPERATION#flowable-async-job-executor-thread-5059#
[StageAppStep] Getting build "651003d6-180e-478f-afae-22f354f2730b"...#
#2026 06 07 21:32:59.384#Z#DEBUG#45480c39-62b8-11f1-9935-eeee0a9a8a76.OPERATION#flowable-async-job-executor-thread-5060#
[StageAppStep] Executing task "stageAppTask" of process "50d581ba-62b8-11f1-84df-eeee0a853f2d"...#
#2026 06 07 21:32:59.385#Z#DEBUG#45480c39-62b8-11f1-9935-eeee0a9a8a76.OPERATION#flowable-async-job-executor-thread-5060#
[StageAppStep] Application stage timeout is default one: 3,600 seconds#
#2026 06 07 21:32:59.386#Z#DEBUG#45480c39-62b8-11f1-9935-eeee0a9a8a76.OPERATION#flowable-async-job-executor-thread-5060#
[StageAppStep] Checking status of application "approval-inbox-db-deployer"...#
#2026 06 07 21:32:59.386#Z#DEBUG#45480c39-62b8-11f1-9935-eeee0a9a8a76.OPERATION#flowable-async-job-executor-thread-5060#
[StageAppStep] Getting build "09f0baee-e3a2-4404-a345-57c06ed31e20"...#
#2026 06 07 21:32:59.406#Z#DEBUG#45480c39-62b8-11f1-9935-eeee0a9a8a76.OPERATION#flowable-async-job-executor-thread-5059#
[StageAppStep] Staging status of application "approval-inbox-srv": STAGED#
#2026 06 07 21:32:59.407#Z#DEBUG#45480c39-62b8-11f1-9935-eeee0a9a8a76.OPERATION#flowable-async-job-executor-thread-5059#
[StageAppStep] Getting application guid "approval-inbox-srv"...#
#2026 06 07 21:32:59.427#Z#DEBUG#45480c39-62b8-11f1-9935-eeee0a9a8a76.OPERATION#flowable-async-job-executor-thread-5060#
[StageAppStep] Staging status of application "approval-inbox-db-deployer": STAGED#
#2026 06 07 21:32:59.429#Z#DEBUG#45480c39-62b8-11f1-9935-eeee0a9a8a76.OPERATION#flowable-async-job-executor-thread-5060#
[StageAppStep] Getting application guid "approval-inbox-db-deployer"...#
#2026 06 07 21:32:59.509#Z#DEBUG#45480c39-62b8-11f1-9935-eeee0a9a8a76.OPERATION#flowable-async-job-executor-thread-5060#
[StageAppStep] Getting build "09f0baee-e3a2-4404-a345-57c06ed31e20"...#
#2026 06 07 21:32:59.529#Z#DEBUG#45480c39-62b8-11f1-9935-eeee0a9a8a76.OPERATION#flowable-async-job-executor-thread-5059#
[StageAppStep] Getting build "651003d6-180e-478f-afae-22f354f2730b"...#
#2026 06 07 21:32:59.543#Z#DEBUG#45480c39-62b8-11f1-9935-eeee0a9a8a76.OPERATION#flowable-async-job-executor-thread-5060#
[StageAppStep] Binding droplet "1f12aa88-e5a5-42d3-9122-57ef7719fb6e" to application "6eef0946-771d-497a-857e-87dd2c5623e4"...#
#2026 06 07 21:32:59.570#Z#DEBUG#45480c39-62b8-11f1-9935-eeee0a9a8a76.OPERATION#flowable-async-job-executor-thread-5059#
[StageAppStep] Binding droplet "16893d4a-ca16-42a2-acbd-6003810bc8e6" to application "37a43f7b-a5fe-4f9c-80a8-893c34eca6ba"...#
#2026 06 07 21:32:59.622#Z#INFO#45480c39-62b8-11f1-9935-eeee0a9a8a76.OPERATION#flowable-async-job-executor-thread-5060#
[StageAppStep] Application "approval-inbox-db-deployer" staged#
#2026 06 07 21:32:59.626#Z#INFO#45480c39-62b8-11f1-9935-eeee0a9a8a76.OPERATION#flowable-async-job-executor-thread-5059#
[StageAppStep] Application "approval-inbox-srv" staged#
#2026 06 07 21:32:59.636#Z#DEBUG#45480c39-62b8-11f1-9935-eeee0a9a8a76.OPERATION#flowable-async-job-executor-thread-5060#
Step "Stage App" finished#
#2026 06 07 21:32:59.762#Z#DEBUG#45480c39-62b8-11f1-9935-eeee0a9a8a76.OPERATION#flowable-async-job-executor-thread-5063#
[PrepareToExecuteTasksStep] Executing task "prepareToExecuteTasksTask" of process "74b8d2d3-62b8-11f1-84df-eeee0a853f2d"...#
#2026 06 07 21:32:59.764#Z#DEBUG#45480c39-62b8-11f1-9935-eeee0a9a8a76.OPERATION#flowable-async-job-executor-thread-5063#
Step "Prepare To Execute Tasks" finished#
#2026 06 07 21:32:59.702#Z#DEBUG#45480c39-62b8-11f1-9935-eeee0a9a8a76.OPERATION#flowable-async-job-executor-thread-5062#
[RestartAppStep] Executing task "startAppTask" of process "50d114e6-62b8-11f1-84df-eeee0a853f2d"...#
#2026 06 07 21:32:59.707#Z#DEBUG#45480c39-62b8-11f1-9935-eeee0a9a8a76.OPERATION#flowable-async-job-executor-thread-5062#
[RestartAppStep] Application start timeout is default one: 3,600 seconds#
#2026 06 07 21:32:59.709#Z#DEBUG#45480c39-62b8-11f1-9935-eeee0a9a8a76.OPERATION#flowable-async-job-executor-thread-5062#
[RestartAppStep] Getting application "approval-inbox-srv"...#
#2026 06 07 21:32:59.749#Z#INFO#45480c39-62b8-11f1-9935-eeee0a9a8a76.OPERATION#flowable-async-job-executor-thread-5062#
[RestartAppStep] Starting application "approval-inbox-srv"...#
#2026 06 07 21:32:59.757#Z#DEBUG#45480c39-62b8-11f1-9935-eeee0a9a8a76.OPERATION#flowable-async-job-executor-thread-5062#
[RestartAppStep] Starting application "approval-inbox-srv"...#
#2026 06 07 21:33:00.128#Z#DEBUG#45480c39-62b8-11f1-9935-eeee0a9a8a76.OPERATION#flowable-async-job-executor-thread-5062#
Step "Start App" finished#
#2026 06 07 21:32:59.802#Z#DEBUG#45480c39-62b8-11f1-9935-eeee0a9a8a76.OPERATION#flowable-async-job-executor-thread-5064#
[ExecuteTaskStep] Executing task "executeTaskTask" of process "74b8d2d3-62b8-11f1-84df-eeee0a853f2d"...#
#2026 06 07 21:32:59.803#Z#DEBUG#45480c39-62b8-11f1-9935-eeee0a9a8a76.OPERATION#flowable-async-job-executor-thread-5064#
[ExecuteTaskStep] Application task execution timeout is default one: 43,200 seconds#
#2026 06 07 21:32:59.805#Z#INFO#45480c39-62b8-11f1-9935-eeee0a9a8a76.OPERATION#flowable-async-job-executor-thread-5064#
[ExecuteTaskStep] Executing task "deploy" on application "approval-inbox-db-deployer"...#
#2026 06 07 21:32:59.814#Z#DEBUG#45480c39-62b8-11f1-9935-eeee0a9a8a76.OPERATION#flowable-async-job-executor-thread-5064#
[ExecuteTaskStep] Running task on application "approval-inbox-db-deployer": {
  "name" : "deploy",
  "command" : "npm start",
  "limits" : {
    "memory" : 256
  }
}#
#2026 06 07 21:33:00.171#Z#DEBUG#45480c39-62b8-11f1-9935-eeee0a9a8a76.OPERATION#flowable-async-job-executor-thread-5064#
Step "Execute Task" finished#
#2026 06 07 21:33:09.445#Z#DEBUG#45480c39-62b8-11f1-9935-eeee0a9a8a76.OPERATION#flowable-async-job-executor-thread-1497#
[ExecuteTaskStep] Executing task "executeTaskTask" of process "74b8d2d3-62b8-11f1-84df-eeee0a853f2d"...#
#2026 06 07 21:33:09.447#Z#DEBUG#45480c39-62b8-11f1-9935-eeee0a9a8a76.OPERATION#flowable-async-job-executor-thread-1497#
[ExecuteTaskStep] Application task execution timeout is default one: 43,200 seconds#
#2026 06 07 21:33:09.450#Z#DEBUG#45480c39-62b8-11f1-9935-eeee0a9a8a76.OPERATION#flowable-async-job-executor-thread-1497#
[ExecuteTaskStep] Getting task "627849e8-a916-4d80-bec0-58fe0b27d125"...#
#2026 06 07 21:33:09.487#Z#DEBUG#45480c39-62b8-11f1-9935-eeee0a9a8a76.OPERATION#flowable-async-job-executor-thread-1497#
[ExecuteTaskStep] Task execution status: running#
#2026 06 07 21:33:09.488#Z#DEBUG#45480c39-62b8-11f1-9935-eeee0a9a8a76.OPERATION#flowable-async-job-executor-thread-1497#
[ExecuteTaskStep] Getting application guid "approval-inbox-db-deployer"...#
#2026 06 07 21:33:09.574#Z#DEBUG#45480c39-62b8-11f1-9935-eeee0a9a8a76.OPERATION#flowable-async-job-executor-thread-1497#
Step "Execute Task" finished#
#2026 06 07 21:33:09.415#Z#DEBUG#45480c39-62b8-11f1-9935-eeee0a9a8a76.OPERATION#flowable-async-job-executor-thread-1495#
[RestartAppStep] Executing task "startAppTask" of process "74fb5a30-62b8-11f1-84df-eeee0a853f2d"...#
#2026 06 07 21:33:09.419#Z#DEBUG#45480c39-62b8-11f1-9935-eeee0a9a8a76.OPERATION#flowable-async-job-executor-thread-1495#
[RestartAppStep] Application start timeout is default one: 3,600 seconds#
#2026 06 07 21:33:09.423#Z#DEBUG#45480c39-62b8-11f1-9935-eeee0a9a8a76.OPERATION#flowable-async-job-executor-thread-1495#
[RestartAppStep] Checking status of application "approval-inbox-srv"...#
#2026 06 07 21:33:09.423#Z#DEBUG#45480c39-62b8-11f1-9935-eeee0a9a8a76.OPERATION#flowable-async-job-executor-thread-1495#
[RestartAppStep] Getting application "approval-inbox-srv"...#
#2026 06 07 21:33:09.493#Z#DEBUG#45480c39-62b8-11f1-9935-eeee0a9a8a76.OPERATION#flowable-async-job-executor-thread-1495#
[RestartAppStep] Getting instances for application "approval-inbox-srv"...#
#2026 06 07 21:33:09.559#Z#DEBUG#45480c39-62b8-11f1-9935-eeee0a9a8a76.OPERATION#flowable-async-job-executor-thread-1495#
[RestartAppStep] Application "approval-inbox-srv": 0 of 1 instances running (1 starting)#
#2026 06 07 21:33:09.597#Z#DEBUG#45480c39-62b8-11f1-9935-eeee0a9a8a76.OPERATION#flowable-async-job-executor-thread-1495#
Step "Start App" finished#
#2026 06 07 21:33:19.417#Z#DEBUG#45480c39-62b8-11f1-9935-eeee0a9a8a76.OPERATION#flowable-async-job-executor-thread-5068#
[ExecuteTaskStep] Executing task "executeTaskTask" of process "74b8d2d3-62b8-11f1-84df-eeee0a853f2d"...#
#2026 06 07 21:33:19.418#Z#DEBUG#45480c39-62b8-11f1-9935-eeee0a9a8a76.OPERATION#flowable-async-job-executor-thread-5068#
[ExecuteTaskStep] Application task execution timeout is default one: 43,200 seconds#
#2026 06 07 21:33:19.420#Z#DEBUG#45480c39-62b8-11f1-9935-eeee0a9a8a76.OPERATION#flowable-async-job-executor-thread-5068#
[ExecuteTaskStep] Getting task "627849e8-a916-4d80-bec0-58fe0b27d125"...#
#2026 06 07 21:33:19.454#Z#DEBUG#45480c39-62b8-11f1-9935-eeee0a9a8a76.OPERATION#flowable-async-job-executor-thread-5068#
[ExecuteTaskStep] Task execution status: succeeded#
#2026 06 07 21:33:19.455#Z#DEBUG#45480c39-62b8-11f1-9935-eeee0a9a8a76.OPERATION#flowable-async-job-executor-thread-5068#
[ExecuteTaskStep] Getting application guid "approval-inbox-db-deployer"...#
#2026 06 07 21:33:19.534#Z#DEBUG#45480c39-62b8-11f1-9935-eeee0a9a8a76.OPERATION#flowable-async-job-executor-thread-5068#
Step "Execute Task" finished#
#2026 06 07 21:33:19.426#Z#DEBUG#45480c39-62b8-11f1-9935-eeee0a9a8a76.OPERATION#flowable-async-job-executor-thread-5069#
[RestartAppStep] Executing task "startAppTask" of process "7aa03452-62b8-11f1-9935-eeee0a9a8a76"...#
#2026 06 07 21:33:19.428#Z#DEBUG#45480c39-62b8-11f1-9935-eeee0a9a8a76.OPERATION#flowable-async-job-executor-thread-5069#
[RestartAppStep] Application start timeout is default one: 3,600 seconds#
#2026 06 07 21:33:19.429#Z#DEBUG#45480c39-62b8-11f1-9935-eeee0a9a8a76.OPERATION#flowable-async-job-executor-thread-5069#
[RestartAppStep] Checking status of application "approval-inbox-srv"...#
#2026 06 07 21:33:19.430#Z#DEBUG#45480c39-62b8-11f1-9935-eeee0a9a8a76.OPERATION#flowable-async-job-executor-thread-5069#
[RestartAppStep] Getting instances for application "approval-inbox-srv"...#
#2026 06 07 21:33:19.495#Z#DEBUG#45480c39-62b8-11f1-9935-eeee0a9a8a76.OPERATION#flowable-async-job-executor-thread-5069#
[RestartAppStep] Application "approval-inbox-srv": 0 of 1 instances running (1 starting)#
#2026 06 07 21:33:19.559#Z#DEBUG#45480c39-62b8-11f1-9935-eeee0a9a8a76.OPERATION#flowable-async-job-executor-thread-5069#
Step "Start App" finished#
#2026 06 07 21:33:19.577#Z#DEBUG#45480c39-62b8-11f1-9935-eeee0a9a8a76.OPERATION#flowable-async-job-executor-thread-5068#
[IncrementIndexStep] Executing task "incrementTaskIndexTask" of process "74b8d2d3-62b8-11f1-84df-eeee0a853f2d"...#
#2026 06 07 21:33:19.579#Z#DEBUG#45480c39-62b8-11f1-9935-eeee0a9a8a76.OPERATION#flowable-async-job-executor-thread-5068#
Step "Increment Task Index" finished#
#2026 06 07 21:33:19.659#Z#DEBUG#45480c39-62b8-11f1-9935-eeee0a9a8a76.OPERATION#flowable-async-job-executor-thread-5068#
[PublishConfigurationEntriesStep] Executing task "publishProvidedDependenciesTask" of process "50d581ba-62b8-11f1-84df-eeee0a853f2d"...#
#2026 06 07 21:33:19.660#Z#DEBUG#45480c39-62b8-11f1-9935-eeee0a9a8a76.OPERATION#flowable-async-job-executor-thread-5068#
[PublishConfigurationEntriesStep] Publishing public provided dependencies for application "approval-inbox-db-deployer"...#
#2026 06 07 21:33:19.661#Z#DEBUG#45480c39-62b8-11f1-9935-eeee0a9a8a76.OPERATION#flowable-async-job-executor-thread-5068#
[PublishConfigurationEntriesStep] No public provided dependencies for publishing#
#2026 06 07 21:33:19.661#Z#DEBUG#45480c39-62b8-11f1-9935-eeee0a9a8a76.OPERATION#flowable-async-job-executor-thread-5068#
Step "Publish Provided Dependencies" finished#
#2026 06 07 21:33:19.712#Z#DEBUG#45480c39-62b8-11f1-9935-eeee0a9a8a76.OPERATION#flowable-async-job-executor-thread-5068#
[CreateOrUpdateServiceBrokerStep] Executing task "createOrUpdateServiceBrokerTask" of process "50d581ba-62b8-11f1-84df-eeee0a853f2d"...#
#2026 06 07 21:33:19.713#Z#DEBUG#45480c39-62b8-11f1-9935-eeee0a9a8a76.OPERATION#flowable-async-job-executor-thread-5068#
[CreateOrUpdateServiceBrokerStep] Creating service brokers...#
#2026 06 07 21:33:19.715#Z#DEBUG#45480c39-62b8-11f1-9935-eeee0a9a8a76.OPERATION#flowable-async-job-executor-thread-5068#
Step "Create Or Update Service Broker " finished#
#2026 06 07 21:33:29.453#Z#DEBUG#45480c39-62b8-11f1-9935-eeee0a9a8a76.OPERATION#flowable-async-job-executor-thread-5075#
[RestartAppStep] Executing task "startAppTask" of process "80907072-62b8-11f1-84df-eeee0a853f2d"...#
#2026 06 07 21:33:29.455#Z#DEBUG#45480c39-62b8-11f1-9935-eeee0a9a8a76.OPERATION#flowable-async-job-executor-thread-5075#
[RestartAppStep] Application start timeout is default one: 3,600 seconds#
#2026 06 07 21:33:29.456#Z#DEBUG#45480c39-62b8-11f1-9935-eeee0a9a8a76.OPERATION#flowable-async-job-executor-thread-5075#
[RestartAppStep] Checking status of application "approval-inbox-srv"...#
#2026 06 07 21:33:29.457#Z#DEBUG#45480c39-62b8-11f1-9935-eeee0a9a8a76.OPERATION#flowable-async-job-executor-thread-5075#
[RestartAppStep] Getting instances for application "approval-inbox-srv"...#
#2026 06 07 21:33:29.523#Z#DEBUG#45480c39-62b8-11f1-9935-eeee0a9a8a76.OPERATION#flowable-async-job-executor-thread-5075#
[RestartAppStep] Application "approval-inbox-srv": 0 of 1 instances running (1 starting)#
#2026 06 07 21:33:29.601#Z#DEBUG#45480c39-62b8-11f1-9935-eeee0a9a8a76.OPERATION#flowable-async-job-executor-thread-5075#
Step "Start App" finished#
#2026 06 07 21:33:39.467#Z#DEBUG#45480c39-62b8-11f1-9935-eeee0a9a8a76.OPERATION#flowable-async-job-executor-thread-5079#
[RestartAppStep] Executing task "startAppTask" of process "868c6c32-62b8-11f1-84df-eeee0a853f2d"...#
#2026 06 07 21:33:39.475#Z#DEBUG#45480c39-62b8-11f1-9935-eeee0a9a8a76.OPERATION#flowable-async-job-executor-thread-5079#
[RestartAppStep] Application start timeout is default one: 3,600 seconds#
#2026 06 07 21:33:39.476#Z#DEBUG#45480c39-62b8-11f1-9935-eeee0a9a8a76.OPERATION#flowable-async-job-executor-thread-5079#
[RestartAppStep] Checking status of application "approval-inbox-srv"...#
#2026 06 07 21:33:39.477#Z#DEBUG#45480c39-62b8-11f1-9935-eeee0a9a8a76.OPERATION#flowable-async-job-executor-thread-5079#
[RestartAppStep] Getting instances for application "approval-inbox-srv"...#
#2026 06 07 21:33:39.542#Z#DEBUG#45480c39-62b8-11f1-9935-eeee0a9a8a76.OPERATION#flowable-async-job-executor-thread-5079#
[RestartAppStep] Application "approval-inbox-srv": 0 of 1 instances running (1 starting)#
#2026 06 07 21:33:39.584#Z#DEBUG#45480c39-62b8-11f1-9935-eeee0a9a8a76.OPERATION#flowable-async-job-executor-thread-5079#
Step "Start App" finished#
#2026 06 07 21:33:49.512#Z#DEBUG#45480c39-62b8-11f1-9935-eeee0a9a8a76.OPERATION#flowable-async-job-executor-thread-1502#
[RestartAppStep] Executing task "startAppTask" of process "8c7fb449-62b8-11f1-84df-eeee0a853f2d"...#
#2026 06 07 21:33:49.515#Z#DEBUG#45480c39-62b8-11f1-9935-eeee0a9a8a76.OPERATION#flowable-async-job-executor-thread-1502#
[RestartAppStep] Application start timeout is default one: 3,600 seconds#
#2026 06 07 21:33:49.516#Z#DEBUG#45480c39-62b8-11f1-9935-eeee0a9a8a76.OPERATION#flowable-async-job-executor-thread-1502#
[RestartAppStep] Checking status of application "approval-inbox-srv"...#
#2026 06 07 21:33:49.517#Z#DEBUG#45480c39-62b8-11f1-9935-eeee0a9a8a76.OPERATION#flowable-async-job-executor-thread-1502#
[RestartAppStep] Getting instances for application "approval-inbox-srv"...#
#2026 06 07 21:33:49.584#Z#DEBUG#45480c39-62b8-11f1-9935-eeee0a9a8a76.OPERATION#flowable-async-job-executor-thread-1502#
[RestartAppStep] Application "approval-inbox-srv": 0 of 1 instances running (1 crashed)#
#2026 06 07 21:33:49.624#Z#ERROR#45480c39-62b8-11f1-9935-eeee0a9a8a76.OPERATION#flowable-async-job-executor-thread-1502#
[RestartAppStep] Error starting application "approval-inbox-srv": Some instances have crashed. Check the application logs of your application for details.#
#2026 06 07 21:33:49.634#Z#INFO#45480c39-62b8-11f1-9935-eeee0a9a8a76.OPERATION#flowable-async-job-executor-thread-1502#
[RestartAppStep] Download the MTA operation logs for more details.#
#2026 06 07 21:33:49.651#Z#DEBUG#45480c39-62b8-11f1-9935-eeee0a9a8a76.OPERATION#flowable-async-job-executor-thread-1502#
Step "Start App" finished#
#2026 06 07 21:33:52.229#Z#DEBUG#45480c39-62b8-11f1-9935-eeee0a9a8a76.OPERATION#flowable-async-job-executor-thread-5080#
[RestartAppStep] Executing task "startAppTask" of process "8c7fb449-62b8-11f1-84df-eeee0a853f2d"...#
#2026 06 07 21:33:52.232#Z#DEBUG#45480c39-62b8-11f1-9935-eeee0a9a8a76.OPERATION#flowable-async-job-executor-thread-5080#
[RestartAppStep] Application start timeout is default one: 3,600 seconds#
#2026 06 07 21:33:52.237#Z#DEBUG#45480c39-62b8-11f1-9935-eeee0a9a8a76.OPERATION#flowable-async-job-executor-thread-5080#
[RestartAppStep] Getting application "approval-inbox-srv"...#
#2026 06 07 21:33:52.271#Z#INFO#45480c39-62b8-11f1-9935-eeee0a9a8a76.OPERATION#flowable-async-job-executor-thread-5080#
[RestartAppStep] Stopping application "approval-inbox-srv"...#
#2026 06 07 21:33:52.279#Z#DEBUG#45480c39-62b8-11f1-9935-eeee0a9a8a76.OPERATION#flowable-async-job-executor-thread-5080#
[RestartAppStep] Stopping application "approval-inbox-srv"...#
#2026 06 07 21:33:52.446#Z#INFO#45480c39-62b8-11f1-9935-eeee0a9a8a76.OPERATION#flowable-async-job-executor-thread-5080#
[RestartAppStep] Starting application "approval-inbox-srv"...#
#2026 06 07 21:33:52.454#Z#DEBUG#45480c39-62b8-11f1-9935-eeee0a9a8a76.OPERATION#flowable-async-job-executor-thread-5080#
[RestartAppStep] Starting application "approval-inbox-srv"...#
#2026 06 07 21:33:52.788#Z#DEBUG#45480c39-62b8-11f1-9935-eeee0a9a8a76.OPERATION#flowable-async-job-executor-thread-5080#
Step "Start App" finished#
#2026 06 07 21:33:59.530#Z#DEBUG#45480c39-62b8-11f1-9935-eeee0a9a8a76.OPERATION#flowable-async-job-executor-thread-5083#
[RestartAppStep] Executing task "startAppTask" of process "945e7994-62b8-11f1-84df-eeee0a853f2d"...#
#2026 06 07 21:33:59.532#Z#DEBUG#45480c39-62b8-11f1-9935-eeee0a9a8a76.OPERATION#flowable-async-job-executor-thread-5083#
[RestartAppStep] Application start timeout is default one: 3,600 seconds#
#2026 06 07 21:33:59.533#Z#DEBUG#45480c39-62b8-11f1-9935-eeee0a9a8a76.OPERATION#flowable-async-job-executor-thread-5083#
[RestartAppStep] Checking status of application "approval-inbox-srv"...#
#2026 06 07 21:33:59.533#Z#DEBUG#45480c39-62b8-11f1-9935-eeee0a9a8a76.OPERATION#flowable-async-job-executor-thread-5083#
[RestartAppStep] Getting instances for application "approval-inbox-srv"...#
#2026 06 07 21:33:59.625#Z#DEBUG#45480c39-62b8-11f1-9935-eeee0a9a8a76.OPERATION#flowable-async-job-executor-thread-5083#
[RestartAppStep] Application "approval-inbox-srv": 0 of 1 instances running (1 starting)#
#2026 06 07 21:33:59.661#Z#DEBUG#45480c39-62b8-11f1-9935-eeee0a9a8a76.OPERATION#flowable-async-job-executor-thread-5083#
Step "Start App" finished#
#2026 06 07 21:34:09.545#Z#DEBUG#45480c39-62b8-11f1-9935-eeee0a9a8a76.OPERATION#flowable-async-job-executor-thread-5087#
[RestartAppStep] Executing task "startAppTask" of process "98773638-62b8-11f1-84df-eeee0a853f2d"...#
#2026 06 07 21:34:09.547#Z#DEBUG#45480c39-62b8-11f1-9935-eeee0a9a8a76.OPERATION#flowable-async-job-executor-thread-5087#
[RestartAppStep] Application start timeout is default one: 3,600 seconds#
#2026 06 07 21:34:09.548#Z#DEBUG#45480c39-62b8-11f1-9935-eeee0a9a8a76.OPERATION#flowable-async-job-executor-thread-5087#
[RestartAppStep] Checking status of application "approval-inbox-srv"...#
#2026 06 07 21:34:09.549#Z#DEBUG#45480c39-62b8-11f1-9935-eeee0a9a8a76.OPERATION#flowable-async-job-executor-thread-5087#
[RestartAppStep] Getting instances for application "approval-inbox-srv"...#
#2026 06 07 21:34:09.615#Z#DEBUG#45480c39-62b8-11f1-9935-eeee0a9a8a76.OPERATION#flowable-async-job-executor-thread-5087#
[RestartAppStep] Application "approval-inbox-srv": 0 of 1 instances running (1 starting)#
#2026 06 07 21:34:09.660#Z#DEBUG#45480c39-62b8-11f1-9935-eeee0a9a8a76.OPERATION#flowable-async-job-executor-thread-5087#
Step "Start App" finished#
#2026 06 07 21:34:19.565#Z#DEBUG#45480c39-62b8-11f1-9935-eeee0a9a8a76.OPERATION#flowable-async-job-executor-thread-5094#
[RestartAppStep] Executing task "startAppTask" of process "9e6d3e7b-62b8-11f1-84df-eeee0a853f2d"...#
#2026 06 07 21:34:19.568#Z#DEBUG#45480c39-62b8-11f1-9935-eeee0a9a8a76.OPERATION#flowable-async-job-executor-thread-5094#
[RestartAppStep] Application start timeout is default one: 3,600 seconds#
#2026 06 07 21:34:19.569#Z#DEBUG#45480c39-62b8-11f1-9935-eeee0a9a8a76.OPERATION#flowable-async-job-executor-thread-5094#
[RestartAppStep] Checking status of application "approval-inbox-srv"...#
#2026 06 07 21:34:19.570#Z#DEBUG#45480c39-62b8-11f1-9935-eeee0a9a8a76.OPERATION#flowable-async-job-executor-thread-5094#
[RestartAppStep] Getting instances for application "approval-inbox-srv"...#
#2026 06 07 21:34:19.648#Z#DEBUG#45480c39-62b8-11f1-9935-eeee0a9a8a76.OPERATION#flowable-async-job-executor-thread-5094#
[RestartAppStep] Application "approval-inbox-srv": 0 of 1 instances running (1 starting)#
#2026 06 07 21:34:19.739#Z#DEBUG#45480c39-62b8-11f1-9935-eeee0a9a8a76.OPERATION#flowable-async-job-executor-thread-5094#
Step "Start App" finished#
#2026 06 07 21:34:29.575#Z#DEBUG#45480c39-62b8-11f1-9935-eeee0a9a8a76.OPERATION#flowable-async-job-executor-thread-5096#
[RestartAppStep] Executing task "startAppTask" of process "a46eb85a-62b8-11f1-84df-eeee0a853f2d"...#
#2026 06 07 21:34:29.577#Z#DEBUG#45480c39-62b8-11f1-9935-eeee0a9a8a76.OPERATION#flowable-async-job-executor-thread-5096#
[RestartAppStep] Application start timeout is default one: 3,600 seconds#
#2026 06 07 21:34:29.578#Z#DEBUG#45480c39-62b8-11f1-9935-eeee0a9a8a76.OPERATION#flowable-async-job-executor-thread-5096#
[RestartAppStep] Checking status of application "approval-inbox-srv"...#
#2026 06 07 21:34:29.579#Z#DEBUG#45480c39-62b8-11f1-9935-eeee0a9a8a76.OPERATION#flowable-async-job-executor-thread-5096#
[RestartAppStep] Getting instances for application "approval-inbox-srv"...#
#2026 06 07 21:34:29.650#Z#DEBUG#45480c39-62b8-11f1-9935-eeee0a9a8a76.OPERATION#flowable-async-job-executor-thread-5096#
[RestartAppStep] Application "approval-inbox-srv": 0 of 1 instances running (1 starting)#
#2026 06 07 21:34:29.716#Z#DEBUG#45480c39-62b8-11f1-9935-eeee0a9a8a76.OPERATION#flowable-async-job-executor-thread-5096#
Step "Start App" finished#
#2026 06 07 21:34:39.588#Z#DEBUG#45480c39-62b8-11f1-9935-eeee0a9a8a76.OPERATION#flowable-async-job-executor-thread-5098#
[RestartAppStep] Executing task "startAppTask" of process "aa613e07-62b8-11f1-84df-eeee0a853f2d"...#
#2026 06 07 21:34:39.590#Z#DEBUG#45480c39-62b8-11f1-9935-eeee0a9a8a76.OPERATION#flowable-async-job-executor-thread-5098#
[RestartAppStep] Application start timeout is default one: 3,600 seconds#
#2026 06 07 21:34:39.591#Z#DEBUG#45480c39-62b8-11f1-9935-eeee0a9a8a76.OPERATION#flowable-async-job-executor-thread-5098#
[RestartAppStep] Checking status of application "approval-inbox-srv"...#
#2026 06 07 21:34:39.592#Z#DEBUG#45480c39-62b8-11f1-9935-eeee0a9a8a76.OPERATION#flowable-async-job-executor-thread-5098#
[RestartAppStep] Getting instances for application "approval-inbox-srv"...#
#2026 06 07 21:34:39.667#Z#DEBUG#45480c39-62b8-11f1-9935-eeee0a9a8a76.OPERATION#flowable-async-job-executor-thread-5098#
[RestartAppStep] Application "approval-inbox-srv": 0 of 1 instances running (1 crashed)#
#2026 06 07 21:34:39.714#Z#ERROR#45480c39-62b8-11f1-9935-eeee0a9a8a76.OPERATION#flowable-async-job-executor-thread-5098#
[RestartAppStep] Error starting application "approval-inbox-srv": Some instances have crashed. Check the application logs of your application for details.#
#2026 06 07 21:34:39.727#Z#INFO#45480c39-62b8-11f1-9935-eeee0a9a8a76.OPERATION#flowable-async-job-executor-thread-5098#
[RestartAppStep] Download the MTA operation logs for more details.#
#2026 06 07 21:34:39.736#Z#DEBUG#45480c39-62b8-11f1-9935-eeee0a9a8a76.OPERATION#flowable-async-job-executor-thread-5098#
Step "Start App" finished#
#2026 06 07 21:34:41.502#Z#DEBUG#45480c39-62b8-11f1-9935-eeee0a9a8a76.OPERATION#flowable-async-job-executor-thread-5099#
[RestartAppStep] Executing task "startAppTask" of process "aa613e07-62b8-11f1-84df-eeee0a853f2d"...#
#2026 06 07 21:34:41.505#Z#DEBUG#45480c39-62b8-11f1-9935-eeee0a9a8a76.OPERATION#flowable-async-job-executor-thread-5099#
[RestartAppStep] Application start timeout is default one: 3,600 seconds#
#2026 06 07 21:34:41.595#Z#DEBUG#45480c39-62b8-11f1-9935-eeee0a9a8a76.OPERATION#flowable-async-job-executor-thread-5099#
[RestartAppStep] Getting application "approval-inbox-srv"...#
#2026 06 07 21:34:41.652#Z#INFO#45480c39-62b8-11f1-9935-eeee0a9a8a76.OPERATION#flowable-async-job-executor-thread-5099#
[RestartAppStep] Stopping application "approval-inbox-srv"...#
#2026 06 07 21:34:41.661#Z#DEBUG#45480c39-62b8-11f1-9935-eeee0a9a8a76.OPERATION#flowable-async-job-executor-thread-5099#
[RestartAppStep] Stopping application "approval-inbox-srv"...#
#2026 06 07 21:34:41.831#Z#INFO#45480c39-62b8-11f1-9935-eeee0a9a8a76.OPERATION#flowable-async-job-executor-thread-5099#
[RestartAppStep] Starting application "approval-inbox-srv"...#
#2026 06 07 21:34:41.842#Z#DEBUG#45480c39-62b8-11f1-9935-eeee0a9a8a76.OPERATION#flowable-async-job-executor-thread-5099#
[RestartAppStep] Starting application "approval-inbox-srv"...#
#2026 06 07 21:34:42.187#Z#DEBUG#45480c39-62b8-11f1-9935-eeee0a9a8a76.OPERATION#flowable-async-job-executor-thread-5099#
Step "Start App" finished#
#2026 06 07 21:34:49.609#Z#DEBUG#45480c39-62b8-11f1-9935-eeee0a9a8a76.OPERATION#flowable-async-job-executor-thread-5101#
[RestartAppStep] Executing task "startAppTask" of process "b1d02a87-62b8-11f1-84df-eeee0a853f2d"...#
#2026 06 07 21:34:49.611#Z#DEBUG#45480c39-62b8-11f1-9935-eeee0a9a8a76.OPERATION#flowable-async-job-executor-thread-5101#
[RestartAppStep] Application start timeout is default one: 3,600 seconds#
#2026 06 07 21:34:49.612#Z#DEBUG#45480c39-62b8-11f1-9935-eeee0a9a8a76.OPERATION#flowable-async-job-executor-thread-5101#
[RestartAppStep] Checking status of application "approval-inbox-srv"...#
#2026 06 07 21:34:49.614#Z#DEBUG#45480c39-62b8-11f1-9935-eeee0a9a8a76.OPERATION#flowable-async-job-executor-thread-5101#
[RestartAppStep] Getting instances for application "approval-inbox-srv"...#
#2026 06 07 21:34:49.663#Z#DEBUG#45480c39-62b8-11f1-9935-eeee0a9a8a76.OPERATION#flowable-async-job-executor-thread-5101#
[RestartAppStep] Application "approval-inbox-srv": 0 of 1 instances running (1 starting)#
#2026 06 07 21:34:49.747#Z#DEBUG#45480c39-62b8-11f1-9935-eeee0a9a8a76.OPERATION#flowable-async-job-executor-thread-5101#
Step "Start App" finished#
#2026 06 07 21:34:59.619#Z#DEBUG#45480c39-62b8-11f1-9935-eeee0a9a8a76.OPERATION#flowable-async-job-executor-thread-5103#
[RestartAppStep] Executing task "startAppTask" of process "b651bb14-62b8-11f1-84df-eeee0a853f2d"...#
#2026 06 07 21:34:59.626#Z#DEBUG#45480c39-62b8-11f1-9935-eeee0a9a8a76.OPERATION#flowable-async-job-executor-thread-5103#
[RestartAppStep] Application start timeout is default one: 3,600 seconds#
#2026 06 07 21:34:59.627#Z#DEBUG#45480c39-62b8-11f1-9935-eeee0a9a8a76.OPERATION#flowable-async-job-executor-thread-5103#
[RestartAppStep] Checking status of application "approval-inbox-srv"...#
#2026 06 07 21:34:59.628#Z#DEBUG#45480c39-62b8-11f1-9935-eeee0a9a8a76.OPERATION#flowable-async-job-executor-thread-5103#
[RestartAppStep] Getting instances for application "approval-inbox-srv"...#
#2026 06 07 21:34:59.695#Z#DEBUG#45480c39-62b8-11f1-9935-eeee0a9a8a76.OPERATION#flowable-async-job-executor-thread-5103#
[RestartAppStep] Application "approval-inbox-srv": 0 of 1 instances running (1 starting)#
#2026 06 07 21:34:59.765#Z#DEBUG#45480c39-62b8-11f1-9935-eeee0a9a8a76.OPERATION#flowable-async-job-executor-thread-5103#
Step "Start App" finished#
#2026 06 07 21:35:09.634#Z#DEBUG#45480c39-62b8-11f1-9935-eeee0a9a8a76.OPERATION#flowable-async-job-executor-thread-5105#
[RestartAppStep] Executing task "startAppTask" of process "bc4a5b41-62b8-11f1-84df-eeee0a853f2d"...#
#2026 06 07 21:35:09.637#Z#DEBUG#45480c39-62b8-11f1-9935-eeee0a9a8a76.OPERATION#flowable-async-job-executor-thread-5105#
[RestartAppStep] Application start timeout is default one: 3,600 seconds#
#2026 06 07 21:35:09.637#Z#DEBUG#45480c39-62b8-11f1-9935-eeee0a9a8a76.OPERATION#flowable-async-job-executor-thread-5105#
[RestartAppStep] Checking status of application "approval-inbox-srv"...#
#2026 06 07 21:35:09.638#Z#DEBUG#45480c39-62b8-11f1-9935-eeee0a9a8a76.OPERATION#flowable-async-job-executor-thread-5105#
[RestartAppStep] Getting instances for application "approval-inbox-srv"...#
#2026 06 07 21:35:09.711#Z#DEBUG#45480c39-62b8-11f1-9935-eeee0a9a8a76.OPERATION#flowable-async-job-executor-thread-5105#
[RestartAppStep] Application "approval-inbox-srv": 0 of 1 instances running (1 starting)#
#2026 06 07 21:35:09.785#Z#DEBUG#45480c39-62b8-11f1-9935-eeee0a9a8a76.OPERATION#flowable-async-job-executor-thread-5105#
Step "Start App" finished#
#2026 06 07 21:35:19.647#Z#DEBUG#45480c39-62b8-11f1-9935-eeee0a9a8a76.OPERATION#flowable-async-job-executor-thread-5107#
[RestartAppStep] Executing task "startAppTask" of process "c243709e-62b8-11f1-84df-eeee0a853f2d"...#
#2026 06 07 21:35:19.649#Z#DEBUG#45480c39-62b8-11f1-9935-eeee0a9a8a76.OPERATION#flowable-async-job-executor-thread-5107#
[RestartAppStep] Application start timeout is default one: 3,600 seconds#
#2026 06 07 21:35:19.651#Z#DEBUG#45480c39-62b8-11f1-9935-eeee0a9a8a76.OPERATION#flowable-async-job-executor-thread-5107#
[RestartAppStep] Checking status of application "approval-inbox-srv"...#
#2026 06 07 21:35:19.652#Z#DEBUG#45480c39-62b8-11f1-9935-eeee0a9a8a76.OPERATION#flowable-async-job-executor-thread-5107#
[RestartAppStep] Getting instances for application "approval-inbox-srv"...#
#2026 06 07 21:35:19.719#Z#DEBUG#45480c39-62b8-11f1-9935-eeee0a9a8a76.OPERATION#flowable-async-job-executor-thread-5107#
[RestartAppStep] Application "approval-inbox-srv": 0 of 1 instances running (1 starting)#
#2026 06 07 21:35:19.758#Z#DEBUG#45480c39-62b8-11f1-9935-eeee0a9a8a76.OPERATION#flowable-async-job-executor-thread-5107#
Step "Start App" finished#
#2026 06 07 21:35:29.661#Z#DEBUG#45480c39-62b8-11f1-9935-eeee0a9a8a76.OPERATION#flowable-async-job-executor-thread-5109#
[RestartAppStep] Executing task "startAppTask" of process "c8350beb-62b8-11f1-84df-eeee0a853f2d"...#
#2026 06 07 21:35:29.663#Z#DEBUG#45480c39-62b8-11f1-9935-eeee0a9a8a76.OPERATION#flowable-async-job-executor-thread-5109#
[RestartAppStep] Application start timeout is default one: 3,600 seconds#
#2026 06 07 21:35:29.664#Z#DEBUG#45480c39-62b8-11f1-9935-eeee0a9a8a76.OPERATION#flowable-async-job-executor-thread-5109#
[RestartAppStep] Checking status of application "approval-inbox-srv"...#
#2026 06 07 21:35:29.665#Z#DEBUG#45480c39-62b8-11f1-9935-eeee0a9a8a76.OPERATION#flowable-async-job-executor-thread-5109#
[RestartAppStep] Getting instances for application "approval-inbox-srv"...#
#2026 06 07 21:35:29.742#Z#DEBUG#45480c39-62b8-11f1-9935-eeee0a9a8a76.OPERATION#flowable-async-job-executor-thread-5109#
[RestartAppStep] Application "approval-inbox-srv": 0 of 1 instances running (1 crashed)#
#2026 06 07 21:35:29.781#Z#ERROR#45480c39-62b8-11f1-9935-eeee0a9a8a76.OPERATION#flowable-async-job-executor-thread-5109#
[RestartAppStep] Error starting application "approval-inbox-srv": Some instances have crashed. Check the application logs of your application for details.#
#2026 06 07 21:35:29.789#Z#INFO#45480c39-62b8-11f1-9935-eeee0a9a8a76.OPERATION#flowable-async-job-executor-thread-5109#
[RestartAppStep] Download the MTA operation logs for more details.#
#2026 06 07 21:35:29.797#Z#DEBUG#45480c39-62b8-11f1-9935-eeee0a9a8a76.OPERATION#flowable-async-job-executor-thread-5109#
Step "Start App" finished#
#2026 06 07 21:35:30.876#Z#DEBUG#45480c39-62b8-11f1-9935-eeee0a9a8a76.OPERATION#flowable-async-job-executor-thread-1508#
[RestartAppStep] Executing task "startAppTask" of process "c8350beb-62b8-11f1-84df-eeee0a853f2d"...#
#2026 06 07 21:35:30.881#Z#DEBUG#45480c39-62b8-11f1-9935-eeee0a9a8a76.OPERATION#flowable-async-job-executor-thread-1508#
[RestartAppStep] Application start timeout is default one: 3,600 seconds#
#2026 06 07 21:35:30.973#Z#DEBUG#45480c39-62b8-11f1-9935-eeee0a9a8a76.OPERATION#flowable-async-job-executor-thread-1508#
[RestartAppStep] Getting application "approval-inbox-srv"...#
#2026 06 07 21:35:31.029#Z#INFO#45480c39-62b8-11f1-9935-eeee0a9a8a76.OPERATION#flowable-async-job-executor-thread-1508#
[RestartAppStep] Stopping application "approval-inbox-srv"...#
#2026 06 07 21:35:31.040#Z#DEBUG#45480c39-62b8-11f1-9935-eeee0a9a8a76.OPERATION#flowable-async-job-executor-thread-1508#
[RestartAppStep] Stopping application "approval-inbox-srv"...#
#2026 06 07 21:35:31.191#Z#INFO#45480c39-62b8-11f1-9935-eeee0a9a8a76.OPERATION#flowable-async-job-executor-thread-1508#
[RestartAppStep] Starting application "approval-inbox-srv"...#
#2026 06 07 21:35:31.206#Z#DEBUG#45480c39-62b8-11f1-9935-eeee0a9a8a76.OPERATION#flowable-async-job-executor-thread-1508#
[RestartAppStep] Starting application "approval-inbox-srv"...#
#2026 06 07 21:35:31.536#Z#DEBUG#45480c39-62b8-11f1-9935-eeee0a9a8a76.OPERATION#flowable-async-job-executor-thread-1508#
Step "Start App" finished#
#2026 06 07 21:35:39.677#Z#DEBUG#45480c39-62b8-11f1-9935-eeee0a9a8a76.OPERATION#flowable-async-job-executor-thread-5111#
[RestartAppStep] Executing task "startAppTask" of process "cf3b248c-62b8-11f1-9935-eeee0a9a8a76"...#
#2026 06 07 21:35:39.679#Z#DEBUG#45480c39-62b8-11f1-9935-eeee0a9a8a76.OPERATION#flowable-async-job-executor-thread-5111#
[RestartAppStep] Application start timeout is default one: 3,600 seconds#
#2026 06 07 21:35:39.759#Z#DEBUG#45480c39-62b8-11f1-9935-eeee0a9a8a76.OPERATION#flowable-async-job-executor-thread-5111#
[RestartAppStep] Checking status of application "approval-inbox-srv"...#
#2026 06 07 21:35:39.760#Z#DEBUG#45480c39-62b8-11f1-9935-eeee0a9a8a76.OPERATION#flowable-async-job-executor-thread-5111#
[RestartAppStep] Getting instances for application "approval-inbox-srv"...#
#2026 06 07 21:35:39.838#Z#DEBUG#45480c39-62b8-11f1-9935-eeee0a9a8a76.OPERATION#flowable-async-job-executor-thread-5111#
[RestartAppStep] Application "approval-inbox-srv": 0 of 1 instances running (1 starting)#
#2026 06 07 21:35:39.914#Z#DEBUG#45480c39-62b8-11f1-9935-eeee0a9a8a76.OPERATION#flowable-async-job-executor-thread-5111#
Step "Start App" finished#
#2026 06 07 21:35:49.691#Z#DEBUG#45480c39-62b8-11f1-9935-eeee0a9a8a76.OPERATION#flowable-async-job-executor-thread-5113#
[RestartAppStep] Executing task "startAppTask" of process "d4389bbd-62b8-11f1-84df-eeee0a853f2d"...#
#2026 06 07 21:35:49.693#Z#DEBUG#45480c39-62b8-11f1-9935-eeee0a9a8a76.OPERATION#flowable-async-job-executor-thread-5113#
[RestartAppStep] Application start timeout is default one: 3,600 seconds#
#2026 06 07 21:35:49.694#Z#DEBUG#45480c39-62b8-11f1-9935-eeee0a9a8a76.OPERATION#flowable-async-job-executor-thread-5113#
[RestartAppStep] Checking status of application "approval-inbox-srv"...#
#2026 06 07 21:35:49.694#Z#DEBUG#45480c39-62b8-11f1-9935-eeee0a9a8a76.OPERATION#flowable-async-job-executor-thread-5113#
[RestartAppStep] Getting instances for application "approval-inbox-srv"...#
#2026 06 07 21:35:49.770#Z#DEBUG#45480c39-62b8-11f1-9935-eeee0a9a8a76.OPERATION#flowable-async-job-executor-thread-5113#
[RestartAppStep] Application "approval-inbox-srv": 0 of 1 instances running (1 starting)#
#2026 06 07 21:35:49.815#Z#DEBUG#45480c39-62b8-11f1-9935-eeee0a9a8a76.OPERATION#flowable-async-job-executor-thread-5113#
Step "Start App" finished#
#2026 06 07 21:35:59.713#Z#DEBUG#45480c39-62b8-11f1-9935-eeee0a9a8a76.OPERATION#flowable-async-job-executor-thread-5115#
[RestartAppStep] Executing task "startAppTask" of process "da1f619a-62b8-11f1-84df-eeee0a853f2d"...#
#2026 06 07 21:35:59.715#Z#DEBUG#45480c39-62b8-11f1-9935-eeee0a9a8a76.OPERATION#flowable-async-job-executor-thread-5115#
[RestartAppStep] Application start timeout is default one: 3,600 seconds#
#2026 06 07 21:35:59.716#Z#DEBUG#45480c39-62b8-11f1-9935-eeee0a9a8a76.OPERATION#flowable-async-job-executor-thread-5115#
[RestartAppStep] Checking status of application "approval-inbox-srv"...#
#2026 06 07 21:35:59.717#Z#DEBUG#45480c39-62b8-11f1-9935-eeee0a9a8a76.OPERATION#flowable-async-job-executor-thread-5115#
[RestartAppStep] Getting instances for application "approval-inbox-srv"...#
#2026 06 07 21:35:59.774#Z#DEBUG#45480c39-62b8-11f1-9935-eeee0a9a8a76.OPERATION#flowable-async-job-executor-thread-5115#
[RestartAppStep] Application "approval-inbox-srv": 0 of 1 instances running (1 starting)#
#2026 06 07 21:35:59.807#Z#DEBUG#45480c39-62b8-11f1-9935-eeee0a9a8a76.OPERATION#flowable-async-job-executor-thread-5115#
Step "Start App" finished#
#2026 06 07 21:36:09.728#Z#DEBUG#45480c39-62b8-11f1-9935-eeee0a9a8a76.OPERATION#flowable-async-job-executor-thread-5117#
[RestartAppStep] Executing task "startAppTask" of process "e0140a27-62b8-11f1-84df-eeee0a853f2d"...#
#2026 06 07 21:36:09.730#Z#DEBUG#45480c39-62b8-11f1-9935-eeee0a9a8a76.OPERATION#flowable-async-job-executor-thread-5117#
[RestartAppStep] Application start timeout is default one: 3,600 seconds#
#2026 06 07 21:36:09.731#Z#DEBUG#45480c39-62b8-11f1-9935-eeee0a9a8a76.OPERATION#flowable-async-job-executor-thread-5117#
[RestartAppStep] Checking status of application "approval-inbox-srv"...#
#2026 06 07 21:36:09.732#Z#DEBUG#45480c39-62b8-11f1-9935-eeee0a9a8a76.OPERATION#flowable-async-job-executor-thread-5117#
[RestartAppStep] Getting instances for application "approval-inbox-srv"...#
#2026 06 07 21:36:09.804#Z#DEBUG#45480c39-62b8-11f1-9935-eeee0a9a8a76.OPERATION#flowable-async-job-executor-thread-5117#
[RestartAppStep] Application "approval-inbox-srv": 0 of 1 instances running (1 starting)#
#2026 06 07 21:36:09.884#Z#DEBUG#45480c39-62b8-11f1-9935-eeee0a9a8a76.OPERATION#flowable-async-job-executor-thread-5117#
Step "Start App" finished#
#2026 06 07 21:36:19.743#Z#DEBUG#45480c39-62b8-11f1-9935-eeee0a9a8a76.OPERATION#flowable-async-job-executor-thread-5119#
[RestartAppStep] Executing task "startAppTask" of process "e61582f4-62b8-11f1-84df-eeee0a853f2d"...#
#2026 06 07 21:36:19.745#Z#DEBUG#45480c39-62b8-11f1-9935-eeee0a9a8a76.OPERATION#flowable-async-job-executor-thread-5119#
[RestartAppStep] Application start timeout is default one: 3,600 seconds#
#2026 06 07 21:36:19.746#Z#DEBUG#45480c39-62b8-11f1-9935-eeee0a9a8a76.OPERATION#flowable-async-job-executor-thread-5119#
[RestartAppStep] Checking status of application "approval-inbox-srv"...#
#2026 06 07 21:36:19.747#Z#DEBUG#45480c39-62b8-11f1-9935-eeee0a9a8a76.OPERATION#flowable-async-job-executor-thread-5119#
[RestartAppStep] Getting instances for application "approval-inbox-srv"...#
#2026 06 07 21:36:19.828#Z#DEBUG#45480c39-62b8-11f1-9935-eeee0a9a8a76.OPERATION#flowable-async-job-executor-thread-5119#
[RestartAppStep] Application "approval-inbox-srv": 0 of 1 instances running (1 crashed)#
#2026 06 07 21:36:19.870#Z#ERROR#45480c39-62b8-11f1-9935-eeee0a9a8a76.OPERATION#flowable-async-job-executor-thread-5119#
[RestartAppStep] Error starting application "approval-inbox-srv": Some instances have crashed. Check the application logs of your application for details.#
#2026 06 07 21:36:19.894#Z#INFO#45480c39-62b8-11f1-9935-eeee0a9a8a76.OPERATION#flowable-async-job-executor-thread-5119#
[RestartAppStep] Download the MTA operation logs for more details.#
#2026 06 07 21:36:19.905#Z#DEBUG#45480c39-62b8-11f1-9935-eeee0a9a8a76.OPERATION#flowable-async-job-executor-thread-5119#
Step "Start App" finished#
